الوحدة التدريبية,المرحلة التدريبية,القسم,التخصص,فعالية البرنامج,المقررات,الوحدات المعتمدة,الفصل التدريبي,عدد المقررات المطلوبة,عدد الوحدات المطلوبة,المقرر,اسم المقرر,محاضرة,عملي
الكلية التقنية,بكالوريوس,الحاسب وتقنية المعلومات,الأمن السيبراني,برامج مفعله,27,77,الفصل التدريبي الأول ,7,20,احصا-303,الإحصاء والاحتمالات,3,0
كلية الاتصالات والمعلومات,بكالوريوس,الحاسب وتقنية المعلومات,الأمن السيبراني,برامج مفعله,27,77,الفصل التدريبي الأول ,7,20,احصا-303,الإحصاء والاحتمالات,3,0
كلية الاتصالات والإلكترونيات,بكالوريوس,الحاسب وتقنية المعلومات,الأمن السيبراني,برامج مفعله,27,77,الفصل التدريبي الأول ,7,20,احصا-303,الإحصاء والاحتمالات,3,0
الكلية التقنية,بكالوريوس,الحاسب وتقنية المعلومات,الأمن السيبراني,برامج مفعله,27,77,الفصل التدريبي الأول ,7,20,انجل-301,لغة انجليزية1,4,0
كلية الاتصالات والإلكترونيات,بكالوريوس,الحاسب وتقنية المعلومات,الأمن السيبراني,برامج مفعله,27,77,الفصل التدريبي الأول ,7,20,انجل-301,لغة انجليزية1,4,0
كلية الاتصالات والمعلومات,بكالوريوس,الحاسب وتقنية المعلومات,الأمن السيبراني,برامج مفعله,27,77,الفصل التدريبي الأول ,7,20,انجل-301,لغة انجليزية1,4,0
كلية الاتصالات والإلكترونيات,بكالوريوس,الحاسب وتقنية المعلومات,الأمن السيبراني,برامج مفعله,27,77,الفصل التدريبي الأول ,7,20,رياض-304,رياضيات تطبيقية,3,0
الكلية التقنية,بكالوريوس,الحاسب وتقنية المعلومات,الأمن السيبراني,برامج مفعله,27,77,الفصل التدريبي الأول ,7,20,رياض-304,رياضيات تطبيقية,3,0
كلية الاتصالات والمعلومات,بكالوريوس,الحاسب وتقنية المعلومات,الأمن السيبراني,برامج مفعله,27,77,الفصل التدريبي الأول ,7,20,رياض-304,رياضيات تطبيقية,3,0
كلية الاتصالات والمعلومات,بكالوريوس,الحاسب وتقنية المعلومات,الأمن السيبراني,برامج مفعله,27,77,الفصل التدريبي الأول ,7,20,سيبر-321,أساسيات الأمن السيبراني,1,2
كلية الاتصالات والإلكترونيات,بكالوريوس,الحاسب وتقنية المعلومات,الأمن السيبراني,برامج مفعله,27,77,الفصل التدريبي الأول ,7,20,سيبر-321,أساسيات الأمن السيبراني,1,2
الكلية التقنية,بكالوريوس,الحاسب وتقنية المعلومات,الأمن السيبراني,برامج مفعله,27,77,الفصل التدريبي الأول ,7,20,سيبر-321,أساسيات الأمن السيبراني,1,2
كلية الاتصالات والإلكترونيات,بكالوريوس,الحاسب وتقنية المعلومات,الأمن السيبراني,برامج مفعله,27,77,الفصل التدريبي الأول ,7,20,سيبر-351,مبادئ برمجة الحاسب,2,2
كلية الاتصالات والمعلومات,بكالوريوس,الحاسب وتقنية المعلومات,الأمن السيبراني,برامج مفعله,27,77,الفصل التدريبي الأول ,7,20,سيبر-351,مبادئ برمجة الحاسب,2,2
الكلية التقنية,بكالوريوس,الحاسب وتقنية المعلومات,الأمن السيبراني,برامج مفعله,27,77,الفصل التدريبي الأول ,7,20,سيبر-351,مبادئ برمجة الحاسب,2,2
كلية الاتصالات والإلكترونيات,بكالوريوس,الحاسب وتقنية المعلومات,الأمن السيبراني,برامج مفعله,27,77,الفصل التدريبي الأول ,7,20,شبكا-313,شبكات الحاسب,2,2
الكلية التقنية,بكالوريوس,الحاسب وتقنية المعلومات,الأمن السيبراني,برامج مفعله,27,77,الفصل التدريبي الأول ,7,20,شبكا-313,شبكات الحاسب,2,2
كلية الاتصالات والمعلومات,بكالوريوس,الحاسب وتقنية المعلومات,الأمن السيبراني,برامج مفعله,27,77,الفصل التدريبي الأول ,7,20,شبكا-313,شبكات الحاسب,2,2
الكلية التقنية,بكالوريوس,الحاسب وتقنية المعلومات,الأمن السيبراني,برامج مفعله,27,77,الفصل التدريبي الأول ,7,20,نشبك-312,أساسيات إدارة أنظمة الشبكات,2,2
كلية الاتصالات والمعلومات,بكالوريوس,الحاسب وتقنية المعلومات,الأمن السيبراني,برامج مفعله,27,77,الفصل التدريبي الأول ,7,20,نشبك-312,أساسيات إدارة أنظمة الشبكات,2,2
كلية الاتصالات والإلكترونيات,بكالوريوس,الحاسب وتقنية المعلومات,الأمن السيبراني,برامج مفعله,27,77,الفصل التدريبي الأول ,7,20,نشبك-312,أساسيات إدارة أنظمة الشبكات,2,2
كلية الاتصالات والمعلومات,بكالوريوس,الحاسب وتقنية المعلومات,الأمن السيبراني,برامج مفعله,27,77,الفصل التدريبي الثالث ,7,20,سيبر-423,اختبار الاختراق,2,2
الكلية التقنية,بكالوريوس,الحاسب وتقنية المعلومات,الأمن السيبراني,برامج مفعله,27,77,الفصل التدريبي الثالث ,7,20,سيبر-423,اختبار الاختراق,2,2
كلية الاتصالات والإلكترونيات,بكالوريوس,الحاسب وتقنية المعلومات,الأمن السيبراني,برامج مفعله,27,77,الفصل التدريبي الثالث ,7,20,سيبر-423,اختبار الاختراق,2,2
كلية الاتصالات والمعلومات,بكالوريوس,الحاسب وتقنية المعلومات,الأمن السيبراني,برامج مفعله,27,77,الفصل التدريبي الثالث ,7,20,سيبر-431,إدارة أمن المعلومات,2,2
كلية الاتصالات والإلكترونيات,بكالوريوس,الحاسب وتقنية المعلومات,الأمن السيبراني,برامج مفعله,27,77,الفصل التدريبي الثالث ,7,20,سيبر-431,إدارة أمن المعلومات,2,2
الكلية التقنية,بكالوريوس,الحاسب وتقنية المعلومات,الأمن السيبراني,برامج مفعله,27,77,الفصل التدريبي الثالث ,7,20,سيبر-431,إدارة أمن المعلومات,2,2
الكلية التقنية,بكالوريوس,الحاسب وتقنية المعلومات,الأمن السيبراني,برامج مفعله,27,77,الفصل التدريبي الثالث ,7,20,سيبر-442,التقنيات المتقدمة في أمن الشبكات,2,2
كلية الاتصالات والمعلومات,بكالوريوس,الحاسب وتقنية المعلومات,الأمن السيبراني,برامج مفعله,27,77,الفصل التدريبي الثالث ,7,20,سيبر-442,التقنيات المتقدمة في أمن الشبكات,2,2
كلية الاتصالات والإلكترونيات,بكالوريوس,الحاسب وتقنية المعلومات,الأمن السيبراني,برامج مفعله,27,77,الفصل التدريبي الثالث ,7,20,سيبر-442,التقنيات المتقدمة في أمن الشبكات,2,2
كلية الاتصالات والمعلومات,بكالوريوس,الحاسب وتقنية المعلومات,الأمن السيبراني,برامج مفعله,27,77,الفصل التدريبي الثالث ,7,20,سيبر-444,أمن الحوسبة السحابية و الأنظمة التخيلية,2,2
كلية الاتصالات والإلكترونيات,بكالوريوس,الحاسب وتقنية المعلومات,الأمن السيبراني,برامج مفعله,27,77,الفصل التدريبي الثالث ,7,20,سيبر-444,أمن الحوسبة السحابية و الأنظمة التخيلية,2,2
الكلية التقنية,بكالوريوس,الحاسب وتقنية المعلومات,الأمن السيبراني,برامج مفعله,27,77,الفصل التدريبي الثالث ,7,20,سيبر-444,أمن الحوسبة السحابية و الأنظمة التخيلية,2,2
كلية الاتصالات والإلكترونيات,بكالوريوس,الحاسب وتقنية المعلومات,الأمن السيبراني,برامج مفعله,27,77,الفصل التدريبي الثالث ,7,20,سيبر-453,تأمين تطوير البرمجيات,2,2
الكلية التقنية,بكالوريوس,الحاسب وتقنية المعلومات,الأمن السيبراني,برامج مفعله,27,77,الفصل التدريبي الثالث ,7,20,سيبر-453,تأمين تطوير البرمجيات,2,2
كلية الاتصالات والمعلومات,بكالوريوس,الحاسب وتقنية المعلومات,الأمن السيبراني,برامج مفعله,27,77,الفصل التدريبي الثالث ,7,20,سيبر-453,تأمين تطوير البرمجيات,2,2
الكلية التقنية,بكالوريوس,الحاسب وتقنية المعلومات,الأمن السيبراني,برامج مفعله,27,77,الفصل التدريبي الثالث ,7,20,عامة-402,إدارة المشاريع الهندسية,3,0
كلية الاتصالات والمعلومات,بكالوريوس,الحاسب وتقنية المعلومات,الأمن السيبراني,برامج مفعله,27,77,الفصل التدريبي الثالث ,7,20,عامة-402,إدارة المشاريع الهندسية,3,0
كلية الاتصالات والإلكترونيات,بكالوريوس,الحاسب وتقنية المعلومات,الأمن السيبراني,برامج مفعله,27,77,الفصل التدريبي الثالث ,7,20,عامة-402,إدارة المشاريع الهندسية,3,0
كلية الاتصالات والمعلومات,بكالوريوس,الحاسب وتقنية المعلومات,الأمن السيبراني,برامج مفعله,27,77,الفصل التدريبي الثالث ,7,20,عامة-405,إقتصاد هندسي,2,0
الكلية التقنية,بكالوريوس,الحاسب وتقنية المعلومات,الأمن السيبراني,برامج مفعله,27,77,الفصل التدريبي الثالث ,7,20,عامة-405,إقتصاد هندسي,2,0
كلية الاتصالات والإلكترونيات,بكالوريوس,الحاسب وتقنية المعلومات,الأمن السيبراني,برامج مفعله,27,77,الفصل التدريبي الثالث ,7,20,عامة-405,إقتصاد هندسي,2,0
كلية الاتصالات والمعلومات,بكالوريوس,الحاسب وتقنية المعلومات,الأمن السيبراني,برامج مفعله,27,77,الفصل التدريبي الثاني ,6,18,انجل-302,لغة انجليزية 2,4,0
الكلية التقنية,بكالوريوس,الحاسب وتقنية المعلومات,الأمن السيبراني,برامج مفعله,27,77,الفصل التدريبي الثاني ,6,18,انجل-302,لغة انجليزية 2,4,0
كلية الاتصالات والإلكترونيات,بكالوريوس,الحاسب وتقنية المعلومات,الأمن السيبراني,برامج مفعله,27,77,الفصل التدريبي الثاني ,6,18,انجل-302,لغة انجليزية 2,4,0
كلية الاتصالات والمعلومات,بكالوريوس,الحاسب وتقنية المعلومات,الأمن السيبراني,برامج مفعله,27,77,الفصل التدريبي الثاني ,6,18,سيبر-312,أمن أنظمة التشغيل,2,2
كلية الاتصالات والإلكترونيات,بكالوريوس,الحاسب وتقنية المعلومات,الأمن السيبراني,برامج مفعله,27,77,الفصل التدريبي الثاني ,6,18,سيبر-312,أمن أنظمة التشغيل,2,2
الكلية التقنية,بكالوريوس,الحاسب وتقنية المعلومات,الأمن السيبراني,برامج مفعله,27,77,الفصل التدريبي الثاني ,6,18,سيبر-312,أمن أنظمة التشغيل,2,2
كلية الاتصالات والمعلومات,بكالوريوس,الحاسب وتقنية المعلومات,الأمن السيبراني,برامج مفعله,27,77,الفصل التدريبي الثاني ,6,18,سيبر-322,التشفير التطبيقي,3,0
الكلية التقنية,بكالوريوس,الحاسب وتقنية المعلومات,الأمن السيبراني,برامج مفعله,27,77,الفصل التدريبي الثاني ,6,18,سيبر-322,التشفير التطبيقي,3,0
كلية الاتصالات والإلكترونيات,بكالوريوس,الحاسب وتقنية المعلومات,الأمن السيبراني,برامج مفعله,27,77,الفصل التدريبي الثاني ,6,18,سيبر-322,التشفير التطبيقي,3,0
كلية الاتصالات والمعلومات,بكالوريوس,الحاسب وتقنية المعلومات,الأمن السيبراني,برامج مفعله,27,77,الفصل التدريبي الثاني ,6,18,سيبر-352,برمجة متقدمة,2,2
كلية الاتصالات والإلكترونيات,بكالوريوس,الحاسب وتقنية المعلومات,الأمن السيبراني,برامج مفعله,27,77,الفصل التدريبي الثاني ,6,18,سيبر-352,برمجة متقدمة,2,2
الكلية التقنية,بكالوريوس,الحاسب وتقنية المعلومات,الأمن السيبراني,برامج مفعله,27,77,الفصل التدريبي الثاني ,6,18,سيبر-352,برمجة متقدمة,2,2
كلية الاتصالات والمعلومات,بكالوريوس,الحاسب وتقنية المعلومات,الأمن السيبراني,برامج مفعله,27,77,الفصل التدريبي الثاني ,6,18,سيبر-441,أمن الشبكات والاتصالات,2,2
كلية الاتصالات والإلكترونيات,بكالوريوس,الحاسب وتقنية المعلومات,الأمن السيبراني,برامج مفعله,27,77,الفصل التدريبي الثاني ,6,18,سيبر-441,أمن الشبكات والاتصالات,2,2
الكلية التقنية,بكالوريوس,الحاسب وتقنية المعلومات,الأمن السيبراني,برامج مفعله,27,77,الفصل التدريبي الثاني ,6,18,سيبر-441,أمن الشبكات والاتصالات,2,2
كلية الاتصالات والإلكترونيات,بكالوريوس,الحاسب وتقنية المعلومات,الأمن السيبراني,برامج مفعله,27,77,الفصل التدريبي الثاني ,6,18,نشبك-444,أنظمة شبكات المصادر المفتوحة,2,2
كلية الاتصالات والمعلومات,بكالوريوس,الحاسب وتقنية المعلومات,الأمن السيبراني,برامج مفعله,27,77,الفصل التدريبي الثاني ,6,18,نشبك-444,أنظمة شبكات المصادر المفتوحة,2,2
الكلية التقنية,بكالوريوس,الحاسب وتقنية المعلومات,الأمن السيبراني,برامج مفعله,27,77,الفصل التدريبي الثاني ,6,18,نشبك-444,أنظمة شبكات المصادر المفتوحة,2,2
كلية الاتصالات والمعلومات,بكالوريوس,الحاسب وتقنية المعلومات,الأمن السيبراني,برامج مفعله,27,77,الفصل التدريبي الرابع ,7,19, سيبر-472,أمن الأنظمة المدمجة,2,2
كلية الاتصالات والإلكترونيات,بكالوريوس,الحاسب وتقنية المعلومات,الأمن السيبراني,برامج مفعله,27,77,الفصل التدريبي الرابع ,7,19, سيبر-472,أمن الأنظمة المدمجة,2,2
الكلية التقنية,بكالوريوس,الحاسب وتقنية المعلومات,الأمن السيبراني,برامج مفعله,27,77,الفصل التدريبي الرابع ,7,19, سيبر-472,أمن الأنظمة المدمجة,2,2
كلية الاتصالات والمعلومات,بكالوريوس,الحاسب وتقنية المعلومات,الأمن السيبراني,برامج مفعله,27,77,الفصل التدريبي الرابع ,7,19, سيبر-482,موضوعات متقدمة في الأمن,2,2
الكلية التقنية,بكالوريوس,الحاسب وتقنية المعلومات,الأمن السيبراني,برامج مفعله,27,77,الفصل التدريبي الرابع ,7,19, سيبر-482,موضوعات متقدمة في الأمن,2,2
كلية الاتصالات والإلكترونيات,بكالوريوس,الحاسب وتقنية المعلومات,الأمن السيبراني,برامج مفعله,27,77,الفصل التدريبي الرابع ,7,19, سيبر-482,موضوعات متقدمة في الأمن,2,2
كلية الاتصالات والإلكترونيات,بكالوريوس,الحاسب وتقنية المعلومات,الأمن السيبراني,برامج مفعله,27,77,الفصل التدريبي الرابع ,7,19,سيبر-424,الفحص الجنائي الرقمي,2,2
كلية الاتصالات والمعلومات,بكالوريوس,الحاسب وتقنية المعلومات,الأمن السيبراني,برامج مفعله,27,77,الفصل التدريبي الرابع ,7,19,سيبر-424,الفحص الجنائي الرقمي,2,2
الكلية التقنية,بكالوريوس,الحاسب وتقنية المعلومات,الأمن السيبراني,برامج مفعله,27,77,الفصل التدريبي الرابع ,7,19,سيبر-424,الفحص الجنائي الرقمي,2,2
كلية الاتصالات والمعلومات,بكالوريوس,الحاسب وتقنية المعلومات,الأمن السيبراني,برامج مفعله,27,77,الفصل التدريبي الرابع ,7,19,سيبر-432,إدارة المخاطر والإستجابة للحوداث,2,2
الكلية التقنية,بكالوريوس,الحاسب وتقنية المعلومات,الأمن السيبراني,برامج مفعله,27,77,الفصل التدريبي الرابع ,7,19,سيبر-432,إدارة المخاطر والإستجابة للحوداث,2,2
كلية الاتصالات والإلكترونيات,بكالوريوس,الحاسب وتقنية المعلومات,الأمن السيبراني,برامج مفعله,27,77,الفصل التدريبي الرابع ,7,19,سيبر-432,إدارة المخاطر والإستجابة للحوداث,2,2
كلية الاتصالات والمعلومات,بكالوريوس,الحاسب وتقنية المعلومات,الأمن السيبراني,برامج مفعله,27,77,الفصل التدريبي الرابع ,7,19,سيبر-443,أمن الشبكات اللاسلكية,2,2
كلية الاتصالات والإلكترونيات,بكالوريوس,الحاسب وتقنية المعلومات,الأمن السيبراني,برامج مفعله,27,77,الفصل التدريبي الرابع ,7,19,سيبر-443,أمن الشبكات اللاسلكية,2,2
الكلية التقنية,بكالوريوس,الحاسب وتقنية المعلومات,الأمن السيبراني,برامج مفعله,27,77,الفصل التدريبي الرابع ,7,19,سيبر-443,أمن الشبكات اللاسلكية,2,2
الكلية التقنية,بكالوريوس,الحاسب وتقنية المعلومات,الأمن السيبراني,برامج مفعله,27,77,الفصل التدريبي الرابع ,7,19,سيبر-461,الأخلاقيات و قانون الأمن السيبراني,2,0
كلية الاتصالات والمعلومات,بكالوريوس,الحاسب وتقنية المعلومات,الأمن السيبراني,برامج مفعله,27,77,الفصل التدريبي الرابع ,7,19,سيبر-461,الأخلاقيات و قانون الأمن السيبراني,2,0
كلية الاتصالات والإلكترونيات,بكالوريوس,الحاسب وتقنية المعلومات,الأمن السيبراني,برامج مفعله,27,77,الفصل التدريبي الرابع ,7,19,سيبر-461,الأخلاقيات و قانون الأمن السيبراني,2,0
كلية الاتصالات والمعلومات,بكالوريوس,الحاسب وتقنية المعلومات,الأمن السيبراني,برامج مفعله,27,77,الفصل التدريبي الرابع ,7,19,سيبر-471,الحوسبة الموثوقة,2,2
كلية الاتصالات والإلكترونيات,بكالوريوس,الحاسب وتقنية المعلومات,الأمن السيبراني,برامج مفعله,27,77,الفصل التدريبي الرابع ,7,19,سيبر-471,الحوسبة الموثوقة,2,2
الكلية التقنية,بكالوريوس,الحاسب وتقنية المعلومات,الأمن السيبراني,برامج مفعله,27,77,الفصل التدريبي الرابع ,7,19,سيبر-471,الحوسبة الموثوقة,2,2
الكلية التقنية,بكالوريوس,الحاسب وتقنية المعلومات,الأمن السيبراني,برامج مفعله,27,77,الفصل التدريبي الرابع ,7,19,سيبر-481,أمن إنترنت الأشياء,2,2
كلية الاتصالات والإلكترونيات,بكالوريوس,الحاسب وتقنية المعلومات,الأمن السيبراني,برامج مفعله,27,77,الفصل التدريبي الرابع ,7,19,سيبر-481,أمن إنترنت الأشياء,2,2
كلية الاتصالات والمعلومات,بكالوريوس,الحاسب وتقنية المعلومات,الأمن السيبراني,برامج مفعله,27,77,الفصل التدريبي الرابع ,7,19,سيبر-481,أمن إنترنت الأشياء,2,2
كلية الاتصالات والإلكترونيات,بكالوريوس,الحاسب وتقنية المعلومات,الأمن السيبراني,برامج مفعله,27,77,الفصل التدريبي الرابع ,7,19,سيبر-491,مشروع التخرج,1,2
الكلية التقنية,بكالوريوس,الحاسب وتقنية المعلومات,الأمن السيبراني,برامج مفعله,27,77,الفصل التدريبي الرابع ,7,19,سيبر-491,مشروع التخرج,1,2
كلية الاتصالات والمعلومات,بكالوريوس,الحاسب وتقنية المعلومات,الأمن السيبراني,برامج مفعله,27,77,الفصل التدريبي الرابع ,7,19,سيبر-491,مشروع التخرج,1,2
الكلية التقنية,بكالوريوس,التقنية المدنية والمعمارية,الهندسة المدنية التطبيقية,برامج مفعله,30,77,الفصل التدريبي الأول ,7,19,انجل-301,لغة انجليزية1,4,0
الكلية التقنية,بكالوريوس,التقنية المدنية والمعمارية,الهندسة المدنية التطبيقية,برامج مفعله,30,77,الفصل التدريبي الأول ,7,19,رياض-301,رياضيات1,3,0
الكلية التقنية,بكالوريوس,التقنية المدنية والمعمارية,الهندسة المدنية التطبيقية,برامج مفعله,30,77,الفصل التدريبي الأول ,7,19,فيزي-301,فيزياء,2,2
الكلية التقنية,بكالوريوس,التقنية المدنية والمعمارية,الهندسة المدنية التطبيقية,برامج مفعله,30,77,الفصل التدريبي الأول ,7,19,يشيد-311,ميكانيكا التربة,2,2
الكلية التقنية,بكالوريوس,التقنية المدنية والمعمارية,الهندسة المدنية التطبيقية,برامج مفعله,30,77,الفصل التدريبي الأول ,7,19,يشيد-312,خواص مواد البناء,2,2
الكلية التقنية,بكالوريوس,التقنية المدنية والمعمارية,الهندسة المدنية التطبيقية,برامج مفعله,30,77,الفصل التدريبي الأول ,7,19,يشيد-321,رسم معماري,2,0
الكلية التقنية,بكالوريوس,التقنية المدنية والمعمارية,الهندسة المدنية التطبيقية,برامج مفعله,30,77,الفصل التدريبي الأول ,7,19,يشيد-373,الهدرولوجيا والتصرف في المياه,2,0
الكلية التقنية,بكالوريوس,التقنية المدنية والمعمارية,الهندسة المدنية التطبيقية,برامج مفعله,30,77,الفصل التدريبي الثالث ,8,21, يشيد-404,أساليب السلامة في المباني,2,0
الكلية التقنية,بكالوريوس,التقنية المدنية والمعمارية,الهندسة المدنية التطبيقية,برامج مفعله,30,77,الفصل التدريبي الثالث ,8,21, يشيد-433,تصميم الخرسانة سابقة الاجهاد,2,0
الكلية التقنية,بكالوريوس,التقنية المدنية والمعمارية,الهندسة المدنية التطبيقية,برامج مفعله,30,77,الفصل التدريبي الثالث ,8,21,عامة-402,إدارة المشاريع الهندسية,3,0
الكلية التقنية,بكالوريوس,التقنية المدنية والمعمارية,الهندسة المدنية التطبيقية,برامج مفعله,30,77,الفصل التدريبي الثالث ,8,21,عامة-404,أدوات الجودة و تطبيقاتها,3,0
الكلية التقنية,بكالوريوس,التقنية المدنية والمعمارية,الهندسة المدنية التطبيقية,برامج مفعله,30,77,الفصل التدريبي الثالث ,8,21,يشيد-372,تحليل وتصميم الاساسات,2,2
الكلية التقنية,بكالوريوس,التقنية المدنية والمعمارية,الهندسة المدنية التطبيقية,برامج مفعله,30,77,الفصل التدريبي الثالث ,8,21,يشيد-374,هيدروليكا,2,0
الكلية التقنية,بكالوريوس,التقنية المدنية والمعمارية,الهندسة المدنية التطبيقية,برامج مفعله,30,77,الفصل التدريبي الثالث ,8,21,يشيد-463,تطبيقات الحاسب الآلي في ادارة,2,0
الكلية التقنية,بكالوريوس,التقنية المدنية والمعمارية,الهندسة المدنية التطبيقية,برامج مفعله,30,77,الفصل التدريبي الثالث ,8,21,يشيد-464,هندسة الرصف والطرق,2,2
الكلية التقنية,بكالوريوس,التقنية المدنية والمعمارية,الهندسة المدنية التطبيقية,برامج مفعله,30,77,الفصل التدريبي الثالث ,8,21,يشيد-473,عيوب التصميم والترميم,3,0
الكلية التقنية,بكالوريوس,التقنية المدنية والمعمارية,الهندسة المدنية التطبيقية,برامج مفعله,30,77,الفصل التدريبي الثالث ,8,21,يشيد-486,استدامة المباني,2,0
الكلية التقنية,بكالوريوس,التقنية المدنية والمعمارية,الهندسة المدنية التطبيقية,برامج مفعله,30,77,الفصل التدريبي الثاني ,7,20,احصا-303,الإحصاء والاحتمالات,3,0
الكلية التقنية,بكالوريوس,التقنية المدنية والمعمارية,الهندسة المدنية التطبيقية,برامج مفعله,30,77,الفصل التدريبي الثاني ,7,20,انجل-302,لغة انجليزية 2,4,0
الكلية التقنية,بكالوريوس,التقنية المدنية والمعمارية,الهندسة المدنية التطبيقية,برامج مفعله,30,77,الفصل التدريبي الثاني ,7,20,رياض-302,رياضيات2,3,0
الكلية التقنية,بكالوريوس,التقنية المدنية والمعمارية,الهندسة المدنية التطبيقية,برامج مفعله,30,77,الفصل التدريبي الثاني ,7,20,فيزي-361,فيزياء 1,2,2
الكلية التقنية,بكالوريوس,التقنية المدنية والمعمارية,الهندسة المدنية التطبيقية,برامج مفعله,30,77,الفصل التدريبي الثاني ,7,20,يشيد-334,تحليل انشائي,2,2
الكلية التقنية,بكالوريوس,التقنية المدنية والمعمارية,الهندسة المدنية التطبيقية,برامج مفعله,30,77,الفصل التدريبي الثاني ,7,20,يشيد-341,مساحة متقدمة,2,2
الكلية التقنية,بكالوريوس,التقنية المدنية والمعمارية,الهندسة المدنية التطبيقية,برامج مفعله,30,77,الفصل التدريبي الثاني ,7,20,يشيد-381,رسم إنشائي,2,0
الكلية التقنية,بكالوريوس,التقنية المدنية والمعمارية,الهندسة المدنية التطبيقية,برامج مفعله,30,77,الفصل التدريبي الرابع ,8,17, يشيد-405,استخدام النفايات في التشييد,2,0
الكلية التقنية,بكالوريوس,التقنية المدنية والمعمارية,الهندسة المدنية التطبيقية,برامج مفعله,30,77,الفصل التدريبي الرابع ,8,17, يشيد-435,تقنيات الخرسانة المتقدمة,2,0
الكلية التقنية,بكالوريوس,التقنية المدنية والمعمارية,الهندسة المدنية التطبيقية,برامج مفعله,30,77,الفصل التدريبي الرابع ,8,17,عامة-403,مهارات الإتصال,2,0
الكلية التقنية,بكالوريوس,التقنية المدنية والمعمارية,الهندسة المدنية التطبيقية,برامج مفعله,30,77,الفصل التدريبي الرابع ,8,17,عامة-405,إقتصاد هندسي,2,0
الكلية التقنية,بكالوريوس,التقنية المدنية والمعمارية,الهندسة المدنية التطبيقية,برامج مفعله,30,77,الفصل التدريبي الرابع ,8,17,يشيد-403,اخلاقيات مهنة المهندس,2,0
الكلية التقنية,بكالوريوس,التقنية المدنية والمعمارية,الهندسة المدنية التطبيقية,برامج مفعله,30,77,الفصل التدريبي الرابع ,8,17,يشيد-431,تصميم الإنشاءات المعدنية,2,0
الكلية التقنية,بكالوريوس,التقنية المدنية والمعمارية,الهندسة المدنية التطبيقية,برامج مفعله,30,77,الفصل التدريبي الرابع ,8,17,يشيد-465,نمذجة معلومات البناء,2,0
الكلية التقنية,بكالوريوس,التقنية المدنية والمعمارية,الهندسة المدنية التطبيقية,برامج مفعله,30,77,الفصل التدريبي الرابع ,8,17,يشيد-475,هندسة ميكانيكية وكهربائية,2,0
الكلية التقنية,بكالوريوس,التقنية المدنية والمعمارية,الهندسة المدنية التطبيقية,برامج مفعله,30,77,الفصل التدريبي الرابع ,8,17,يشيد-476,تصميم الانشاءات الخرسانية,2,2
الكلية التقنية,بكالوريوس,التقنية المدنية والمعمارية,الهندسة المدنية التطبيقية,برامج مفعله,30,77,الفصل التدريبي الرابع ,8,17,يشيد-491,مشروع التخرج,1,2
الكلية التقنية,بكالوريوس,تقنية السياحة والضيافة,إدارة الضيافة,برامج مفعله,23,66,الفصل التدريبي الأول ,6,17,اسلم-301,فقه المعاملات,2,0
كلية السياحة و الفندقة,بكالوريوس,تقنية السياحة والضيافة,إدارة الضيافة,برامج مفعله,23,66,الفصل التدريبي الأول ,6,17,اسلم-301,فقه المعاملات,2,0
الكلية التقنية,بكالوريوس,تقنية السياحة والضيافة,إدارة الضيافة,برامج مفعله,23,66,الفصل التدريبي الأول ,6,17,اقصد-301,مبادئ الاقتصاد,3,0
كلية السياحة و الفندقة,بكالوريوس,تقنية السياحة والضيافة,إدارة الضيافة,برامج مفعله,23,66,الفصل التدريبي الأول ,6,17,اقصد-301,مبادئ الاقتصاد,3,0
الكلية التقنية,بكالوريوس,تقنية السياحة والضيافة,إدارة الضيافة,برامج مفعله,23,66,الفصل التدريبي الأول ,6,17,انجل-301,لغة انجليزية1,4,0
كلية السياحة و الفندقة,بكالوريوس,تقنية السياحة والضيافة,إدارة الضيافة,برامج مفعله,23,66,الفصل التدريبي الأول ,6,17,انجل-301,لغة انجليزية1,4,0
كلية السياحة و الفندقة,بكالوريوس,تقنية السياحة والضيافة,إدارة الضيافة,برامج مفعله,23,66,الفصل التدريبي الأول ,6,17,فندق-321,إدارة الأغذية والمشروبات,2,2
الكلية التقنية,بكالوريوس,تقنية السياحة والضيافة,إدارة الضيافة,برامج مفعله,23,66,الفصل التدريبي الأول ,6,17,فندق-321,إدارة الأغذية والمشروبات,2,2
كلية السياحة و الفندقة,بكالوريوس,تقنية السياحة والضيافة,إدارة الضيافة,برامج مفعله,23,66,الفصل التدريبي الأول ,6,17,فندق-331,إدارة مرافق الضيافة,2,2
الكلية التقنية,بكالوريوس,تقنية السياحة والضيافة,إدارة الضيافة,برامج مفعله,23,66,الفصل التدريبي الأول ,6,17,فندق-331,إدارة مرافق الضيافة,2,2
الكلية التقنية,بكالوريوس,تقنية السياحة والضيافة,إدارة الضيافة,برامج مفعله,23,66,الفصل التدريبي الأول ,6,17,محسب-301,مبادئ المحاسبة,3,0
كلية السياحة و الفندقة,بكالوريوس,تقنية السياحة والضيافة,إدارة الضيافة,برامج مفعله,23,66,الفصل التدريبي الأول ,6,17,محسب-301,مبادئ المحاسبة,3,0
كلية السياحة و الفندقة,بكالوريوس,تقنية السياحة والضيافة,إدارة الضيافة,برامج مفعله,23,66,الفصل التدريبي الثالث ,6,17, فندق-467,عمليات السفن السياحية,4,0
الكلية التقنية,بكالوريوس,تقنية السياحة والضيافة,إدارة الضيافة,برامج مفعله,23,66,الفصل التدريبي الثالث ,6,17, فندق-467,عمليات السفن السياحية,4,0
الكلية التقنية,بكالوريوس,تقنية السياحة والضيافة,إدارة الضيافة,برامج مفعله,23,66,الفصل التدريبي الثالث ,6,17,ادار-435,القيادة الإدارية,2,2
كلية السياحة و الفندقة,بكالوريوس,تقنية السياحة والضيافة,إدارة الضيافة,برامج مفعله,23,66,الفصل التدريبي الثالث ,6,17,ادار-435,القيادة الإدارية,2,2
كلية السياحة و الفندقة,بكالوريوس,تقنية السياحة والضيافة,إدارة الضيافة,برامج مفعله,23,66,الفصل التدريبي الثالث ,6,17,عربي-301,مهارات الكتابة الفنية,2,0
الكلية التقنية,بكالوريوس,تقنية السياحة والضيافة,إدارة الضيافة,برامج مفعله,23,66,الفصل التدريبي الثالث ,6,17,عربي-301,مهارات الكتابة الفنية,2,0
الكلية التقنية,بكالوريوس,تقنية السياحة والضيافة,إدارة الضيافة,برامج مفعله,23,66,الفصل التدريبي الثالث ,6,17,فندق-441,الإدارة المالية في الضيافة,4,0
كلية السياحة و الفندقة,بكالوريوس,تقنية السياحة والضيافة,إدارة الضيافة,برامج مفعله,23,66,الفصل التدريبي الثالث ,6,17,فندق-441,الإدارة المالية في الضيافة,4,0
كلية السياحة و الفندقة,بكالوريوس,تقنية السياحة والضيافة,إدارة الضيافة,برامج مفعله,23,66,الفصل التدريبي الثالث ,6,17,فندق-451,التسويق الإلكتروني في الضيافة,2,2
الكلية التقنية,بكالوريوس,تقنية السياحة والضيافة,إدارة الضيافة,برامج مفعله,23,66,الفصل التدريبي الثالث ,6,17,فندق-451,التسويق الإلكتروني في الضيافة,2,2
كلية السياحة و الفندقة,بكالوريوس,تقنية السياحة والضيافة,إدارة الضيافة,برامج مفعله,23,66,الفصل التدريبي الثالث ,6,17,فندق-465,إدارة المنتجعات,4,0
الكلية التقنية,بكالوريوس,تقنية السياحة والضيافة,إدارة الضيافة,برامج مفعله,23,66,الفصل التدريبي الثالث ,6,17,فندق-465,إدارة المنتجعات,4,0
الكلية التقنية,بكالوريوس,تقنية السياحة والضيافة,إدارة الضيافة,برامج مفعله,23,66,الفصل التدريبي الثالث ,6,17,فندق-471,إدارة عمليات الخدمة,4,0
كلية السياحة و الفندقة,بكالوريوس,تقنية السياحة والضيافة,إدارة الضيافة,برامج مفعله,23,66,الفصل التدريبي الثالث ,6,17,فندق-471,إدارة عمليات الخدمة,4,0
كلية السياحة و الفندقة,بكالوريوس,تقنية السياحة والضيافة,إدارة الضيافة,برامج مفعله,23,66,الفصل التدريبي الثاني ,6,18,احصا-303,الإحصاء والاحتمالات,3,0
الكلية التقنية,بكالوريوس,تقنية السياحة والضيافة,إدارة الضيافة,برامج مفعله,23,66,الفصل التدريبي الثاني ,6,18,احصا-303,الإحصاء والاحتمالات,3,0
كلية السياحة و الفندقة,بكالوريوس,تقنية السياحة والضيافة,إدارة الضيافة,برامج مفعله,23,66,الفصل التدريبي الثاني ,6,18,ادار-392,طرق البحث,2,2
الكلية التقنية,بكالوريوس,تقنية السياحة والضيافة,إدارة الضيافة,برامج مفعله,23,66,الفصل التدريبي الثاني ,6,18,ادار-392,طرق البحث,2,2
الكلية التقنية,بكالوريوس,تقنية السياحة والضيافة,إدارة الضيافة,برامج مفعله,23,66,الفصل التدريبي الثاني ,6,18,انجل-302,لغة انجليزية 2,4,0
كلية السياحة و الفندقة,بكالوريوس,تقنية السياحة والضيافة,إدارة الضيافة,برامج مفعله,23,66,الفصل التدريبي الثاني ,6,18,انجل-302,لغة انجليزية 2,4,0
الكلية التقنية,بكالوريوس,تقنية السياحة والضيافة,إدارة الضيافة,برامج مفعله,23,66,الفصل التدريبي الثاني ,6,18,فندق-322,إدارة التموين,2,2
كلية السياحة و الفندقة,بكالوريوس,تقنية السياحة والضيافة,إدارة الضيافة,برامج مفعله,23,66,الفصل التدريبي الثاني ,6,18,فندق-322,إدارة التموين,2,2
الكلية التقنية,بكالوريوس,تقنية السياحة والضيافة,إدارة الضيافة,برامج مفعله,23,66,الفصل التدريبي الثاني ,6,18,فندق-325,مراقبة تكلفة الأغذية والمشروبا,2,2
كلية السياحة و الفندقة,بكالوريوس,تقنية السياحة والضيافة,إدارة الضيافة,برامج مفعله,23,66,الفصل التدريبي الثاني ,6,18,فندق-325,مراقبة تكلفة الأغذية والمشروبا,2,2
كلية السياحة و الفندقة,بكالوريوس,تقنية السياحة والضيافة,إدارة الضيافة,برامج مفعله,23,66,الفصل التدريبي الثاني ,6,18,فندق-361,السياحة المستدامة,4,0
الكلية التقنية,بكالوريوس,تقنية السياحة والضيافة,إدارة الضيافة,برامج مفعله,23,66,الفصل التدريبي الثاني ,6,18,فندق-361,السياحة المستدامة,4,0
الكلية التقنية,بكالوريوس,تقنية السياحة والضيافة,إدارة الضيافة,برامج مفعله,23,66,الفصل التدريبي الرابع ,5,14, فندق-481,نظم ولوائح فندقية,3,0
كلية السياحة و الفندقة,بكالوريوس,تقنية السياحة والضيافة,إدارة الضيافة,برامج مفعله,23,66,الفصل التدريبي الرابع ,5,14, فندق-481,نظم ولوائح فندقية,3,0
كلية السياحة و الفندقة,بكالوريوس,تقنية السياحة والضيافة,إدارة الضيافة,برامج مفعله,23,66,الفصل التدريبي الرابع ,5,14,فندق-432,إدارة المخاطر في الضيافة,3,0
الكلية التقنية,بكالوريوس,تقنية السياحة والضيافة,إدارة الضيافة,برامج مفعله,23,66,الفصل التدريبي الرابع ,5,14,فندق-432,إدارة المخاطر في الضيافة,3,0
كلية السياحة و الفندقة,بكالوريوس,تقنية السياحة والضيافة,إدارة الضيافة,برامج مفعله,23,66,الفصل التدريبي الرابع ,5,14,فندق-445,إدارة الإيراد في الضيافة,2,2
الكلية التقنية,بكالوريوس,تقنية السياحة والضيافة,إدارة الضيافة,برامج مفعله,23,66,الفصل التدريبي الرابع ,5,14,فندق-445,إدارة الإيراد في الضيافة,2,2
الكلية التقنية,بكالوريوس,تقنية السياحة والضيافة,إدارة الضيافة,برامج مفعله,23,66,الفصل التدريبي الرابع ,5,14,فندق-475,الإدارة الاستراتيجية في الضياف,2,2
كلية السياحة و الفندقة,بكالوريوس,تقنية السياحة والضيافة,إدارة الضيافة,برامج مفعله,23,66,الفصل التدريبي الرابع ,5,14,فندق-475,الإدارة الاستراتيجية في الضياف,2,2
الكلية التقنية,بكالوريوس,تقنية السياحة والضيافة,إدارة الضيافة,برامج مفعله,23,66,الفصل التدريبي الرابع ,5,14,فندق-477,ادارة الجودة في الضيافة,2,2
كلية السياحة و الفندقة,بكالوريوس,تقنية السياحة والضيافة,إدارة الضيافة,برامج مفعله,23,66,الفصل التدريبي الرابع ,5,14,فندق-477,ادارة الجودة في الضيافة,2,2
الكلية التقنية,بكالوريوس,تقنية السياحة والضيافة,إدارة الضيافة,برامج مفعله,23,66,الفصل التدريبي الرابع ,5,14,فندق-491,مشروع التخرج,1,2
كلية السياحة و الفندقة,بكالوريوس,تقنية السياحة والضيافة,إدارة الضيافة,برامج مفعله,23,66,الفصل التدريبي الرابع ,5,14,فندق-491,مشروع التخرج,1,2
الكلية التقنية,بكالوريوس,تقنية الاعمال,تقنيات محاسبية,برامج مفعله,22,62,الفصل التدريبي الأول ,6,17,ادار-365,ادارة مالية,3,0
الكلية التقنية,بكالوريوس,تقنية الاعمال,تقنيات محاسبية,برامج مفعله,22,62,الفصل التدريبي الأول ,6,17,اقصد-304,اقتصاد كلي,3,0
الكلية التقنية,بكالوريوس,تقنية الاعمال,تقنيات محاسبية,برامج مفعله,22,62,الفصل التدريبي الأول ,6,17,انجل-301,لغة انجليزية1,4,0
الكلية التقنية,بكالوريوس,تقنية الاعمال,تقنيات محاسبية,برامج مفعله,22,62,الفصل التدريبي الأول ,6,17,عربي-301,مهارات الكتابة الفنية,2,0
الكلية التقنية,بكالوريوس,تقنية الاعمال,تقنيات محاسبية,برامج مفعله,22,62,الفصل التدريبي الأول ,6,17,قنون-301,مبادئ القانون,3,0
الكلية التقنية,بكالوريوس,تقنية الاعمال,تقنيات محاسبية,برامج مفعله,22,62,الفصل التدريبي الأول ,6,17,محسب-381,مواضيع معاصرة في المحاسبة,2,2
الكلية التقنية,بكالوريوس,تقنية الاعمال,تقنيات محاسبية,برامج مفعله,22,62,الفصل التدريبي الثالث ,5,14,ادار-435,القيادة الإدارية,2,2
الكلية التقنية,بكالوريوس,تقنية الاعمال,تقنيات محاسبية,برامج مفعله,22,62,الفصل التدريبي الثالث ,5,14,ادار-462,تمويل الشركات,2,2
الكلية التقنية,بكالوريوس,تقنية الاعمال,تقنيات محاسبية,برامج مفعله,22,62,الفصل التدريبي الثالث ,5,14,اقصد-403,نقود وبنوك,3,0
الكلية التقنية,بكالوريوس,تقنية الاعمال,تقنيات محاسبية,برامج مفعله,22,62,الفصل التدريبي الثالث ,5,14,برمج-421,مبادئ قواعد البيانات,1,2
الكلية التقنية,بكالوريوس,تقنية الاعمال,تقنيات محاسبية,برامج مفعله,22,62,الفصل التدريبي الثالث ,5,14,محسب-422,المحاسبة الإدارية,2,2
الكلية التقنية,بكالوريوس,تقنية الاعمال,تقنيات محاسبية,برامج مفعله,22,62,الفصل التدريبي الثاني ,6,17, ادار-439, ادارة العلاقات العامة,2,2
الكلية التقنية,بكالوريوس,تقنية الاعمال,تقنيات محاسبية,برامج مفعله,22,62,الفصل التدريبي الثاني ,6,17,ادار-373,التفكير الابداعي والناقد,2,2
الكلية التقنية,بكالوريوس,تقنية الاعمال,تقنيات محاسبية,برامج مفعله,22,62,الفصل التدريبي الثاني ,6,17,ادار-452,نظم معلومات ادارية,1,4
الكلية التقنية,بكالوريوس,تقنية الاعمال,تقنيات محاسبية,برامج مفعله,22,62,الفصل التدريبي الثاني ,6,17,اسلم-301,فقه المعاملات,2,0
الكلية التقنية,بكالوريوس,تقنية الاعمال,تقنيات محاسبية,برامج مفعله,22,62,الفصل التدريبي الثاني ,6,17,انجل-302,لغة انجليزية 2,4,0
الكلية التقنية,بكالوريوس,تقنية الاعمال,تقنيات محاسبية,برامج مفعله,22,62,الفصل التدريبي الثاني ,6,17,قنون-303,القانون التجاري,3,0
الكلية التقنية,بكالوريوس,تقنية الاعمال,تقنيات محاسبية,برامج مفعله,22,62,الفصل التدريبي الثاني ,6,17,محسب-313,المحاسبة المتقدمة,2,2
الكلية التقنية,بكالوريوس,تقنية الاعمال,تقنيات محاسبية,برامج مفعله,22,62,الفصل التدريبي الرابع ,5,14, محسب-453,المحاسبة في البنوك غير التقليد,2,2
الكلية التقنية,بكالوريوس,تقنية الاعمال,تقنيات محاسبية,برامج مفعله,22,62,الفصل التدريبي الرابع ,5,14, محسب-465,حوكمة الشركات وأخلاقيات الأعما,2,2
الكلية التقنية,بكالوريوس,تقنية الاعمال,تقنيات محاسبية,برامج مفعله,22,62,الفصل التدريبي الرابع ,5,14,محسب-424,نظم معلومات محاسبية,1,4
الكلية التقنية,بكالوريوس,تقنية الاعمال,تقنيات محاسبية,برامج مفعله,22,62,الفصل التدريبي الرابع ,5,14,محسب-463,رقابة  ومراجعة داخلية,2,2
الكلية التقنية,بكالوريوس,تقنية الاعمال,تقنيات محاسبية,برامج مفعله,22,62,الفصل التدريبي الرابع ,5,14,محسب-464,ضرائب وتخطيط ضريبي,2,2
الكلية التقنية,بكالوريوس,تقنية الاعمال,تقنيات محاسبية,برامج مفعله,22,62,الفصل التدريبي الرابع ,5,14,محسب-483,تحليل مالي,2,2
الكلية التقنية,بكالوريوس,تقنية الاعمال,تقنيات محاسبية,برامج مفعله,22,62,الفصل التدريبي الرابع ,5,14,محسب-492,مشروع التخرج,1,2
كلية الاتصالات والإلكترونيات,بكالوريوس,تقنية الاتصالات,تقنية الاتصالات,برامج مفعله,25,73,الفصل التدريبي الأول ,6,18,اتصل-323,برمجة الحاسب المنظمة,2,2
كلية الاتصالات والمعلومات,بكالوريوس,تقنية الاتصالات,تقنية الاتصالات,برامج مفعله,25,73,الفصل التدريبي الأول ,6,18,اتصل-323,برمجة الحاسب المنظمة,2,2
الكلية التقنية,بكالوريوس,تقنية الاتصالات,تقنية الاتصالات,برامج مفعله,25,73,الفصل التدريبي الأول ,6,18,اتصل-323,برمجة الحاسب المنظمة,2,2
كلية الاتصالات والإلكترونيات,بكالوريوس,تقنية الاتصالات,تقنية الاتصالات,برامج مفعله,25,73,الفصل التدريبي الأول ,6,18,اتصل-333,الكترونيات2,2,2
الكلية التقنية,بكالوريوس,تقنية الاتصالات,تقنية الاتصالات,برامج مفعله,25,73,الفصل التدريبي الأول ,6,18,اتصل-333,الكترونيات2,2,2
كلية الاتصالات والمعلومات,بكالوريوس,تقنية الاتصالات,تقنية الاتصالات,برامج مفعله,25,73,الفصل التدريبي الأول ,6,18,اتصل-333,الكترونيات2,2,2
كلية الاتصالات والمعلومات,بكالوريوس,تقنية الاتصالات,تقنية الاتصالات,برامج مفعله,25,73,الفصل التدريبي الأول ,6,18,احصا-303,الإحصاء والاحتمالات,3,0
كلية الاتصالات والإلكترونيات,بكالوريوس,تقنية الاتصالات,تقنية الاتصالات,برامج مفعله,25,73,الفصل التدريبي الأول ,6,18,احصا-303,الإحصاء والاحتمالات,3,0
الكلية التقنية,بكالوريوس,تقنية الاتصالات,تقنية الاتصالات,برامج مفعله,25,73,الفصل التدريبي الأول ,6,18,احصا-303,الإحصاء والاحتمالات,3,0
الكلية التقنية,بكالوريوس,تقنية الاتصالات,تقنية الاتصالات,برامج مفعله,25,73,الفصل التدريبي الأول ,6,18,انجل-301,لغة انجليزية1,4,0
كلية الاتصالات والمعلومات,بكالوريوس,تقنية الاتصالات,تقنية الاتصالات,برامج مفعله,25,73,الفصل التدريبي الأول ,6,18,انجل-301,لغة انجليزية1,4,0
كلية الاتصالات والإلكترونيات,بكالوريوس,تقنية الاتصالات,تقنية الاتصالات,برامج مفعله,25,73,الفصل التدريبي الأول ,6,18,انجل-301,لغة انجليزية1,4,0
الكلية التقنية,بكالوريوس,تقنية الاتصالات,تقنية الاتصالات,برامج مفعله,25,73,الفصل التدريبي الأول ,6,18,رياض-301,رياضيات1,3,0
كلية الاتصالات والمعلومات,بكالوريوس,تقنية الاتصالات,تقنية الاتصالات,برامج مفعله,25,73,الفصل التدريبي الأول ,6,18,رياض-301,رياضيات1,3,0
كلية الاتصالات والإلكترونيات,بكالوريوس,تقنية الاتصالات,تقنية الاتصالات,برامج مفعله,25,73,الفصل التدريبي الأول ,6,18,رياض-301,رياضيات1,3,0
كلية الاتصالات والمعلومات,بكالوريوس,تقنية الاتصالات,تقنية الاتصالات,برامج مفعله,25,73,الفصل التدريبي الأول ,6,18,فيزي-301,فيزياء,2,2
الكلية التقنية,بكالوريوس,تقنية الاتصالات,تقنية الاتصالات,برامج مفعله,25,73,الفصل التدريبي الأول ,6,18,فيزي-301,فيزياء,2,2
كلية الاتصالات والإلكترونيات,بكالوريوس,تقنية الاتصالات,تقنية الاتصالات,برامج مفعله,25,73,الفصل التدريبي الأول ,6,18,فيزي-301,فيزياء,2,2
كلية الاتصالات والمعلومات,بكالوريوس,تقنية الاتصالات,تقنية الاتصالات,برامج مفعله,25,73,الفصل التدريبي الثالث ,7,21, اتصل-467,موضوعات خاصة في الاتصالات,3,0
كلية الاتصالات والإلكترونيات,بكالوريوس,تقنية الاتصالات,تقنية الاتصالات,برامج مفعله,25,73,الفصل التدريبي الثالث ,7,21, اتصل-467,موضوعات خاصة في الاتصالات,3,0
الكلية التقنية,بكالوريوس,تقنية الاتصالات,تقنية الاتصالات,برامج مفعله,25,73,الفصل التدريبي الثالث ,7,21, اتصل-467,موضوعات خاصة في الاتصالات,3,0
الكلية التقنية,بكالوريوس,تقنية الاتصالات,تقنية الاتصالات,برامج مفعله,25,73,الفصل التدريبي الثالث ,7,21,اتصل-424,البرمجة الموجهة كينونياً,2,2
كلية الاتصالات والمعلومات,بكالوريوس,تقنية الاتصالات,تقنية الاتصالات,برامج مفعله,25,73,الفصل التدريبي الثالث ,7,21,اتصل-424,البرمجة الموجهة كينونياً,2,2
كلية الاتصالات والإلكترونيات,بكالوريوس,تقنية الاتصالات,تقنية الاتصالات,برامج مفعله,25,73,الفصل التدريبي الثالث ,7,21,اتصل-424,البرمجة الموجهة كينونياً,2,2
كلية الاتصالات والمعلومات,بكالوريوس,تقنية الاتصالات,تقنية الاتصالات,برامج مفعله,25,73,الفصل التدريبي الثالث ,7,21,اتصل-435,دوائر وانظمة كهربائية,2,2
الكلية التقنية,بكالوريوس,تقنية الاتصالات,تقنية الاتصالات,برامج مفعله,25,73,الفصل التدريبي الثالث ,7,21,اتصل-435,دوائر وانظمة كهربائية,2,2
كلية الاتصالات والإلكترونيات,بكالوريوس,تقنية الاتصالات,تقنية الاتصالات,برامج مفعله,25,73,الفصل التدريبي الثالث ,7,21,اتصل-435,دوائر وانظمة كهربائية,2,2
كلية الاتصالات والمعلومات,بكالوريوس,تقنية الاتصالات,تقنية الاتصالات,برامج مفعله,25,73,الفصل التدريبي الثالث ,7,21,اتصل-460,أنظمة الاتصالات المتنقلة,3,0
الكلية التقنية,بكالوريوس,تقنية الاتصالات,تقنية الاتصالات,برامج مفعله,25,73,الفصل التدريبي الثالث ,7,21,اتصل-460,أنظمة الاتصالات المتنقلة,3,0
كلية الاتصالات والإلكترونيات,بكالوريوس,تقنية الاتصالات,تقنية الاتصالات,برامج مفعله,25,73,الفصل التدريبي الثالث ,7,21,اتصل-460,أنظمة الاتصالات المتنقلة,3,0
كلية الاتصالات والمعلومات,بكالوريوس,تقنية الاتصالات,تقنية الاتصالات,برامج مفعله,25,73,الفصل التدريبي الثالث ,7,21,اتصل-465,نظرية الاتصالات,3,0
الكلية التقنية,بكالوريوس,تقنية الاتصالات,تقنية الاتصالات,برامج مفعله,25,73,الفصل التدريبي الثالث ,7,21,اتصل-465,نظرية الاتصالات,3,0
كلية الاتصالات والإلكترونيات,بكالوريوس,تقنية الاتصالات,تقنية الاتصالات,برامج مفعله,25,73,الفصل التدريبي الثالث ,7,21,اتصل-465,نظرية الاتصالات,3,0
كلية الاتصالات والمعلومات,بكالوريوس,تقنية الاتصالات,تقنية الاتصالات,برامج مفعله,25,73,الفصل التدريبي الثالث ,7,21,اتصل-466,نظرية البيانات والترميز,3,0
الكلية التقنية,بكالوريوس,تقنية الاتصالات,تقنية الاتصالات,برامج مفعله,25,73,الفصل التدريبي الثالث ,7,21,اتصل-466,نظرية البيانات والترميز,3,0
كلية الاتصالات والإلكترونيات,بكالوريوس,تقنية الاتصالات,تقنية الاتصالات,برامج مفعله,25,73,الفصل التدريبي الثالث ,7,21,اتصل-466,نظرية البيانات والترميز,3,0
كلية الاتصالات والمعلومات,بكالوريوس,تقنية الاتصالات,تقنية الاتصالات,برامج مفعله,25,73,الفصل التدريبي الثالث ,7,21,اتصل-469,أنظمة الاتصالات اللاسلكية,3,0
كلية الاتصالات والإلكترونيات,بكالوريوس,تقنية الاتصالات,تقنية الاتصالات,برامج مفعله,25,73,الفصل التدريبي الثالث ,7,21,اتصل-469,أنظمة الاتصالات اللاسلكية,3,0
الكلية التقنية,بكالوريوس,تقنية الاتصالات,تقنية الاتصالات,برامج مفعله,25,73,الفصل التدريبي الثالث ,7,21,اتصل-469,أنظمة الاتصالات اللاسلكية,3,0
الكلية التقنية,بكالوريوس,تقنية الاتصالات,تقنية الاتصالات,برامج مفعله,25,73,الفصل التدريبي الثالث ,7,21,عامة-402,إدارة المشاريع الهندسية,3,0
كلية الاتصالات والإلكترونيات,بكالوريوس,تقنية الاتصالات,تقنية الاتصالات,برامج مفعله,25,73,الفصل التدريبي الثالث ,7,21,عامة-402,إدارة المشاريع الهندسية,3,0
كلية الاتصالات والمعلومات,بكالوريوس,تقنية الاتصالات,تقنية الاتصالات,برامج مفعله,25,73,الفصل التدريبي الثالث ,7,21,عامة-402,إدارة المشاريع الهندسية,3,0
كلية الاتصالات والمعلومات,بكالوريوس,تقنية الاتصالات,تقنية الاتصالات,برامج مفعله,25,73,الفصل التدريبي الثاني ,6,18,اتصل-334,قواعد تحليلة,3,0
الكلية التقنية,بكالوريوس,تقنية الاتصالات,تقنية الاتصالات,برامج مفعله,25,73,الفصل التدريبي الثاني ,6,18,اتصل-334,قواعد تحليلة,3,0
كلية الاتصالات والإلكترونيات,بكالوريوس,تقنية الاتصالات,تقنية الاتصالات,برامج مفعله,25,73,الفصل التدريبي الثاني ,6,18,اتصل-334,قواعد تحليلة,3,0
كلية الاتصالات والإلكترونيات,بكالوريوس,تقنية الاتصالات,تقنية الاتصالات,برامج مفعله,25,73,الفصل التدريبي الثاني ,6,18,اتصل-375,إشارات وأنظمة,3,0
الكلية التقنية,بكالوريوس,تقنية الاتصالات,تقنية الاتصالات,برامج مفعله,25,73,الفصل التدريبي الثاني ,6,18,اتصل-375,إشارات وأنظمة,3,0
كلية الاتصالات والمعلومات,بكالوريوس,تقنية الاتصالات,تقنية الاتصالات,برامج مفعله,25,73,الفصل التدريبي الثاني ,6,18,اتصل-375,إشارات وأنظمة,3,0
كلية الاتصالات والمعلومات,بكالوريوس,تقنية الاتصالات,تقنية الاتصالات,برامج مفعله,25,73,الفصل التدريبي الثاني ,6,18,اتصل-412,مبادئ التحكم الآلي,2,2
كلية الاتصالات والإلكترونيات,بكالوريوس,تقنية الاتصالات,تقنية الاتصالات,برامج مفعله,25,73,الفصل التدريبي الثاني ,6,18,اتصل-412,مبادئ التحكم الآلي,2,2
الكلية التقنية,بكالوريوس,تقنية الاتصالات,تقنية الاتصالات,برامج مفعله,25,73,الفصل التدريبي الثاني ,6,18,اتصل-412,مبادئ التحكم الآلي,2,2
كلية الاتصالات والمعلومات,بكالوريوس,تقنية الاتصالات,تقنية الاتصالات,برامج مفعله,25,73,الفصل التدريبي الثاني ,6,18,انجل-302,لغة انجليزية 2,4,0
كلية الاتصالات والإلكترونيات,بكالوريوس,تقنية الاتصالات,تقنية الاتصالات,برامج مفعله,25,73,الفصل التدريبي الثاني ,6,18,انجل-302,لغة انجليزية 2,4,0
الكلية التقنية,بكالوريوس,تقنية الاتصالات,تقنية الاتصالات,برامج مفعله,25,73,الفصل التدريبي الثاني ,6,18,انجل-302,لغة انجليزية 2,4,0
كلية الاتصالات والمعلومات,بكالوريوس,تقنية الاتصالات,تقنية الاتصالات,برامج مفعله,25,73,الفصل التدريبي الثاني ,6,18,رياض-302,رياضيات2,3,0
الكلية التقنية,بكالوريوس,تقنية الاتصالات,تقنية الاتصالات,برامج مفعله,25,73,الفصل التدريبي الثاني ,6,18,رياض-302,رياضيات2,3,0
كلية الاتصالات والإلكترونيات,بكالوريوس,تقنية الاتصالات,تقنية الاتصالات,برامج مفعله,25,73,الفصل التدريبي الثاني ,6,18,رياض-302,رياضيات2,3,0
كلية الاتصالات والإلكترونيات,بكالوريوس,تقنية الاتصالات,تقنية الاتصالات,برامج مفعله,25,73,الفصل التدريبي الثاني ,6,18,رياض-381,رياضيات هندسية,3,0
الكلية التقنية,بكالوريوس,تقنية الاتصالات,تقنية الاتصالات,برامج مفعله,25,73,الفصل التدريبي الثاني ,6,18,رياض-381,رياضيات هندسية,3,0
كلية الاتصالات والمعلومات,بكالوريوس,تقنية الاتصالات,تقنية الاتصالات,برامج مفعله,25,73,الفصل التدريبي الثاني ,6,18,رياض-381,رياضيات هندسية,3,0
كلية الاتصالات والإلكترونيات,بكالوريوس,تقنية الاتصالات,تقنية الاتصالات,برامج مفعله,25,73,الفصل التدريبي الرابع ,6,16, اتصل-443,نظرية الهوائيات,3,0
الكلية التقنية,بكالوريوس,تقنية الاتصالات,تقنية الاتصالات,برامج مفعله,25,73,الفصل التدريبي الرابع ,6,16, اتصل-443,نظرية الهوائيات,3,0
كلية الاتصالات والمعلومات,بكالوريوس,تقنية الاتصالات,تقنية الاتصالات,برامج مفعله,25,73,الفصل التدريبي الرابع ,6,16, اتصل-443,نظرية الهوائيات,3,0
كلية الاتصالات والإلكترونيات,بكالوريوس,تقنية الاتصالات,تقنية الاتصالات,برامج مفعله,25,73,الفصل التدريبي الرابع ,6,16, اتصل-474,تصميم الرقمي,3,0
الكلية التقنية,بكالوريوس,تقنية الاتصالات,تقنية الاتصالات,برامج مفعله,25,73,الفصل التدريبي الرابع ,6,16, اتصل-474,تصميم الرقمي,3,0
كلية الاتصالات والمعلومات,بكالوريوس,تقنية الاتصالات,تقنية الاتصالات,برامج مفعله,25,73,الفصل التدريبي الرابع ,6,16, اتصل-474,تصميم الرقمي,3,0
كلية الاتصالات والإلكترونيات,بكالوريوس,تقنية الاتصالات,تقنية الاتصالات,برامج مفعله,25,73,الفصل التدريبي الرابع ,6,16,اتصل-404,كهرومعناطيسية,3,0
كلية الاتصالات والمعلومات,بكالوريوس,تقنية الاتصالات,تقنية الاتصالات,برامج مفعله,25,73,الفصل التدريبي الرابع ,6,16,اتصل-404,كهرومعناطيسية,3,0
الكلية التقنية,بكالوريوس,تقنية الاتصالات,تقنية الاتصالات,برامج مفعله,25,73,الفصل التدريبي الرابع ,6,16,اتصل-404,كهرومعناطيسية,3,0
الكلية التقنية,بكالوريوس,تقنية الاتصالات,تقنية الاتصالات,برامج مفعله,25,73,الفصل التدريبي الرابع ,6,16,اتصل-442,أنظمة الاتصالات المتقدمة,3,0
كلية الاتصالات والإلكترونيات,بكالوريوس,تقنية الاتصالات,تقنية الاتصالات,برامج مفعله,25,73,الفصل التدريبي الرابع ,6,16,اتصل-442,أنظمة الاتصالات المتقدمة,3,0
كلية الاتصالات والمعلومات,بكالوريوس,تقنية الاتصالات,تقنية الاتصالات,برامج مفعله,25,73,الفصل التدريبي الرابع ,6,16,اتصل-442,أنظمة الاتصالات المتقدمة,3,0
الكلية التقنية,بكالوريوس,تقنية الاتصالات,تقنية الاتصالات,برامج مفعله,25,73,الفصل التدريبي الرابع ,6,16,اتصل-468,الاتصالات الرقمية,3,0
كلية الاتصالات والمعلومات,بكالوريوس,تقنية الاتصالات,تقنية الاتصالات,برامج مفعله,25,73,الفصل التدريبي الرابع ,6,16,اتصل-468,الاتصالات الرقمية,3,0
كلية الاتصالات والإلكترونيات,بكالوريوس,تقنية الاتصالات,تقنية الاتصالات,برامج مفعله,25,73,الفصل التدريبي الرابع ,6,16,اتصل-468,الاتصالات الرقمية,3,0
الكلية التقنية,بكالوريوس,تقنية الاتصالات,تقنية الاتصالات,برامج مفعله,25,73,الفصل التدريبي الرابع ,6,16,اتصل-473,معالجة البيانات الرقمية,3,0
كلية الاتصالات والإلكترونيات,بكالوريوس,تقنية الاتصالات,تقنية الاتصالات,برامج مفعله,25,73,الفصل التدريبي الرابع ,6,16,اتصل-473,معالجة البيانات الرقمية,3,0
كلية الاتصالات والمعلومات,بكالوريوس,تقنية الاتصالات,تقنية الاتصالات,برامج مفعله,25,73,الفصل التدريبي الرابع ,6,16,اتصل-473,معالجة البيانات الرقمية,3,0
كلية الاتصالات والمعلومات,بكالوريوس,تقنية الاتصالات,تقنية الاتصالات,برامج مفعله,25,73,الفصل التدريبي الرابع ,6,16,اتصل-490,مشروع التخرج,1,2
الكلية التقنية,بكالوريوس,تقنية الاتصالات,تقنية الاتصالات,برامج مفعله,25,73,الفصل التدريبي الرابع ,6,16,اتصل-490,مشروع التخرج,1,2
كلية الاتصالات والإلكترونيات,بكالوريوس,تقنية الاتصالات,تقنية الاتصالات,برامج مفعله,25,73,الفصل التدريبي الرابع ,6,16,اتصل-490,مشروع التخرج,1,2
كلية الاتصالات والإلكترونيات,بكالوريوس,تقنية الاتصالات,تقنية الاتصالات,برامج مفعله,25,73,الفصل التدريبي الرابع ,6,16,عامة-405,إقتصاد هندسي,2,0
الكلية التقنية,بكالوريوس,تقنية الاتصالات,تقنية الاتصالات,برامج مفعله,25,73,الفصل التدريبي الرابع ,6,16,عامة-405,إقتصاد هندسي,2,0
كلية الاتصالات والمعلومات,بكالوريوس,تقنية الاتصالات,تقنية الاتصالات,برامج مفعله,25,73,الفصل التدريبي الرابع ,6,16,عامة-405,إقتصاد هندسي,2,0
الكلية التقنية,بكالوريوس,تقنية الاعمال,تقنية الاعمال,برامج مفعله,22,64,الفصل التدريبي الأول ,6,17,احصا-481,احصاء متقدم,3,0
الكلية التقنية,بكالوريوس,تقنية الاعمال,تقنية الاعمال,برامج مفعله,22,64,الفصل التدريبي الأول ,6,17,ادار-305,إدارة أعمال,2,2
الكلية التقنية,بكالوريوس,تقنية الاعمال,تقنية الاعمال,برامج مفعله,22,64,الفصل التدريبي الأول ,6,17,ادار-365,ادارة مالية,3,0
الكلية التقنية,بكالوريوس,تقنية الاعمال,تقنية الاعمال,برامج مفعله,22,64,الفصل التدريبي الأول ,6,17,انجل-301,لغة انجليزية1,4,0
الكلية التقنية,بكالوريوس,تقنية الاعمال,تقنية الاعمال,برامج مفعله,22,64,الفصل التدريبي الأول ,6,17,عربي-301,مهارات الكتابة الفنية,2,0
الكلية التقنية,بكالوريوس,تقنية الاعمال,تقنية الاعمال,برامج مفعله,22,64,الفصل التدريبي الأول ,6,17,قنون-301,مبادئ القانون,3,0
الكلية التقنية,بكالوريوس,تقنية الاعمال,تقنية الاعمال,برامج مفعله,22,64,الفصل التدريبي الثالث ,5,15, ادار-436,الحوكمة والرقابة الإدارية,2,2
الكلية التقنية,بكالوريوس,تقنية الاعمال,تقنية الاعمال,برامج مفعله,22,64,الفصل التدريبي الثالث ,5,15,ادار-435,القيادة الإدارية,2,2
الكلية التقنية,بكالوريوس,تقنية الاعمال,تقنية الاعمال,برامج مفعله,22,64,الفصل التدريبي الثالث ,5,15,ادار-438,تخطيط وتطوير الموارد البشرية,2,2
الكلية التقنية,بكالوريوس,تقنية الاعمال,تقنية الاعمال,برامج مفعله,22,64,الفصل التدريبي الثالث ,5,15,ادار-444,ادارة المعرفة,2,2
الكلية التقنية,بكالوريوس,تقنية الاعمال,تقنية الاعمال,برامج مفعله,22,64,الفصل التدريبي الثالث ,5,15,ادار-452,نظم معلومات ادارية,1,4
الكلية التقنية,بكالوريوس,تقنية الاعمال,تقنية الاعمال,برامج مفعله,22,64,الفصل التدريبي الثالث ,5,15,ادار-462,تمويل الشركات,2,2
الكلية التقنية,بكالوريوس,تقنية الاعمال,تقنية الاعمال,برامج مفعله,22,64,الفصل التدريبي الثاني ,6,17,ادار-363,الموازنة العامة,2,2
الكلية التقنية,بكالوريوس,تقنية الاعمال,تقنية الاعمال,برامج مفعله,22,64,الفصل التدريبي الثاني ,6,17,ادار-392,طرق البحث,2,2
الكلية التقنية,بكالوريوس,تقنية الاعمال,تقنية الاعمال,برامج مفعله,22,64,الفصل التدريبي الثاني ,6,17,اسلم-301,فقه المعاملات,2,0
الكلية التقنية,بكالوريوس,تقنية الاعمال,تقنية الاعمال,برامج مفعله,22,64,الفصل التدريبي الثاني ,6,17,اقصد-304,اقتصاد كلي,3,0
الكلية التقنية,بكالوريوس,تقنية الاعمال,تقنية الاعمال,برامج مفعله,22,64,الفصل التدريبي الثاني ,6,17,انجل-302,لغة انجليزية 2,4,0
الكلية التقنية,بكالوريوس,تقنية الاعمال,تقنية الاعمال,برامج مفعله,22,64,الفصل التدريبي الثاني ,6,17,محسب-301,مبادئ المحاسبة,3,0
الكلية التقنية,بكالوريوس,تقنية الاعمال,تقنية الاعمال,برامج مفعله,22,64,الفصل التدريبي الرابع ,5,15, ادار-373,التفكير الابداعي والناقد,2,2
الكلية التقنية,بكالوريوس,تقنية الاعمال,تقنية الاعمال,برامج مفعله,22,64,الفصل التدريبي الرابع ,5,15, ادار-439, ادارة العلاقات العامة,2,2
الكلية التقنية,بكالوريوس,تقنية الاعمال,تقنية الاعمال,برامج مفعله,22,64,الفصل التدريبي الرابع ,5,15,ادار-337,السلوك التنظيمي,2,2
الكلية التقنية,بكالوريوس,تقنية الاعمال,تقنية الاعمال,برامج مفعله,22,64,الفصل التدريبي الرابع ,5,15,ادار-445,الادارة الاستراتيجية,1,4
الكلية التقنية,بكالوريوس,تقنية الاعمال,تقنية الاعمال,برامج مفعله,22,64,الفصل التدريبي الرابع ,5,15,ادار-464,تطوير المنظمات,2,2
الكلية التقنية,بكالوريوس,تقنية الاعمال,تقنية الاعمال,برامج مفعله,22,64,الفصل التدريبي الرابع ,5,15,ادار-473,ريادة الأعمال,1,4
الكلية التقنية,بكالوريوس,تقنية الاعمال,تقنية الاعمال,برامج مفعله,22,64,الفصل التدريبي الرابع ,5,15,ادار-492,مشروع التخرج,2,2
الكلية التقنية,بكالوريوس,التقنية الكيميائية,تقنية الانتاج الكيميائي,برامج مفعله,25,68,الفصل التدريبي الأول ,7,20,انجل-301,لغة انجليزية1,4,0
الكلية التقنية,بكالوريوس,التقنية الكيميائية,تقنية الانتاج الكيميائي,برامج مفعله,25,68,الفصل التدريبي الأول ,7,20,رياض-301,رياضيات1,3,0
الكلية التقنية,بكالوريوس,التقنية الكيميائية,تقنية الانتاج الكيميائي,برامج مفعله,25,68,الفصل التدريبي الأول ,7,20,فيزي-301,فيزياء,2,2
الكلية التقنية,بكالوريوس,التقنية الكيميائية,تقنية الانتاج الكيميائي,برامج مفعله,25,68,الفصل التدريبي الأول ,7,20,نكيم-321,رسم العمليات الكيميائية بالكمبيوتر,0,4
الكلية التقنية,بكالوريوس,التقنية الكيميائية,تقنية الانتاج الكيميائي,برامج مفعله,25,68,الفصل التدريبي الأول ,7,20,نكيم-331,العمليات الكيميائية,3,0
الكلية التقنية,بكالوريوس,التقنية الكيميائية,تقنية الانتاج الكيميائي,برامج مفعله,25,68,الفصل التدريبي الأول ,7,20,نكيم-332,كيمياء عضوية,2,4
الكلية التقنية,بكالوريوس,التقنية الكيميائية,تقنية الانتاج الكيميائي,برامج مفعله,25,68,الفصل التدريبي الأول ,7,20,نكيم-341,البتروكيماويات,2,0
الكلية التقنية,بكالوريوس,التقنية الكيميائية,تقنية الانتاج الكيميائي,برامج مفعله,25,68,الفصل التدريبي الثالث ,6,17,عامة-402,إدارة المشاريع الهندسية,3,0
الكلية التقنية,بكالوريوس,التقنية الكيميائية,تقنية الانتاج الكيميائي,برامج مفعله,25,68,الفصل التدريبي الثالث ,6,17,عامة-404,أدوات الجودة و تطبيقاتها,3,0
الكلية التقنية,بكالوريوس,التقنية الكيميائية,تقنية الانتاج الكيميائي,برامج مفعله,25,68,الفصل التدريبي الثالث ,6,17,نكيم-411,هندسة التفاعلات الكيميائية,2,2
الكلية التقنية,بكالوريوس,التقنية الكيميائية,تقنية الانتاج الكيميائي,برامج مفعله,25,68,الفصل التدريبي الثالث ,6,17,نكيم-413,تصميم واقتصاديات العمليات الكيميائية,3,0
الكلية التقنية,بكالوريوس,التقنية الكيميائية,تقنية الانتاج الكيميائي,برامج مفعله,25,68,الفصل التدريبي الثالث ,6,17,نكيم-434,عمليات الفصل المتقدمة,2,2
الكلية التقنية,بكالوريوس,التقنية الكيميائية,تقنية الانتاج الكيميائي,برامج مفعله,25,68,الفصل التدريبي الثالث ,6,17,نكيم-444,معالجة المياه,2,0
الكلية التقنية,بكالوريوس,التقنية الكيميائية,تقنية الانتاج الكيميائي,برامج مفعله,25,68,الفصل التدريبي الثاني ,6,17,احصا-303,الإحصاء والاحتمالات,3,0
الكلية التقنية,بكالوريوس,التقنية الكيميائية,تقنية الانتاج الكيميائي,برامج مفعله,25,68,الفصل التدريبي الثاني ,6,17,انجل-302,لغة انجليزية 2,4,0
الكلية التقنية,بكالوريوس,التقنية الكيميائية,تقنية الانتاج الكيميائي,برامج مفعله,25,68,الفصل التدريبي الثاني ,6,17,رياض-302,رياضيات2,3,0
الكلية التقنية,بكالوريوس,التقنية الكيميائية,تقنية الانتاج الكيميائي,برامج مفعله,25,68,الفصل التدريبي الثاني ,6,17,نكيم-322,التطبيقات الهندسية بالحاسب,0,4
الكلية التقنية,بكالوريوس,التقنية الكيميائية,تقنية الانتاج الكيميائي,برامج مفعله,25,68,الفصل التدريبي الثاني ,6,17,نكيم-333,ثيرموديناميكا,3,0
الكلية التقنية,بكالوريوس,التقنية الكيميائية,تقنية الانتاج الكيميائي,برامج مفعله,25,68,الفصل التدريبي الثاني ,6,17,نكيم-365,انتقال المادة التطبيقي,2,2
الكلية التقنية,بكالوريوس,التقنية الكيميائية,تقنية الانتاج الكيميائي,برامج مفعله,25,68,الفصل التدريبي الرابع ,6,14, نكيم-461,الطاقة المتجددة,2,0
الكلية التقنية,بكالوريوس,التقنية الكيميائية,تقنية الانتاج الكيميائي,برامج مفعله,25,68,الفصل التدريبي الرابع ,6,14,عامة-403,مهارات الإتصال,2,0
الكلية التقنية,بكالوريوس,التقنية الكيميائية,تقنية الانتاج الكيميائي,برامج مفعله,25,68,الفصل التدريبي الرابع ,6,14,نكيم-414,علم البوليمر,3,0
الكلية التقنية,بكالوريوس,التقنية الكيميائية,تقنية الانتاج الكيميائي,برامج مفعله,25,68,الفصل التدريبي الرابع ,6,14,نكيم-424,مهارات الكتابة الفنية,2,0
الكلية التقنية,بكالوريوس,التقنية الكيميائية,تقنية الانتاج الكيميائي,برامج مفعله,25,68,الفصل التدريبي الرابع ,6,14,نكيم-446,التحكم في العمليات,2,2
الكلية التقنية,بكالوريوس,التقنية الكيميائية,تقنية الانتاج الكيميائي,برامج مفعله,25,68,الفصل التدريبي الرابع ,6,14,نكيم-465,علم المواد و التآكل,2,0
الكلية التقنية,بكالوريوس,التقنية الكيميائية,تقنية الانتاج الكيميائي,برامج مفعله,25,68,الفصل التدريبي الرابع ,6,14,نكيم-491,  مشروع التخرج,1,2
الكلية التقنية,بكالوريوس,التقنية الالكترونية,تقنية الإلكترونيات وأنظمة التح,برامج مفعله,27,75,الفصل التدريبي الأول ,7,20,احصا-303,الإحصاء والاحتمالات,3,0
كلية الاتصالات والإلكترونيات,بكالوريوس,التقنية الالكترونية,تقنية الإلكترونيات وأنظمة التح,برامج مفعله,27,75,الفصل التدريبي الأول ,7,20,الكت-321,إشارات و نظم,3,0
الكلية التقنية,بكالوريوس,التقنية الالكترونية,تقنية الإلكترونيات وأنظمة التح,برامج مفعله,27,75,الفصل التدريبي الأول ,7,20,الكت-328,تصميم النظم الرقمية,2,2
كلية الاتصالات والإلكترونيات,بكالوريوس,التقنية الالكترونية,تقنية الإلكترونيات وأنظمة التح,برامج مفعله,27,75,الفصل التدريبي الأول ,7,20,الكت-328,تصميم النظم الرقمية,2,2
الكلية التقنية,بكالوريوس,التقنية الالكترونية,تقنية الإلكترونيات وأنظمة التح,برامج مفعله,27,75,الفصل التدريبي الأول ,7,20,الكت-331,تصميم بواسطة الحاسب,0,4
كلية الاتصالات والإلكترونيات,بكالوريوس,التقنية الالكترونية,تقنية الإلكترونيات وأنظمة التح,برامج مفعله,27,75,الفصل التدريبي الأول ,7,20,الكت-331,تصميم بواسطة الحاسب,0,4
الكلية التقنية,بكالوريوس,التقنية الالكترونية,تقنية الإلكترونيات وأنظمة التح,برامج مفعله,27,75,الفصل التدريبي الأول ,7,20,الكت-333,تحليل الدوائر,2,2
كلية الاتصالات والإلكترونيات,بكالوريوس,التقنية الالكترونية,تقنية الإلكترونيات وأنظمة التح,برامج مفعله,27,75,الفصل التدريبي الأول ,7,20,الكت-333,تحليل الدوائر,2,2
الكلية التقنية,بكالوريوس,التقنية الالكترونية,تقنية الإلكترونيات وأنظمة التح,برامج مفعله,27,75,الفصل التدريبي الأول ,7,20,انجل-301,لغة انجليزية1,4,0
كلية الاتصالات والإلكترونيات,بكالوريوس,التقنية الالكترونية,تقنية الإلكترونيات وأنظمة التح,برامج مفعله,27,75,الفصل التدريبي الأول ,7,20,انجل-301,لغة انجليزية1,4,0
الكلية التقنية,بكالوريوس,التقنية الالكترونية,تقنية الإلكترونيات وأنظمة التح,برامج مفعله,27,75,الفصل التدريبي الأول ,7,20,رياض-301,رياضيات1,3,0
كلية الاتصالات والإلكترونيات,بكالوريوس,التقنية الالكترونية,تقنية الإلكترونيات وأنظمة التح,برامج مفعله,27,75,الفصل التدريبي الأول ,7,20,رياض-301,رياضيات1,3,0
الكلية التقنية,بكالوريوس,التقنية الالكترونية,تقنية الإلكترونيات وأنظمة التح,برامج مفعله,27,75,الفصل التدريبي الأول ,7,20,فيزي-301,فيزياء,2,2
كلية الاتصالات والإلكترونيات,بكالوريوس,التقنية الالكترونية,تقنية الإلكترونيات وأنظمة التح,برامج مفعله,27,75,الفصل التدريبي الأول ,7,20,فيزي-301,فيزياء,2,2
الكلية التقنية,بكالوريوس,التقنية الالكترونية,تقنية الإلكترونيات وأنظمة التح,برامج مفعله,27,75,الفصل التدريبي الثالث ,7,18, الكت-428,الميكاترونيك,2,2
كلية الاتصالات والإلكترونيات,بكالوريوس,التقنية الالكترونية,تقنية الإلكترونيات وأنظمة التح,برامج مفعله,27,75,الفصل التدريبي الثالث ,7,18, الكت-428,الميكاترونيك,2,2
الكلية التقنية,بكالوريوس,التقنية الالكترونية,تقنية الإلكترونيات وأنظمة التح,برامج مفعله,27,75,الفصل التدريبي الثالث ,7,18, الكت-474,الذكاء الاصطناعي,2,2
كلية الاتصالات والإلكترونيات,بكالوريوس,التقنية الالكترونية,تقنية الإلكترونيات وأنظمة التح,برامج مفعله,27,75,الفصل التدريبي الثالث ,7,18, الكت-474,الذكاء الاصطناعي,2,2
كلية الاتصالات والإلكترونيات,بكالوريوس,التقنية الالكترونية,تقنية الإلكترونيات وأنظمة التح,برامج مفعله,27,75,الفصل التدريبي الثالث ,7,18,الكت-411,تقنيات الطاقة المتجددة,2,0
الكلية التقنية,بكالوريوس,التقنية الالكترونية,تقنية الإلكترونيات وأنظمة التح,برامج مفعله,27,75,الفصل التدريبي الثالث ,7,18,الكت-411,تقنيات الطاقة المتجددة,2,0
الكلية التقنية,بكالوريوس,التقنية الالكترونية,تقنية الإلكترونيات وأنظمة التح,برامج مفعله,27,75,الفصل التدريبي الثالث ,7,18,الكت-427,أنظمة الكهروميكانيكية,2,0
كلية الاتصالات والإلكترونيات,بكالوريوس,التقنية الالكترونية,تقنية الإلكترونيات وأنظمة التح,برامج مفعله,27,75,الفصل التدريبي الثالث ,7,18,الكت-427,أنظمة الكهروميكانيكية,2,0
الكلية التقنية,بكالوريوس,التقنية الالكترونية,تقنية الإلكترونيات وأنظمة التح,برامج مفعله,27,75,الفصل التدريبي الثالث ,7,18,الكت-435,حاكمات قابلة للبرمجة,2,2
كلية الاتصالات والإلكترونيات,بكالوريوس,التقنية الالكترونية,تقنية الإلكترونيات وأنظمة التح,برامج مفعله,27,75,الفصل التدريبي الثالث ,7,18,الكت-435,حاكمات قابلة للبرمجة,2,2
الكلية التقنية,بكالوريوس,التقنية الالكترونية,تقنية الإلكترونيات وأنظمة التح,برامج مفعله,27,75,الفصل التدريبي الثالث ,7,18,الكت-437,نظم تحكم رقمي,2,2
كلية الاتصالات والإلكترونيات,بكالوريوس,التقنية الالكترونية,تقنية الإلكترونيات وأنظمة التح,برامج مفعله,27,75,الفصل التدريبي الثالث ,7,18,الكت-437,نظم تحكم رقمي,2,2
الكلية التقنية,بكالوريوس,التقنية الالكترونية,تقنية الإلكترونيات وأنظمة التح,برامج مفعله,27,75,الفصل التدريبي الثالث ,7,18,الكت-442,تصميم الدوائر المتكاملة,2,0
كلية الاتصالات والإلكترونيات,بكالوريوس,التقنية الالكترونية,تقنية الإلكترونيات وأنظمة التح,برامج مفعله,27,75,الفصل التدريبي الثالث ,7,18,الكت-442,تصميم الدوائر المتكاملة,2,0
الكلية التقنية,بكالوريوس,التقنية الالكترونية,تقنية الإلكترونيات وأنظمة التح,برامج مفعله,27,75,الفصل التدريبي الثالث ,7,18,الكت-452,الكترونيات القدرة,2,2
كلية الاتصالات والإلكترونيات,بكالوريوس,التقنية الالكترونية,تقنية الإلكترونيات وأنظمة التح,برامج مفعله,27,75,الفصل التدريبي الثالث ,7,18,الكت-452,الكترونيات القدرة,2,2
الكلية التقنية,بكالوريوس,التقنية الالكترونية,تقنية الإلكترونيات وأنظمة التح,برامج مفعله,27,75,الفصل التدريبي الثالث ,7,18,عامة-402,إدارة المشاريع الهندسية,3,0
كلية الاتصالات والإلكترونيات,بكالوريوس,التقنية الالكترونية,تقنية الإلكترونيات وأنظمة التح,برامج مفعله,27,75,الفصل التدريبي الثالث ,7,18,عامة-402,إدارة المشاريع الهندسية,3,0
كلية الاتصالات والإلكترونيات,بكالوريوس,التقنية الالكترونية,تقنية الإلكترونيات وأنظمة التح,برامج مفعله,27,75,الفصل التدريبي الثاني ,7,21,احصا-303,الإحصاء والاحتمالات,3,0
الكلية التقنية,بكالوريوس,التقنية الالكترونية,تقنية الإلكترونيات وأنظمة التح,برامج مفعله,27,75,الفصل التدريبي الثاني ,7,21,الكت-321,إشارات و نظم,3,0
الكلية التقنية,بكالوريوس,التقنية الالكترونية,تقنية الإلكترونيات وأنظمة التح,برامج مفعله,27,75,الفصل التدريبي الثاني ,7,21,الكت-322,الحساسات و المشغلات,2,2
كلية الاتصالات والإلكترونيات,بكالوريوس,التقنية الالكترونية,تقنية الإلكترونيات وأنظمة التح,برامج مفعله,27,75,الفصل التدريبي الثاني ,7,21,الكت-322,الحساسات و المشغلات,2,2
الكلية التقنية,بكالوريوس,التقنية الالكترونية,تقنية الإلكترونيات وأنظمة التح,برامج مفعله,27,75,الفصل التدريبي الثاني ,7,21,الكت-329,الأنظمة المدمجة,2,2
كلية الاتصالات والإلكترونيات,بكالوريوس,التقنية الالكترونية,تقنية الإلكترونيات وأنظمة التح,برامج مفعله,27,75,الفصل التدريبي الثاني ,7,21,الكت-329,الأنظمة المدمجة,2,2
الكلية التقنية,بكالوريوس,التقنية الالكترونية,تقنية الإلكترونيات وأنظمة التح,برامج مفعله,27,75,الفصل التدريبي الثاني ,7,21,الكت-342,دوائر تماثلية و نبضية,2,2
كلية الاتصالات والإلكترونيات,بكالوريوس,التقنية الالكترونية,تقنية الإلكترونيات وأنظمة التح,برامج مفعله,27,75,الفصل التدريبي الثاني ,7,21,الكت-342,دوائر تماثلية و نبضية,2,2
كلية الاتصالات والإلكترونيات,بكالوريوس,التقنية الالكترونية,تقنية الإلكترونيات وأنظمة التح,برامج مفعله,27,75,الفصل التدريبي الثاني ,7,21,الكت-432,التحكم في العمليات الصناعية,2,2
الكلية التقنية,بكالوريوس,التقنية الالكترونية,تقنية الإلكترونيات وأنظمة التح,برامج مفعله,27,75,الفصل التدريبي الثاني ,7,21,الكت-432,التحكم في العمليات الصناعية,2,2
كلية الاتصالات والإلكترونيات,بكالوريوس,التقنية الالكترونية,تقنية الإلكترونيات وأنظمة التح,برامج مفعله,27,75,الفصل التدريبي الثاني ,7,21,انجل-302,لغة انجليزية 2,4,0
الكلية التقنية,بكالوريوس,التقنية الالكترونية,تقنية الإلكترونيات وأنظمة التح,برامج مفعله,27,75,الفصل التدريبي الثاني ,7,21,انجل-302,لغة انجليزية 2,4,0
كلية الاتصالات والإلكترونيات,بكالوريوس,التقنية الالكترونية,تقنية الإلكترونيات وأنظمة التح,برامج مفعله,27,75,الفصل التدريبي الثاني ,7,21,رياض-302,رياضيات2,3,0
الكلية التقنية,بكالوريوس,التقنية الالكترونية,تقنية الإلكترونيات وأنظمة التح,برامج مفعله,27,75,الفصل التدريبي الثاني ,7,21,رياض-302,رياضيات2,3,0
كلية الاتصالات والإلكترونيات,بكالوريوس,التقنية الالكترونية,تقنية الإلكترونيات وأنظمة التح,برامج مفعله,27,75,الفصل التدريبي الرابع ,6,16, الكت-436,الربوتات الصناعية,2,2
الكلية التقنية,بكالوريوس,التقنية الالكترونية,تقنية الإلكترونيات وأنظمة التح,برامج مفعله,27,75,الفصل التدريبي الرابع ,6,16, الكت-436,الربوتات الصناعية,2,2
كلية الاتصالات والإلكترونيات,بكالوريوس,التقنية الالكترونية,تقنية الإلكترونيات وأنظمة التح,برامج مفعله,27,75,الفصل التدريبي الرابع ,6,16, الكت-463,سيارة كهربائية,2,2
الكلية التقنية,بكالوريوس,التقنية الالكترونية,تقنية الإلكترونيات وأنظمة التح,برامج مفعله,27,75,الفصل التدريبي الرابع ,6,16, الكت-463,سيارة كهربائية,2,2
كلية الاتصالات والإلكترونيات,بكالوريوس,التقنية الالكترونية,تقنية الإلكترونيات وأنظمة التح,برامج مفعله,27,75,الفصل التدريبي الرابع ,6,16,الكت-412,الإشراف على العمليات الصناعية,2,2
الكلية التقنية,بكالوريوس,التقنية الالكترونية,تقنية الإلكترونيات وأنظمة التح,برامج مفعله,27,75,الفصل التدريبي الرابع ,6,16,الكت-412,الإشراف على العمليات الصناعية,2,2
الكلية التقنية,بكالوريوس,التقنية الالكترونية,تقنية الإلكترونيات وأنظمة التح,برامج مفعله,27,75,الفصل التدريبي الرابع ,6,16,الكت-434,نظم التسيير الكهربائية,2,2
كلية الاتصالات والإلكترونيات,بكالوريوس,التقنية الالكترونية,تقنية الإلكترونيات وأنظمة التح,برامج مفعله,27,75,الفصل التدريبي الرابع ,6,16,الكت-434,نظم التسيير الكهربائية,2,2
الكلية التقنية,بكالوريوس,التقنية الالكترونية,تقنية الإلكترونيات وأنظمة التح,برامج مفعله,27,75,الفصل التدريبي الرابع ,6,16,الكت-464,مناولات آلية,2,2
كلية الاتصالات والإلكترونيات,بكالوريوس,التقنية الالكترونية,تقنية الإلكترونيات وأنظمة التح,برامج مفعله,27,75,الفصل التدريبي الرابع ,6,16,الكت-464,مناولات آلية,2,2
كلية الاتصالات والإلكترونيات,بكالوريوس,التقنية الالكترونية,تقنية الإلكترونيات وأنظمة التح,برامج مفعله,27,75,الفصل التدريبي الرابع ,6,16,الكت-473,انظمة الإتصالات الرقمية,2,2
الكلية التقنية,بكالوريوس,التقنية الالكترونية,تقنية الإلكترونيات وأنظمة التح,برامج مفعله,27,75,الفصل التدريبي الرابع ,6,16,الكت-473,انظمة الإتصالات الرقمية,2,2
كلية الاتصالات والإلكترونيات,بكالوريوس,التقنية الالكترونية,تقنية الإلكترونيات وأنظمة التح,برامج مفعله,27,75,الفصل التدريبي الرابع ,6,16,الكت-491,مشروع التخرج,1,2
الكلية التقنية,بكالوريوس,التقنية الالكترونية,تقنية الإلكترونيات وأنظمة التح,برامج مفعله,27,75,الفصل التدريبي الرابع ,6,16,الكت-491,مشروع التخرج,1,2
الكلية التقنية,بكالوريوس,التقنية الالكترونية,تقنية الإلكترونيات وأنظمة التح,برامج مفعله,27,75,الفصل التدريبي الرابع ,6,16,عامة-405,إقتصاد هندسي,2,0
كلية الاتصالات والإلكترونيات,بكالوريوس,التقنية الالكترونية,تقنية الإلكترونيات وأنظمة التح,برامج مفعله,27,75,الفصل التدريبي الرابع ,6,16,عامة-405,إقتصاد هندسي,2,0
الكلية التقنية,بكالوريوس,التقنية الالكترونية,تقنية الأجهزة الطبية,برامج مفعله,25,75,الفصل التدريبي الأول ,6,18,اجطب-342,دوائر تماثلية ورقمية,2,2
الكلية التقنية,بكالوريوس,التقنية الالكترونية,تقنية الأجهزة الطبية,برامج مفعله,25,75,الفصل التدريبي الأول ,6,18,انجل-301,لغة انجليزية1,4,0
الكلية التقنية,بكالوريوس,التقنية الالكترونية,تقنية الأجهزة الطبية,برامج مفعله,25,75,الفصل التدريبي الأول ,6,18,حاسب-402,برمجة الحاسب الالي,2,2
الكلية التقنية,بكالوريوس,التقنية الالكترونية,تقنية الأجهزة الطبية,برامج مفعله,25,75,الفصل التدريبي الأول ,6,18,رياض-301,رياضيات1,3,0
الكلية التقنية,بكالوريوس,التقنية الالكترونية,تقنية الأجهزة الطبية,برامج مفعله,25,75,الفصل التدريبي الأول ,6,18,فيزي-301,فيزياء,2,2
الكلية التقنية,بكالوريوس,التقنية الالكترونية,تقنية الأجهزة الطبية,برامج مفعله,25,75,الفصل التدريبي الأول ,6,18,نكيم-331,العمليات الكيميائية,3,0
الكلية التقنية,بكالوريوس,التقنية الالكترونية,تقنية الأجهزة الطبية,برامج مفعله,25,75,الفصل التدريبي الثالث ,6,18, اجطب-429,تقنيات الناتو وتطبيقاتها,3,0
الكلية التقنية,بكالوريوس,التقنية الالكترونية,تقنية الأجهزة الطبية,برامج مفعله,25,75,الفصل التدريبي الثالث ,6,18,اجطب-423,الأنظمة المدمجة,2,2
الكلية التقنية,بكالوريوس,التقنية الالكترونية,تقنية الأجهزة الطبية,برامج مفعله,25,75,الفصل التدريبي الثالث ,6,18,اجطب-424,انظمه التحكم للاجهزه الطبية,2,2
الكلية التقنية,بكالوريوس,التقنية الالكترونية,تقنية الأجهزة الطبية,برامج مفعله,25,75,الفصل التدريبي الثالث ,6,18,اجطب-425,انظمة التصوير الطبي,2,2
الكلية التقنية,بكالوريوس,التقنية الالكترونية,تقنية الأجهزة الطبية,برامج مفعله,25,75,الفصل التدريبي الثالث ,6,18,اجطب-453,الأجهزة التشخيصيه والعلاجيه2,2,2
الكلية التقنية,بكالوريوس,التقنية الالكترونية,تقنية الأجهزة الطبية,برامج مفعله,25,75,الفصل التدريبي الثالث ,6,18,اجطب-460,معالجة الإشارات الطبية التناظرية والرقمية,2,2
الكلية التقنية,بكالوريوس,التقنية الالكترونية,تقنية الأجهزة الطبية,برامج مفعله,25,75,الفصل التدريبي الثالث ,6,18,اجطب-473,الطب عن بعد,3,0
الكلية التقنية,بكالوريوس,التقنية الالكترونية,تقنية الأجهزة الطبية,برامج مفعله,25,75,الفصل التدريبي الثاني ,6,18,اجطب-332,تصميم بواسطة الحاسب في التقنيات الطبية,2,2
الكلية التقنية,بكالوريوس,التقنية الالكترونية,تقنية الأجهزة الطبية,برامج مفعله,25,75,الفصل التدريبي الثاني ,6,18,اجطب-352,الأجهزة التشخيصيه والعلاجية1,2,2
الكلية التقنية,بكالوريوس,التقنية الالكترونية,تقنية الأجهزة الطبية,برامج مفعله,25,75,الفصل التدريبي الثاني ,6,18,اجطب-361,الميكانيكا الحيوية والمواد الحيوية,3,0
الكلية التقنية,بكالوريوس,التقنية الالكترونية,تقنية الأجهزة الطبية,برامج مفعله,25,75,الفصل التدريبي الثاني ,6,18,احصا-303,الإحصاء والاحتمالات,3,0
الكلية التقنية,بكالوريوس,التقنية الالكترونية,تقنية الأجهزة الطبية,برامج مفعله,25,75,الفصل التدريبي الثاني ,6,18,انجل-302,لغة انجليزية 2,4,0
الكلية التقنية,بكالوريوس,التقنية الالكترونية,تقنية الأجهزة الطبية,برامج مفعله,25,75,الفصل التدريبي الثاني ,6,18,رياض-302,رياضيات2,3,0
الكلية التقنية,بكالوريوس,التقنية الالكترونية,تقنية الأجهزة الطبية,برامج مفعله,25,75,الفصل التدريبي الخامس ,1,4,اجطب-499,التدريب التعاوني,0,0
الكلية التقنية,بكالوريوس,التقنية الالكترونية,تقنية الأجهزة الطبية,برامج مفعله,25,75,الفصل التدريبي الرابع ,6,17, اجطب-428,الطرق الرقمية في الهندسة الطبي,3,0
الكلية التقنية,بكالوريوس,التقنية الالكترونية,تقنية الأجهزة الطبية,برامج مفعله,25,75,الفصل التدريبي الرابع ,6,17,اجطب-422,تقنيات هندسة إعادة التأهيل,3,0
الكلية التقنية,بكالوريوس,التقنية الالكترونية,تقنية الأجهزة الطبية,برامج مفعله,25,75,الفصل التدريبي الرابع ,6,17,اجطب-454,أجهزة البصريات والمختبرات,2,2
الكلية التقنية,بكالوريوس,التقنية الالكترونية,تقنية الأجهزة الطبية,برامج مفعله,25,75,الفصل التدريبي الرابع ,6,17,اجطب-466,نظم المعلومات الطبية,3,0
الكلية التقنية,بكالوريوس,التقنية الالكترونية,تقنية الأجهزة الطبية,برامج مفعله,25,75,الفصل التدريبي الرابع ,6,17,اجطب-472,معالجة الصور الطبية,2,2
الكلية التقنية,بكالوريوس,التقنية الالكترونية,تقنية الأجهزة الطبية,برامج مفعله,25,75,الفصل التدريبي الرابع ,6,17,اجطب-488,مراقبة جودة الأجهزة الطبية,3,0
الكلية التقنية,بكالوريوس,التقنية الالكترونية,تقنية الأجهزة الطبية,برامج مفعله,25,75,الفصل التدريبي الرابع ,6,17,اجطب-491,مشروع التخرج,1,2
كلية الاتصالات والمعلومات,بكالوريوس,الحاسب وتقنية المعلومات,تقنية البرمجة وتطوير الويب,برامج مفعله,25,73,الفصل التدريبي الأول ,6,17,انجل-301,لغة انجليزية1,4,0
الكلية التقنية,بكالوريوس,الحاسب وتقنية المعلومات,تقنية البرمجة وتطوير الويب,برامج مفعله,25,73,الفصل التدريبي الأول ,6,17,انجل-301,لغة انجليزية1,4,0
كلية الاتصالات والمعلومات,بكالوريوس,الحاسب وتقنية المعلومات,تقنية البرمجة وتطوير الويب,برامج مفعله,25,73,الفصل التدريبي الأول ,6,17,برمج-313,برمجة الحاسب المتقدمة,2,2
الكلية التقنية,بكالوريوس,الحاسب وتقنية المعلومات,تقنية البرمجة وتطوير الويب,برامج مفعله,25,73,الفصل التدريبي الأول ,6,17,برمج-313,برمجة الحاسب المتقدمة,2,2
كلية الاتصالات والمعلومات,بكالوريوس,الحاسب وتقنية المعلومات,تقنية البرمجة وتطوير الويب,برامج مفعله,25,73,الفصل التدريبي الأول ,6,17,برمج-335, برمجيات الويب المتقدمة,2,2
الكلية التقنية,بكالوريوس,الحاسب وتقنية المعلومات,تقنية البرمجة وتطوير الويب,برامج مفعله,25,73,الفصل التدريبي الأول ,6,17,برمج-335, برمجيات الويب المتقدمة,2,2
الكلية التقنية,بكالوريوس,الحاسب وتقنية المعلومات,تقنية البرمجة وتطوير الويب,برامج مفعله,25,73,الفصل التدريبي الأول ,6,17,برمج-382,مصطلحات تقنية المعلومات والكتابة الفنية,2,0
كلية الاتصالات والمعلومات,بكالوريوس,الحاسب وتقنية المعلومات,تقنية البرمجة وتطوير الويب,برامج مفعله,25,73,الفصل التدريبي الأول ,6,17,برمج-382,مصطلحات تقنية المعلومات والكتابة الفنية,2,0
كلية الاتصالات والمعلومات,بكالوريوس,الحاسب وتقنية المعلومات,تقنية البرمجة وتطوير الويب,برامج مفعله,25,73,الفصل التدريبي الأول ,6,17,رياض-301,رياضيات1,3,0
الكلية التقنية,بكالوريوس,الحاسب وتقنية المعلومات,تقنية البرمجة وتطوير الويب,برامج مفعله,25,73,الفصل التدريبي الأول ,6,17,رياض-301,رياضيات1,3,0
الكلية التقنية,بكالوريوس,الحاسب وتقنية المعلومات,تقنية البرمجة وتطوير الويب,برامج مفعله,25,73,الفصل التدريبي الأول ,6,17,فيزي-301,فيزياء,2,2
كلية الاتصالات والمعلومات,بكالوريوس,الحاسب وتقنية المعلومات,تقنية البرمجة وتطوير الويب,برامج مفعله,25,73,الفصل التدريبي الأول ,6,17,فيزي-301,فيزياء,2,2
الكلية التقنية,بكالوريوس,الحاسب وتقنية المعلومات,تقنية البرمجة وتطوير الويب,برامج مفعله,25,73,الفصل التدريبي الثالث ,7,21,برمج-324,أنظمة ادارة قواعد البيانات,2,2
كلية الاتصالات والمعلومات,بكالوريوس,الحاسب وتقنية المعلومات,تقنية البرمجة وتطوير الويب,برامج مفعله,25,73,الفصل التدريبي الثالث ,7,21,برمج-324,أنظمة ادارة قواعد البيانات,2,2
الكلية التقنية,بكالوريوس,الحاسب وتقنية المعلومات,تقنية البرمجة وتطوير الويب,برامج مفعله,25,73,الفصل التدريبي الثالث ,7,21,برمج-443,هندسة البرمجيات المتقدمة,3,0
كلية الاتصالات والمعلومات,بكالوريوس,الحاسب وتقنية المعلومات,تقنية البرمجة وتطوير الويب,برامج مفعله,25,73,الفصل التدريبي الثالث ,7,21,برمج-443,هندسة البرمجيات المتقدمة,3,0
كلية الاتصالات والمعلومات,بكالوريوس,الحاسب وتقنية المعلومات,تقنية البرمجة وتطوير الويب,برامج مفعله,25,73,الفصل التدريبي الثالث ,7,21,برمج-453,برمجة الأجهزة الذكية المتقدمة-1,2,2
الكلية التقنية,بكالوريوس,الحاسب وتقنية المعلومات,تقنية البرمجة وتطوير الويب,برامج مفعله,25,73,الفصل التدريبي الثالث ,7,21,برمج-453,برمجة الأجهزة الذكية المتقدمة-1,2,2
الكلية التقنية,بكالوريوس,الحاسب وتقنية المعلومات,تقنية البرمجة وتطوير الويب,برامج مفعله,25,73,الفصل التدريبي الثالث ,7,21,برمج-461,تصميم واجهة المستخدم,2,2
كلية الاتصالات والمعلومات,بكالوريوس,الحاسب وتقنية المعلومات,تقنية البرمجة وتطوير الويب,برامج مفعله,25,73,الفصل التدريبي الثالث ,7,21,برمج-461,تصميم واجهة المستخدم,2,2
الكلية التقنية,بكالوريوس,الحاسب وتقنية المعلومات,تقنية البرمجة وتطوير الويب,برامج مفعله,25,73,الفصل التدريبي الثالث ,7,21,برمج-472,برمجة الأنظمة المدمجة,2,2
كلية الاتصالات والمعلومات,بكالوريوس,الحاسب وتقنية المعلومات,تقنية البرمجة وتطوير الويب,برامج مفعله,25,73,الفصل التدريبي الثالث ,7,21,برمج-472,برمجة الأنظمة المدمجة,2,2
الكلية التقنية,بكالوريوس,الحاسب وتقنية المعلومات,تقنية البرمجة وتطوير الويب,برامج مفعله,25,73,الفصل التدريبي الثالث ,7,21,برمج-473,تطوير أنظمة الوسائط المتعددة,2,2
كلية الاتصالات والمعلومات,بكالوريوس,الحاسب وتقنية المعلومات,تقنية البرمجة وتطوير الويب,برامج مفعله,25,73,الفصل التدريبي الثالث ,7,21,برمج-473,تطوير أنظمة الوسائط المتعددة,2,2
الكلية التقنية,بكالوريوس,الحاسب وتقنية المعلومات,تقنية البرمجة وتطوير الويب,برامج مفعله,25,73,الفصل التدريبي الثالث ,7,21,برمج-478,أنظمة تخطيط موارد الشركة,2,2
كلية الاتصالات والمعلومات,بكالوريوس,الحاسب وتقنية المعلومات,تقنية البرمجة وتطوير الويب,برامج مفعله,25,73,الفصل التدريبي الثالث ,7,21,برمج-478,أنظمة تخطيط موارد الشركة,2,2
الكلية التقنية,بكالوريوس,الحاسب وتقنية المعلومات,تقنية البرمجة وتطوير الويب,برامج مفعله,25,73,الفصل التدريبي الثاني ,6,18,احصا-303,الإحصاء والاحتمالات,3,0
كلية الاتصالات والمعلومات,بكالوريوس,الحاسب وتقنية المعلومات,تقنية البرمجة وتطوير الويب,برامج مفعله,25,73,الفصل التدريبي الثاني ,6,18,احصا-303,الإحصاء والاحتمالات,3,0
الكلية التقنية,بكالوريوس,الحاسب وتقنية المعلومات,تقنية البرمجة وتطوير الويب,برامج مفعله,25,73,الفصل التدريبي الثاني ,6,18,انجل-302,لغة انجليزية 2,4,0
كلية الاتصالات والمعلومات,بكالوريوس,الحاسب وتقنية المعلومات,تقنية البرمجة وتطوير الويب,برامج مفعله,25,73,الفصل التدريبي الثاني ,6,18,انجل-302,لغة انجليزية 2,4,0
الكلية التقنية,بكالوريوس,الحاسب وتقنية المعلومات,تقنية البرمجة وتطوير الويب,برامج مفعله,25,73,الفصل التدريبي الثاني ,6,18,برمج-325,تصميم الخوارزميات وهيكلة البيانات,3,0
كلية الاتصالات والمعلومات,بكالوريوس,الحاسب وتقنية المعلومات,تقنية البرمجة وتطوير الويب,برامج مفعله,25,73,الفصل التدريبي الثاني ,6,18,برمج-325,تصميم الخوارزميات وهيكلة البيانات,3,0
كلية الاتصالات والمعلومات,بكالوريوس,الحاسب وتقنية المعلومات,تقنية البرمجة وتطوير الويب,برامج مفعله,25,73,الفصل التدريبي الثاني ,6,18,رياض-303,رياضيات متقطعة,3,0
الكلية التقنية,بكالوريوس,الحاسب وتقنية المعلومات,تقنية البرمجة وتطوير الويب,برامج مفعله,25,73,الفصل التدريبي الثاني ,6,18,رياض-303,رياضيات متقطعة,3,0
كلية الاتصالات والمعلومات,بكالوريوس,الحاسب وتقنية المعلومات,تقنية البرمجة وتطوير الويب,برامج مفعله,25,73,الفصل التدريبي الثاني ,6,18,محسب-301,مبادئ المحاسبة,3,0
الكلية التقنية,بكالوريوس,الحاسب وتقنية المعلومات,تقنية البرمجة وتطوير الويب,برامج مفعله,25,73,الفصل التدريبي الثاني ,6,18,محسب-301,مبادئ المحاسبة,3,0
كلية الاتصالات والمعلومات,بكالوريوس,الحاسب وتقنية المعلومات,تقنية البرمجة وتطوير الويب,برامج مفعله,25,73,الفصل التدريبي الثاني ,6,18,نشبك-351,تقنيات الشبكات - 1,2,2
الكلية التقنية,بكالوريوس,الحاسب وتقنية المعلومات,تقنية البرمجة وتطوير الويب,برامج مفعله,25,73,الفصل التدريبي الثاني ,6,18,نشبك-351,تقنيات الشبكات - 1,2,2
كلية الاتصالات والمعلومات,بكالوريوس,الحاسب وتقنية المعلومات,تقنية البرمجة وتطوير الويب,برامج مفعله,25,73,الفصل التدريبي الرابع ,6,17, برمج-476,تحليلات البيانات الضخمة,2,2
الكلية التقنية,بكالوريوس,الحاسب وتقنية المعلومات,تقنية البرمجة وتطوير الويب,برامج مفعله,25,73,الفصل التدريبي الرابع ,6,17, برمج-476,تحليلات البيانات الضخمة,2,2
الكلية التقنية,بكالوريوس,الحاسب وتقنية المعلومات,تقنية البرمجة وتطوير الويب,برامج مفعله,25,73,الفصل التدريبي الرابع ,6,17, برمج-484,مواضيع مختارة,2,2
كلية الاتصالات والمعلومات,بكالوريوس,الحاسب وتقنية المعلومات,تقنية البرمجة وتطوير الويب,برامج مفعله,25,73,الفصل التدريبي الرابع ,6,17, برمج-484,مواضيع مختارة,2,2
الكلية التقنية,بكالوريوس,الحاسب وتقنية المعلومات,تقنية البرمجة وتطوير الويب,برامج مفعله,25,73,الفصل التدريبي الرابع ,6,17, نشبك-485,إنترنت الأشياء,2,2
كلية الاتصالات والمعلومات,بكالوريوس,الحاسب وتقنية المعلومات,تقنية البرمجة وتطوير الويب,برامج مفعله,25,73,الفصل التدريبي الرابع ,6,17, نشبك-485,إنترنت الأشياء,2,2
كلية الاتصالات والمعلومات,بكالوريوس,الحاسب وتقنية المعلومات,تقنية البرمجة وتطوير الويب,برامج مفعله,25,73,الفصل التدريبي الرابع ,6,17,برمج-454,برمجة الأجهزة الذكية المتقدمة,2,2
الكلية التقنية,بكالوريوس,الحاسب وتقنية المعلومات,تقنية البرمجة وتطوير الويب,برامج مفعله,25,73,الفصل التدريبي الرابع ,6,17,برمج-454,برمجة الأجهزة الذكية المتقدمة,2,2
كلية الاتصالات والمعلومات,بكالوريوس,الحاسب وتقنية المعلومات,تقنية البرمجة وتطوير الويب,برامج مفعله,25,73,الفصل التدريبي الرابع ,6,17,برمج-474,أمن البرمجيات,2,2
الكلية التقنية,بكالوريوس,الحاسب وتقنية المعلومات,تقنية البرمجة وتطوير الويب,برامج مفعله,25,73,الفصل التدريبي الرابع ,6,17,برمج-474,أمن البرمجيات,2,2
كلية الاتصالات والمعلومات,بكالوريوس,الحاسب وتقنية المعلومات,تقنية البرمجة وتطوير الويب,برامج مفعله,25,73,الفصل التدريبي الرابع ,6,17,برمج-475,الحوسبة السحابية,2,2
الكلية التقنية,بكالوريوس,الحاسب وتقنية المعلومات,تقنية البرمجة وتطوير الويب,برامج مفعله,25,73,الفصل التدريبي الرابع ,6,17,برمج-475,الحوسبة السحابية,2,2
الكلية التقنية,بكالوريوس,الحاسب وتقنية المعلومات,تقنية البرمجة وتطوير الويب,برامج مفعله,25,73,الفصل التدريبي الرابع ,6,17,برمج-477,التنقيب عن البيانات,2,2
كلية الاتصالات والمعلومات,بكالوريوس,الحاسب وتقنية المعلومات,تقنية البرمجة وتطوير الويب,برامج مفعله,25,73,الفصل التدريبي الرابع ,6,17,برمج-477,التنقيب عن البيانات,2,2
الكلية التقنية,بكالوريوس,الحاسب وتقنية المعلومات,تقنية البرمجة وتطوير الويب,برامج مفعله,25,73,الفصل التدريبي الرابع ,6,17,برمج-483,اختبار البرمجيات والجودة الشام,2,2
كلية الاتصالات والمعلومات,بكالوريوس,الحاسب وتقنية المعلومات,تقنية البرمجة وتطوير الويب,برامج مفعله,25,73,الفصل التدريبي الرابع ,6,17,برمج-483,اختبار البرمجيات والجودة الشام,2,2
الكلية التقنية,بكالوريوس,الحاسب وتقنية المعلومات,تقنية البرمجة وتطوير الويب,برامج مفعله,25,73,الفصل التدريبي الرابع ,6,17,برمج-492,مشروع التخرج,1,2
كلية الاتصالات والمعلومات,بكالوريوس,الحاسب وتقنية المعلومات,تقنية البرمجة وتطوير الويب,برامج مفعله,25,73,الفصل التدريبي الرابع ,6,17,برمج-492,مشروع التخرج,1,2
الكلية التقنية,بكالوريوس,التقنية الميكانيكية,تقنية التبريد وتكييف الهواء,برامج مفعله,31,76,الفصل التدريبي الأول ,7,17,انجل-301,لغة انجليزية1,4,0
الكلية التقنية,بكالوريوس,التقنية الميكانيكية,تقنية التبريد وتكييف الهواء,برامج مفعله,31,76,الفصل التدريبي الأول ,7,17,حاسب-302,تصميم الخوارزميات وبنية البيان,2,2
الكلية التقنية,بكالوريوس,التقنية الميكانيكية,تقنية التبريد وتكييف الهواء,برامج مفعله,31,76,الفصل التدريبي الأول ,7,17,حاسب-402,برمجة الحاسب الالي,2,2
الكلية التقنية,بكالوريوس,التقنية الميكانيكية,تقنية التبريد وتكييف الهواء,برامج مفعله,31,76,الفصل التدريبي الأول ,7,17,رياض-301,رياضيات1,3,0
الكلية التقنية,بكالوريوس,التقنية الميكانيكية,تقنية التبريد وتكييف الهواء,برامج مفعله,31,76,الفصل التدريبي الأول ,7,17,فيزي-301,فيزياء,2,2
الكلية التقنية,بكالوريوس,التقنية الميكانيكية,تقنية التبريد وتكييف الهواء,برامج مفعله,31,76,الفصل التدريبي الأول ,7,17,مبرد-311,ديناميكا حرارية,2,0
الكلية التقنية,بكالوريوس,التقنية الميكانيكية,تقنية التبريد وتكييف الهواء,برامج مفعله,31,76,الفصل التدريبي الأول ,7,17,مبرد-331,تركيب و بدء تشغيل أنظمة التكييف,0,4
الكلية التقنية,بكالوريوس,التقنية الميكانيكية,تقنية التبريد وتكييف الهواء,برامج مفعله,31,76,الفصل التدريبي الثالث ,9,21, مبرد-463,المضخات وانظمة الضخ للتكيف,2,0
الكلية التقنية,بكالوريوس,التقنية الميكانيكية,تقنية التبريد وتكييف الهواء,برامج مفعله,31,76,الفصل التدريبي الثالث ,9,21,عامة-401,مقدمة فى الإدارة و القيادة,2,0
الكلية التقنية,بكالوريوس,التقنية الميكانيكية,تقنية التبريد وتكييف الهواء,برامج مفعله,31,76,الفصل التدريبي الثالث ,9,21,عامة-404,أدوات الجودة و تطبيقاتها,3,0
الكلية التقنية,بكالوريوس,التقنية الميكانيكية,تقنية التبريد وتكييف الهواء,برامج مفعله,31,76,الفصل التدريبي الثالث ,9,21,مبرد-335,تصميم أنظمة التبريد التجاري,2,0
الكلية التقنية,بكالوريوس,التقنية الميكانيكية,تقنية التبريد وتكييف الهواء,برامج مفعله,31,76,الفصل التدريبي الثالث ,9,21,مبرد-434,تصميم أنظمة التكييف المركزي,2,0
الكلية التقنية,بكالوريوس,التقنية الميكانيكية,تقنية التبريد وتكييف الهواء,برامج مفعله,31,76,الفصل التدريبي الثالث ,9,21,مبرد-436,الأنظمة الهيدروليكية والنيومات,2,2
الكلية التقنية,بكالوريوس,التقنية الميكانيكية,تقنية التبريد وتكييف الهواء,برامج مفعله,31,76,الفصل التدريبي الثالث ,9,21,مبرد-437,تصميم أنظمة التبريد المتقدمة,2,2
الكلية التقنية,بكالوريوس,التقنية الميكانيكية,تقنية التبريد وتكييف الهواء,برامج مفعله,31,76,الفصل التدريبي الثالث ,9,21,مبرد-443,إدارة الصيانة بالحاسب الآلي,2,0
الكلية التقنية,بكالوريوس,التقنية الميكانيكية,تقنية التبريد وتكييف الهواء,برامج مفعله,31,76,الفصل التدريبي الثالث ,9,21,مبرد-461,استخدام الطاقة المتجددة في التبريد وتكيف الهواء,2,0
الكلية التقنية,بكالوريوس,التقنية الميكانيكية,تقنية التبريد وتكييف الهواء,برامج مفعله,31,76,الفصل التدريبي الثالث ,9,21,مبرد-462,التحليل الحراري للمباني,2,0
الكلية التقنية,بكالوريوس,التقنية الميكانيكية,تقنية التبريد وتكييف الهواء,برامج مفعله,31,76,الفصل التدريبي الثاني ,8,21, مبرد-484,تحويل الطاقة,3,0
الكلية التقنية,بكالوريوس,التقنية الميكانيكية,تقنية التبريد وتكييف الهواء,برامج مفعله,31,76,الفصل التدريبي الثاني ,8,21,احصا-303,الإحصاء والاحتمالات,3,0
الكلية التقنية,بكالوريوس,التقنية الميكانيكية,تقنية التبريد وتكييف الهواء,برامج مفعله,31,76,الفصل التدريبي الثاني ,8,21,انجل-302,لغة انجليزية 2,4,0
الكلية التقنية,بكالوريوس,التقنية الميكانيكية,تقنية التبريد وتكييف الهواء,برامج مفعله,31,76,الفصل التدريبي الثاني ,8,21,رياض-302,رياضيات2,3,0
الكلية التقنية,بكالوريوس,التقنية الميكانيكية,تقنية التبريد وتكييف الهواء,برامج مفعله,31,76,الفصل التدريبي الثاني ,8,21,مبرد-312,انتقال الحرارة,2,0
الكلية التقنية,بكالوريوس,التقنية الميكانيكية,تقنية التبريد وتكييف الهواء,برامج مفعله,31,76,الفصل التدريبي الثاني ,8,21,مبرد-313,ميكانيكا الموائع,2,0
الكلية التقنية,بكالوريوس,التقنية الميكانيكية,تقنية التبريد وتكييف الهواء,برامج مفعله,31,76,الفصل التدريبي الثاني ,8,21,مبرد-342,تطبيقات الحاسب الآلي على أنظمة التبريد وتكيف الهواء,0,4
الكلية التقنية,بكالوريوس,التقنية الميكانيكية,تقنية التبريد وتكييف الهواء,برامج مفعله,31,76,الفصل التدريبي الثاني ,8,21,مبرد-433,أنظمة التحكم فى التكييف المركزي,2,2
الكلية التقنية,بكالوريوس,التقنية الميكانيكية,تقنية التبريد وتكييف الهواء,برامج مفعله,31,76,الفصل التدريبي الثاني ,8,21,مبرد-483,طرق معالجة المياه,3,0
الكلية التقنية,بكالوريوس,التقنية الميكانيكية,تقنية التبريد وتكييف الهواء,برامج مفعله,31,76,الفصل التدريبي الرابع ,7,17,عامة-402,إدارة المشاريع الهندسية,3,0
الكلية التقنية,بكالوريوس,التقنية الميكانيكية,تقنية التبريد وتكييف الهواء,برامج مفعله,31,76,الفصل التدريبي الرابع ,7,17,عامة-405,إقتصاد هندسي,2,0
الكلية التقنية,بكالوريوس,التقنية الميكانيكية,تقنية التبريد وتكييف الهواء,برامج مفعله,31,76,الفصل التدريبي الرابع ,7,17,مبرد-441,نظم إدارة المباني,2,2
الكلية التقنية,بكالوريوس,التقنية الميكانيكية,تقنية التبريد وتكييف الهواء,برامج مفعله,31,76,الفصل التدريبي الرابع ,7,17,مبرد-471,صيانة و تشخيص أعطال أنظمة التبريد والتكيف,1,2
الكلية التقنية,بكالوريوس,التقنية الميكانيكية,تقنية التبريد وتكييف الهواء,برامج مفعله,31,76,الفصل التدريبي الرابع ,7,17,مبرد-482,الأثر البيئي لصناعة انظمة التدفئة والتهوئة وتكييف الهواء,2,0
الكلية التقنية,بكالوريوس,التقنية الميكانيكية,تقنية التبريد وتكييف الهواء,برامج مفعله,31,76,الفصل التدريبي الرابع ,7,17,مبرد-491,مشروع التخرج,1,2
الكلية التقنية,بكالوريوس,التقنية الميكانيكية,تقنية التبريد وتكييف الهواء,برامج مفعله,31,76,الفصل التدريبي الرابع ,7,17,مبرد-492,تدقيق وإدارة أنظمة الطاقة,3,0
الكلية التقنية,بكالوريوس,التقنية الميكانيكية,تقنية التصنيع,برامج مفعله,28,76,الفصل التدريبي الأول ,7,19,انجل-301,لغة انجليزية1,4,0
الكلية التقنية,بكالوريوس,التقنية الميكانيكية,تقنية التصنيع,برامج مفعله,28,76,الفصل التدريبي الأول ,7,19,رياض-301,رياضيات1,3,0
الكلية التقنية,بكالوريوس,التقنية الميكانيكية,تقنية التصنيع,برامج مفعله,28,76,الفصل التدريبي الأول ,7,19,فيزي-301,فيزياء,2,2
الكلية التقنية,بكالوريوس,التقنية الميكانيكية,تقنية التصنيع,برامج مفعله,28,76,الفصل التدريبي الأول ,7,19,منتج-323,تقنية أنظمة التحكم,1,2
الكلية التقنية,بكالوريوس,التقنية الميكانيكية,تقنية التصنيع,برامج مفعله,28,76,الفصل التدريبي الأول ,7,19,منتج-341,الأستاتيكا ومقاومة المواد,3,0
الكلية التقنية,بكالوريوس,التقنية الميكانيكية,تقنية التصنيع,برامج مفعله,28,76,الفصل التدريبي الأول ,7,19,منتج-344,المواد الهندسية,1,2
الكلية التقنية,بكالوريوس,التقنية الميكانيكية,تقنية التصنيع,برامج مفعله,28,76,الفصل التدريبي الأول ,7,19,منتج-483,تخطيط وضبط ا لانتاج,3,0
الكلية التقنية,بكالوريوس,التقنية الميكانيكية,تقنية التصنيع,برامج مفعله,28,76,الفصل التدريبي الثالث ,8,22, منتج-442,تصميم الماكينات,3,0
الكلية التقنية,بكالوريوس,التقنية الميكانيكية,تقنية التصنيع,برامج مفعله,28,76,الفصل التدريبي الثالث ,8,22,عامة-401,مقدمة فى الإدارة و القيادة,2,0
الكلية التقنية,بكالوريوس,التقنية الميكانيكية,تقنية التصنيع,برامج مفعله,28,76,الفصل التدريبي الثالث ,8,22,عامة-402,إدارة المشاريع الهندسية,3,0
الكلية التقنية,بكالوريوس,التقنية الميكانيكية,تقنية التصنيع,برامج مفعله,28,76,الفصل التدريبي الثالث ,8,22,منتج-345,تقنية البلاستيك,2,2
الكلية التقنية,بكالوريوس,التقنية الميكانيكية,تقنية التصنيع,برامج مفعله,28,76,الفصل التدريبي الثالث ,8,22,منتج-437,التصنيع المتكامل بالحاسب,3,0
الكلية التقنية,بكالوريوس,التقنية الميكانيكية,تقنية التصنيع,برامج مفعله,28,76,الفصل التدريبي الثالث ,8,22,منتج-441,نظرية الماكينات,3,0
الكلية التقنية,بكالوريوس,التقنية الميكانيكية,تقنية التصنيع,برامج مفعله,28,76,الفصل التدريبي الثالث ,8,22,منتج-453,الصيانة الصناعية,3,0
الكلية التقنية,بكالوريوس,التقنية الميكانيكية,تقنية التصنيع,برامج مفعله,28,76,الفصل التدريبي الثالث ,8,22,منتج-463,تخطيط المصانع,3,0
الكلية التقنية,بكالوريوس,التقنية الميكانيكية,تقنية التصنيع,برامج مفعله,28,76,الفصل التدريبي الثالث ,8,22,منتج-492,مشروع التخرج-1,1,2
الكلية التقنية,بكالوريوس,التقنية الميكانيكية,تقنية التصنيع,برامج مفعله,28,76,الفصل التدريبي الثاني ,6,17,احصا-303,الإحصاء والاحتمالات,3,0
الكلية التقنية,بكالوريوس,التقنية الميكانيكية,تقنية التصنيع,برامج مفعله,28,76,الفصل التدريبي الثاني ,6,17,انجل-302,لغة انجليزية 2,4,0
الكلية التقنية,بكالوريوس,التقنية الميكانيكية,تقنية التصنيع,برامج مفعله,28,76,الفصل التدريبي الثاني ,6,17,رياض-302,رياضيات2,3,0
الكلية التقنية,بكالوريوس,التقنية الميكانيكية,تقنية التصنيع,برامج مفعله,28,76,الفصل التدريبي الثاني ,6,17,منتج-312,بحوث العمليات,3,0
الكلية التقنية,بكالوريوس,التقنية الميكانيكية,تقنية التصنيع,برامج مفعله,28,76,الفصل التدريبي الثاني ,6,17,منتج-321,أساسيات الكهرباء والالكترونيات,1,2
الكلية التقنية,بكالوريوس,التقنية الميكانيكية,تقنية التصنيع,برامج مفعله,28,76,الفصل التدريبي الثاني ,6,17,منتج-374,عمليات التشغيل غير التقليدية,2,2
الكلية التقنية,بكالوريوس,التقنية الميكانيكية,تقنية التصنيع,برامج مفعله,28,76,الفصل التدريبي الرابع ,7,18, منتج-472,الروبوتات الصناعية والاتمتة,3,0
الكلية التقنية,بكالوريوس,التقنية الميكانيكية,تقنية التصنيع,برامج مفعله,28,76,الفصل التدريبي الرابع ,7,18,عامة-403,مهارات الإتصال,2,0
الكلية التقنية,بكالوريوس,التقنية الميكانيكية,تقنية التصنيع,برامج مفعله,28,76,الفصل التدريبي الرابع ,7,18,عامة-404,أدوات الجودة و تطبيقاتها,3,0
الكلية التقنية,بكالوريوس,التقنية الميكانيكية,تقنية التصنيع,برامج مفعله,28,76,الفصل التدريبي الرابع ,7,18,عامة-405,إقتصاد هندسي,2,0
الكلية التقنية,بكالوريوس,التقنية الميكانيكية,تقنية التصنيع,برامج مفعله,28,76,الفصل التدريبي الرابع ,7,18,منتج-431,تصميم العدد,3,0
الكلية التقنية,بكالوريوس,التقنية الميكانيكية,تقنية التصنيع,برامج مفعله,28,76,الفصل التدريبي الرابع ,7,18,منتج-451,نظرية تشكيل المعادن,3,0
الكلية التقنية,بكالوريوس,التقنية الميكانيكية,تقنية التصنيع,برامج مفعله,28,76,الفصل التدريبي الرابع ,7,18,منتج-471,التصنيع الرشيق,3,0
الكلية التقنية,بكالوريوس,التقنية الميكانيكية,تقنية التصنيع,برامج مفعله,28,76,الفصل التدريبي الرابع ,7,18,منتج-493,مشروع التخرج-2,1,2
الكلية التقنية,بكالوريوس,التقنية الميكانيكية,تقنية المحركات ومركبات,برامج مفعله,28,71,الفصل التدريبي الأول ,8,20,انجل-301,لغة انجليزية1,4,0
الكلية التقنية,بكالوريوس,التقنية الميكانيكية,تقنية المحركات ومركبات,برامج مفعله,28,71,الفصل التدريبي الأول ,8,20,رياض-301,رياضيات1,3,0
الكلية التقنية,بكالوريوس,التقنية الميكانيكية,تقنية المحركات ومركبات,برامج مفعله,28,71,الفصل التدريبي الأول ,8,20,فيزي-301,فيزياء,2,2
الكلية التقنية,بكالوريوس,التقنية الميكانيكية,تقنية المحركات ومركبات,برامج مفعله,28,71,الفصل التدريبي الأول ,8,20,متمر-313,المحاكاة والتصميم بمساعة الحاسب,0,4
الكلية التقنية,بكالوريوس,التقنية الميكانيكية,تقنية المحركات ومركبات,برامج مفعله,28,71,الفصل التدريبي الأول ,8,20,متمر-314,تطبيقات ميكانيكا الموائع,1,2
الكلية التقنية,بكالوريوس,التقنية الميكانيكية,تقنية المحركات ومركبات,برامج مفعله,28,71,الفصل التدريبي الأول ,8,20,متمر-341,الديناميكا الحرارية,1,2
الكلية التقنية,بكالوريوس,التقنية الميكانيكية,تقنية المحركات ومركبات,برامج مفعله,28,71,الفصل التدريبي الأول ,8,20,متمر-342,ميكانيكا المواد,1,2
الكلية التقنية,بكالوريوس,التقنية الميكانيكية,تقنية المحركات ومركبات,برامج مفعله,28,71,الفصل التدريبي الأول ,8,20,متمر-441,الإستاتيكا,3,0
الكلية التقنية,بكالوريوس,التقنية الميكانيكية,تقنية المحركات ومركبات,برامج مفعله,28,71,الفصل التدريبي الثالث ,6,17, متمر-472,التدفئة والتهوية وتكييف الهواء,2,0
الكلية التقنية,بكالوريوس,التقنية الميكانيكية,تقنية المحركات ومركبات,برامج مفعله,28,71,الفصل التدريبي الثالث ,6,17,عامة-402,إدارة المشاريع الهندسية,3,0
الكلية التقنية,بكالوريوس,التقنية الميكانيكية,تقنية المحركات ومركبات,برامج مفعله,28,71,الفصل التدريبي الثالث ,6,17,عامة-404,أدوات الجودة و تطبيقاتها,3,0
الكلية التقنية,بكالوريوس,التقنية الميكانيكية,تقنية المحركات ومركبات,برامج مفعله,28,71,الفصل التدريبي الثالث ,6,17,متمر-332,"انظمة إدارة المحرك المتقدمة و التحكم في انبعاثات
العادم",2,2
الكلية التقنية,بكالوريوس,التقنية الميكانيكية,تقنية المحركات ومركبات,برامج مفعله,28,71,الفصل التدريبي الثالث ,6,17,متمر-442,ديناميكا السيارات,2,2
الكلية التقنية,بكالوريوس,التقنية الميكانيكية,تقنية المحركات ومركبات,برامج مفعله,28,71,الفصل التدريبي الثالث ,6,17,متمر-443,تطبيقات الموائع,2,2
الكلية التقنية,بكالوريوس,التقنية الميكانيكية,تقنية المحركات ومركبات,برامج مفعله,28,71,الفصل التدريبي الثالث ,6,17,متمر-461,الطاقات المتجددة,2,0
الكلية التقنية,بكالوريوس,التقنية الميكانيكية,تقنية المحركات ومركبات,برامج مفعله,28,71,الفصل التدريبي الثاني ,7,18,احصا-303,الإحصاء والاحتمالات,3,0
الكلية التقنية,بكالوريوس,التقنية الميكانيكية,تقنية المحركات ومركبات,برامج مفعله,28,71,الفصل التدريبي الثاني ,7,18,انجل-302,لغة انجليزية 2,4,0
الكلية التقنية,بكالوريوس,التقنية الميكانيكية,تقنية المحركات ومركبات,برامج مفعله,28,71,الفصل التدريبي الثاني ,7,18,رياض-302,رياضيات2,3,0
الكلية التقنية,بكالوريوس,التقنية الميكانيكية,تقنية المحركات ومركبات,برامج مفعله,28,71,الفصل التدريبي الثاني ,7,18,متمر-322,محركات الاحتراق الداخلي,1,2
الكلية التقنية,بكالوريوس,التقنية الميكانيكية,تقنية المحركات ومركبات,برامج مفعله,28,71,الفصل التدريبي الثاني ,7,18,متمر-352,مبادئ انظمة التحكم,1,2
الكلية التقنية,بكالوريوس,التقنية الميكانيكية,تقنية المحركات ومركبات,برامج مفعله,28,71,الفصل التدريبي الثاني ,7,18,متمر-412,الضوضاء والاهتزازات في المركبا,2,2
الكلية التقنية,بكالوريوس,التقنية الميكانيكية,تقنية المحركات ومركبات,برامج مفعله,28,71,الفصل التدريبي الثاني ,7,18,متمر-413,تطبيقات تصميم السيارات بالحاسب,0,4
الكلية التقنية,بكالوريوس,التقنية الميكانيكية,تقنية المحركات ومركبات,برامج مفعله,28,71,الفصل التدريبي الرابع ,7,16, متمر-473,الشاحن التوربيني و قدرة المحرك,2,0
الكلية التقنية,بكالوريوس,التقنية الميكانيكية,تقنية المحركات ومركبات,برامج مفعله,28,71,الفصل التدريبي الرابع ,7,16,عامة-405,إقتصاد هندسي,2,0
الكلية التقنية,بكالوريوس,التقنية الميكانيكية,تقنية المحركات ومركبات,برامج مفعله,28,71,الفصل التدريبي الرابع ,7,16,متمر-431,تقنية الوقود البديلة والسيارة الهجينة والكهربائية,2,2
الكلية التقنية,بكالوريوس,التقنية الميكانيكية,تقنية المحركات ومركبات,برامج مفعله,28,71,الفصل التدريبي الرابع ,7,16,متمر-434,تصميم اجزاء السيارة,2,0
الكلية التقنية,بكالوريوس,التقنية الميكانيكية,تقنية المحركات ومركبات,برامج مفعله,28,71,الفصل التدريبي الرابع ,7,16,متمر-462,أنظمة التحكم المتقدمة في هيكل وجسم السيارة,2,2
الكلية التقنية,بكالوريوس,التقنية الميكانيكية,تقنية المحركات ومركبات,برامج مفعله,28,71,الفصل التدريبي الرابع ,7,16,متمر-482,مواضيع متقدمة في تكنولوجيا السيارات,2,0
الكلية التقنية,بكالوريوس,التقنية الميكانيكية,تقنية المحركات ومركبات,برامج مفعله,28,71,الفصل التدريبي الرابع ,7,16,متمر-483,إدارة ورش السيارات,2,0
الكلية التقنية,بكالوريوس,التقنية الميكانيكية,تقنية المحركات ومركبات,برامج مفعله,28,71,الفصل التدريبي الرابع ,7,16,متمر-491,مشروع التخرج,1,2
الكلية التقنية,بكالوريوس,التقنية الكيميائية,تقنية المختبرات الكيميائية,برامج مفعله,27,73,الفصل التدريبي الأول ,5,17,انجل-301,لغة انجليزية1,4,0
الكلية التقنية,بكالوريوس,التقنية الكيميائية,تقنية المختبرات الكيميائية,برامج مفعله,27,73,الفصل التدريبي الأول ,5,17,رياض-301,رياضيات1,3,0
الكلية التقنية,بكالوريوس,التقنية الكيميائية,تقنية المختبرات الكيميائية,برامج مفعله,27,73,الفصل التدريبي الأول ,5,17,فيزي-301,فيزياء,2,2
الكلية التقنية,بكالوريوس,التقنية الكيميائية,تقنية المختبرات الكيميائية,برامج مفعله,27,73,الفصل التدريبي الأول ,5,17,مكيم-311,كيمياء عضوية متقدمة,2,4
الكلية التقنية,بكالوريوس,التقنية الكيميائية,تقنية المختبرات الكيميائية,برامج مفعله,27,73,الفصل التدريبي الأول ,5,17,مكيم-321,كيمياء فيزيائية متقدمة,2,4
الكلية التقنية,بكالوريوس,التقنية الكيميائية,تقنية المختبرات الكيميائية,برامج مفعله,27,73,الفصل التدريبي الثالث ,9,22, نكيم-424,مهارات الكتابة الفنية,2,0
الكلية التقنية,بكالوريوس,التقنية الكيميائية,تقنية المختبرات الكيميائية,برامج مفعله,27,73,الفصل التدريبي الثالث ,9,22, نكيم-461,الطاقة المتجددة,2,0
الكلية التقنية,بكالوريوس,التقنية الكيميائية,تقنية المختبرات الكيميائية,برامج مفعله,27,73,الفصل التدريبي الثالث ,9,22,عامة-402,إدارة المشاريع الهندسية,3,0
الكلية التقنية,بكالوريوس,التقنية الكيميائية,تقنية المختبرات الكيميائية,برامج مفعله,27,73,الفصل التدريبي الثالث ,9,22,عامة-404,أدوات الجودة و تطبيقاتها,3,0
الكلية التقنية,بكالوريوس,التقنية الكيميائية,تقنية المختبرات الكيميائية,برامج مفعله,27,73,الفصل التدريبي الثالث ,9,22,مكيم-322,كيمياء كهربائية,2,0
الكلية التقنية,بكالوريوس,التقنية الكيميائية,تقنية المختبرات الكيميائية,برامج مفعله,27,73,الفصل التدريبي الثالث ,9,22,مكيم-341,حسابات تحليلية كمية,2,0
الكلية التقنية,بكالوريوس,التقنية الكيميائية,تقنية المختبرات الكيميائية,برامج مفعله,27,73,الفصل التدريبي الثالث ,9,22,مكيم-412,ميكانيكية التفاعلات العضوية,2,0
الكلية التقنية,بكالوريوس,التقنية الكيميائية,تقنية المختبرات الكيميائية,برامج مفعله,27,73,الفصل التدريبي الثالث ,9,22,مكيم-413,أطياف المركبات العضوية,2,0
الكلية التقنية,بكالوريوس,التقنية الكيميائية,تقنية المختبرات الكيميائية,برامج مفعله,27,73,الفصل التدريبي الثالث ,9,22,مكيم-414,كيمياء الادوية,2,0
الكلية التقنية,بكالوريوس,التقنية الكيميائية,تقنية المختبرات الكيميائية,برامج مفعله,27,73,الفصل التدريبي الثالث ,9,22,مكيم-423,التآكل,2,4
الكلية التقنية,بكالوريوس,التقنية الكيميائية,تقنية المختبرات الكيميائية,برامج مفعله,27,73,الفصل التدريبي الثالث ,9,22,نكيم-444,معالجة المياه,2,0
الكلية التقنية,بكالوريوس,التقنية الكيميائية,تقنية المختبرات الكيميائية,برامج مفعله,27,73,الفصل التدريبي الثاني ,6,17,احصا-303,الإحصاء والاحتمالات,3,0
الكلية التقنية,بكالوريوس,التقنية الكيميائية,تقنية المختبرات الكيميائية,برامج مفعله,27,73,الفصل التدريبي الثاني ,6,17,انجل-302,لغة انجليزية 2,4,0
الكلية التقنية,بكالوريوس,التقنية الكيميائية,تقنية المختبرات الكيميائية,برامج مفعله,27,73,الفصل التدريبي الثاني ,6,17,رياض-302,رياضيات2,3,0
الكلية التقنية,بكالوريوس,التقنية الكيميائية,تقنية المختبرات الكيميائية,برامج مفعله,27,73,الفصل التدريبي الثاني ,6,17,مكيم-331,كيمياء غير عضوية,2,4
الكلية التقنية,بكالوريوس,التقنية الكيميائية,تقنية المختبرات الكيميائية,برامج مفعله,27,73,الفصل التدريبي الثاني ,6,17,مكيم-351,تطبيقات الحاسب في الكيمياء,0,4
الكلية التقنية,بكالوريوس,التقنية الكيميائية,تقنية المختبرات الكيميائية,برامج مفعله,27,73,الفصل التدريبي الثاني ,6,17,نكيم-341,البتروكيماويات,2,0
الكلية التقنية,بكالوريوس,التقنية الكيميائية,تقنية المختبرات الكيميائية,برامج مفعله,27,73,الفصل التدريبي الرابع ,7,17,عامة-403,مهارات الإتصال,2,0
الكلية التقنية,بكالوريوس,التقنية الكيميائية,تقنية المختبرات الكيميائية,برامج مفعله,27,73,الفصل التدريبي الرابع ,7,17,مكيم-432,كيمياء المركبات العضو معدنية,2,0
الكلية التقنية,بكالوريوس,التقنية الكيميائية,تقنية المختبرات الكيميائية,برامج مفعله,27,73,الفصل التدريبي الرابع ,7,17,مكيم-433,صناعات غير عضوية,2,0
الكلية التقنية,بكالوريوس,التقنية الكيميائية,تقنية المختبرات الكيميائية,برامج مفعله,27,73,الفصل التدريبي الرابع ,7,17,مكيم-434,كيمياء إشعاعية ونووية,2,0
الكلية التقنية,بكالوريوس,التقنية الكيميائية,تقنية المختبرات الكيميائية,برامج مفعله,27,73,الفصل التدريبي الرابع ,7,17,مكيم-442,التحليل الآلي,2,4
الكلية التقنية,بكالوريوس,التقنية الكيميائية,تقنية المختبرات الكيميائية,برامج مفعله,27,73,الفصل التدريبي الرابع ,7,17,مكيم-491,مشروع التخرج,1,2
الكلية التقنية,بكالوريوس,التقنية الكيميائية,تقنية المختبرات الكيميائية,برامج مفعله,27,73,الفصل التدريبي الرابع ,7,17,نكيم-414,علم البوليمر,3,0
الكلية التقنية,بكالوريوس,التقنية المدنية والمعمارية,تقنية المساحة,برامج مفعله,26,71,الفصل التدريبي الأول ,7,20,انجل-301,لغة انجليزية1,4,0
الكلية التقنية,بكالوريوس,التقنية المدنية والمعمارية,تقنية المساحة,برامج مفعله,26,71,الفصل التدريبي الأول ,7,20,حاسب-402,برمجة الحاسب الالي,2,2
الكلية التقنية,بكالوريوس,التقنية المدنية والمعمارية,تقنية المساحة,برامج مفعله,26,71,الفصل التدريبي الأول ,7,20,رياض-301,رياضيات1,3,0
الكلية التقنية,بكالوريوس,التقنية المدنية والمعمارية,تقنية المساحة,برامج مفعله,26,71,الفصل التدريبي الأول ,7,20,فيزي-301,فيزياء,2,2
الكلية التقنية,بكالوريوس,التقنية المدنية والمعمارية,تقنية المساحة,برامج مفعله,26,71,الفصل التدريبي الأول ,7,20,يمسح-311,جيوديسيا,2,2
الكلية التقنية,بكالوريوس,التقنية المدنية والمعمارية,تقنية المساحة,برامج مفعله,26,71,الفصل التدريبي الأول ,7,20,يمسح-321,صناعة و اسقاط الخرائط,2,0
الكلية التقنية,بكالوريوس,التقنية المدنية والمعمارية,تقنية المساحة,برامج مفعله,26,71,الفصل التدريبي الأول ,7,20,يمسح-352,معالجة الصور الرقمية,2,2
الكلية التقنية,بكالوريوس,التقنية المدنية والمعمارية,تقنية المساحة,برامج مفعله,26,71,الفصل التدريبي الثالث ,7,18, يمسح-454,المسح تحت الأرض,2,2
الكلية التقنية,بكالوريوس,التقنية المدنية والمعمارية,تقنية المساحة,برامج مفعله,26,71,الفصل التدريبي الثالث ,7,18, يمسح-481,ادارة الكوارث,2,2
الكلية التقنية,بكالوريوس,التقنية المدنية والمعمارية,تقنية المساحة,برامج مفعله,26,71,الفصل التدريبي الثالث ,7,18,عامة-402,إدارة المشاريع الهندسية,3,0
الكلية التقنية,بكالوريوس,التقنية المدنية والمعمارية,تقنية المساحة,برامج مفعله,26,71,الفصل التدريبي الثالث ,7,18,يمسح-341,تحليل المعلومات الجغرافية,2,2
الكلية التقنية,بكالوريوس,التقنية المدنية والمعمارية,تقنية المساحة,برامج مفعله,26,71,الفصل التدريبي الثالث ,7,18,يمسح-361,الاستشعار عن بعد,2,2
الكلية التقنية,بكالوريوس,التقنية المدنية والمعمارية,تقنية المساحة,برامج مفعله,26,71,الفصل التدريبي الثالث ,7,18,يمسح-434,تكنولوجيا الويب,2,2
الكلية التقنية,بكالوريوس,التقنية المدنية والمعمارية,تقنية المساحة,برامج مفعله,26,71,الفصل التدريبي الثالث ,7,18,يمسح-462,تكنولوجيا تحديد المواقع في الأماكن المغلقة,2,2
الكلية التقنية,بكالوريوس,التقنية المدنية والمعمارية,تقنية المساحة,برامج مفعله,26,71,الفصل التدريبي الثالث ,7,18,يمسح-472,نظرية الاخطاء و ضبط الارصاد,2,0
الكلية التقنية,بكالوريوس,التقنية المدنية والمعمارية,تقنية المساحة,برامج مفعله,26,71,الفصل التدريبي الثالث ,7,18,يمسح-490,مشروع (1),0,2
الكلية التقنية,بكالوريوس,التقنية المدنية والمعمارية,تقنية المساحة,برامج مفعله,26,71,الفصل التدريبي الثاني ,6,17,احصا-303,الإحصاء والاحتمالات,3,0
الكلية التقنية,بكالوريوس,التقنية المدنية والمعمارية,تقنية المساحة,برامج مفعله,26,71,الفصل التدريبي الثاني ,6,17,انجل-302,لغة انجليزية 2,4,0
الكلية التقنية,بكالوريوس,التقنية المدنية والمعمارية,تقنية المساحة,برامج مفعله,26,71,الفصل التدريبي الثاني ,6,17,رياض-302,رياضيات2,3,0
الكلية التقنية,بكالوريوس,التقنية المدنية والمعمارية,تقنية المساحة,برامج مفعله,26,71,الفصل التدريبي الثاني ,6,17,يمدن-461,هندسة الطرق,2,2
الكلية التقنية,بكالوريوس,التقنية المدنية والمعمارية,تقنية المساحة,برامج مفعله,26,71,الفصل التدريبي الثاني ,6,17,يمسح-432,تطبيقات مساحية بالحاسب,0,4
الكلية التقنية,بكالوريوس,التقنية المدنية والمعمارية,تقنية المساحة,برامج مفعله,26,71,الفصل التدريبي الثاني ,6,17,يمسح-443,قواعد البيانات المكانية,2,2
الكلية التقنية,بكالوريوس,التقنية المدنية والمعمارية,تقنية المساحة,برامج مفعله,26,71,الفصل التدريبي الرابع ,6,16, يمسح-422,التحويلات بين الاحداثيات,2,2
الكلية التقنية,بكالوريوس,التقنية المدنية والمعمارية,تقنية المساحة,برامج مفعله,26,71,الفصل التدريبي الرابع ,6,16, يمسح-455,المسح التصويري المتقدم,2,2
الكلية التقنية,بكالوريوس,التقنية المدنية والمعمارية,تقنية المساحة,برامج مفعله,26,71,الفصل التدريبي الرابع ,6,16,يمسح-421,نظم المعلومات الجغرافية المنشورة,2,2
الكلية التقنية,بكالوريوس,التقنية المدنية والمعمارية,تقنية المساحة,برامج مفعله,26,71,الفصل التدريبي الرابع ,6,16,يمسح-433,علم سحابة النقطة,2,2
الكلية التقنية,بكالوريوس,التقنية المدنية والمعمارية,تقنية المساحة,برامج مفعله,26,71,الفصل التدريبي الرابع ,6,16,يمسح-451,المساحة التصويرية الرقمية,2,2
الكلية التقنية,بكالوريوس,التقنية المدنية والمعمارية,تقنية المساحة,برامج مفعله,26,71,الفصل التدريبي الرابع ,6,16,يمسح-453,المساحة البحرية,2,2
الكلية التقنية,بكالوريوس,التقنية المدنية والمعمارية,تقنية المساحة,برامج مفعله,26,71,الفصل التدريبي الرابع ,6,16,يمسح-482,قانون الاراضي والتسجيل,2,2
الكلية التقنية,بكالوريوس,التقنية المدنية والمعمارية,تقنية المساحة,برامج مفعله,26,71,الفصل التدريبي الرابع ,6,16,يمسح-492,مشروع (2),0,2
الكلية التقنية,بكالوريوس,الحاسب وتقنية المعلومات,تقنية شبكات الحاسب,برامج مفعله,24,72,الفصل التدريبي الأول ,6,18,انجل-301,لغة انجليزية1,4,0
كلية الاتصالات والمعلومات,بكالوريوس,الحاسب وتقنية المعلومات,تقنية شبكات الحاسب,برامج مفعله,24,72,الفصل التدريبي الأول ,6,18,انجل-301,لغة انجليزية1,4,0
الكلية التقنية,بكالوريوس,الحاسب وتقنية المعلومات,تقنية شبكات الحاسب,برامج مفعله,24,72,الفصل التدريبي الأول ,6,18,حاسب-402,برمجة الحاسب الالي,2,2
كلية الاتصالات والمعلومات,بكالوريوس,الحاسب وتقنية المعلومات,تقنية شبكات الحاسب,برامج مفعله,24,72,الفصل التدريبي الأول ,6,18,حاسب-402,برمجة الحاسب الالي,2,2
الكلية التقنية,بكالوريوس,الحاسب وتقنية المعلومات,تقنية شبكات الحاسب,برامج مفعله,24,72,الفصل التدريبي الأول ,6,18,رياض-301,رياضيات1,3,0
كلية الاتصالات والمعلومات,بكالوريوس,الحاسب وتقنية المعلومات,تقنية شبكات الحاسب,برامج مفعله,24,72,الفصل التدريبي الأول ,6,18,رياض-301,رياضيات1,3,0
الكلية التقنية,بكالوريوس,الحاسب وتقنية المعلومات,تقنية شبكات الحاسب,برامج مفعله,24,72,الفصل التدريبي الأول ,6,18,شبكا-313,شبكات الحاسب,2,2
كلية الاتصالات والمعلومات,بكالوريوس,الحاسب وتقنية المعلومات,تقنية شبكات الحاسب,برامج مفعله,24,72,الفصل التدريبي الأول ,6,18,شبكا-313,شبكات الحاسب,2,2
الكلية التقنية,بكالوريوس,الحاسب وتقنية المعلومات,تقنية شبكات الحاسب,برامج مفعله,24,72,الفصل التدريبي الأول ,6,18,فيزي-301,فيزياء,2,2
كلية الاتصالات والمعلومات,بكالوريوس,الحاسب وتقنية المعلومات,تقنية شبكات الحاسب,برامج مفعله,24,72,الفصل التدريبي الأول ,6,18,فيزي-301,فيزياء,2,2
الكلية التقنية,بكالوريوس,الحاسب وتقنية المعلومات,تقنية شبكات الحاسب,برامج مفعله,24,72,الفصل التدريبي الأول ,6,18,نشبك-312,أساسيات إدارة أنظمة الشبكات,2,2
كلية الاتصالات والمعلومات,بكالوريوس,الحاسب وتقنية المعلومات,تقنية شبكات الحاسب,برامج مفعله,24,72,الفصل التدريبي الأول ,6,18,نشبك-312,أساسيات إدارة أنظمة الشبكات,2,2
كلية الاتصالات والمعلومات,بكالوريوس,الحاسب وتقنية المعلومات,تقنية شبكات الحاسب,برامج مفعله,24,72,الفصل التدريبي الثالث ,7,20, شبكا-442,مراقبة وإدارة الشبكات,2,2
الكلية التقنية,بكالوريوس,الحاسب وتقنية المعلومات,تقنية شبكات الحاسب,برامج مفعله,24,72,الفصل التدريبي الثالث ,7,20, شبكا-442,مراقبة وإدارة الشبكات,2,2
الكلية التقنية,بكالوريوس,الحاسب وتقنية المعلومات,تقنية شبكات الحاسب,برامج مفعله,24,72,الفصل التدريبي الثالث ,7,20,شبكا-424,تقنيات التحويل المتقدمة,2,4
كلية الاتصالات والمعلومات,بكالوريوس,الحاسب وتقنية المعلومات,تقنية شبكات الحاسب,برامج مفعله,24,72,الفصل التدريبي الثالث ,7,20,شبكا-424,تقنيات التحويل المتقدمة,2,4
الكلية التقنية,بكالوريوس,الحاسب وتقنية المعلومات,تقنية شبكات الحاسب,برامج مفعله,24,72,الفصل التدريبي الثالث ,7,20,شبكا-433,أمن المعلومات والشبكات,2,2
كلية الاتصالات والمعلومات,بكالوريوس,الحاسب وتقنية المعلومات,تقنية شبكات الحاسب,برامج مفعله,24,72,الفصل التدريبي الثالث ,7,20,شبكا-433,أمن المعلومات والشبكات,2,2
الكلية التقنية,بكالوريوس,الحاسب وتقنية المعلومات,تقنية شبكات الحاسب,برامج مفعله,24,72,الفصل التدريبي الثالث ,7,20,عامة-401,مقدمة فى الإدارة و القيادة,2,0
كلية الاتصالات والمعلومات,بكالوريوس,الحاسب وتقنية المعلومات,تقنية شبكات الحاسب,برامج مفعله,24,72,الفصل التدريبي الثالث ,7,20,عامة-401,مقدمة فى الإدارة و القيادة,2,0
كلية الاتصالات والمعلومات,بكالوريوس,الحاسب وتقنية المعلومات,تقنية شبكات الحاسب,برامج مفعله,24,72,الفصل التدريبي الثالث ,7,20,عامة-402,إدارة المشاريع الهندسية,3,0
الكلية التقنية,بكالوريوس,الحاسب وتقنية المعلومات,تقنية شبكات الحاسب,برامج مفعله,24,72,الفصل التدريبي الثالث ,7,20,عامة-402,إدارة المشاريع الهندسية,3,0
الكلية التقنية,بكالوريوس,الحاسب وتقنية المعلومات,تقنية شبكات الحاسب,برامج مفعله,24,72,الفصل التدريبي الثالث ,7,20,عامة-405,إقتصاد هندسي,2,0
كلية الاتصالات والمعلومات,بكالوريوس,الحاسب وتقنية المعلومات,تقنية شبكات الحاسب,برامج مفعله,24,72,الفصل التدريبي الثالث ,7,20,عامة-405,إقتصاد هندسي,2,0
الكلية التقنية,بكالوريوس,الحاسب وتقنية المعلومات,تقنية شبكات الحاسب,برامج مفعله,24,72,الفصل التدريبي الثالث ,7,20,نشبك-444,أنظمة شبكات المصادر المفتوحة,2,2
كلية الاتصالات والمعلومات,بكالوريوس,الحاسب وتقنية المعلومات,تقنية شبكات الحاسب,برامج مفعله,24,72,الفصل التدريبي الثالث ,7,20,نشبك-444,أنظمة شبكات المصادر المفتوحة,2,2
كلية الاتصالات والمعلومات,بكالوريوس,الحاسب وتقنية المعلومات,تقنية شبكات الحاسب,برامج مفعله,24,72,الفصل التدريبي الثالث ,7,20,نشبك-485,إنترنت الأشياء,2,2
الكلية التقنية,بكالوريوس,الحاسب وتقنية المعلومات,تقنية شبكات الحاسب,برامج مفعله,24,72,الفصل التدريبي الثالث ,7,20,نشبك-485,إنترنت الأشياء,2,2
الكلية التقنية,بكالوريوس,الحاسب وتقنية المعلومات,تقنية شبكات الحاسب,برامج مفعله,24,72,الفصل التدريبي الثاني ,6,18, شبكا-352,الشبكات اللاسلكية,2,2
كلية الاتصالات والمعلومات,بكالوريوس,الحاسب وتقنية المعلومات,تقنية شبكات الحاسب,برامج مفعله,24,72,الفصل التدريبي الثاني ,6,18, شبكا-352,الشبكات اللاسلكية,2,2
الكلية التقنية,بكالوريوس,الحاسب وتقنية المعلومات,تقنية شبكات الحاسب,برامج مفعله,24,72,الفصل التدريبي الثاني ,6,18,احصا-303,الإحصاء والاحتمالات,3,0
كلية الاتصالات والمعلومات,بكالوريوس,الحاسب وتقنية المعلومات,تقنية شبكات الحاسب,برامج مفعله,24,72,الفصل التدريبي الثاني ,6,18,احصا-303,الإحصاء والاحتمالات,3,0
الكلية التقنية,بكالوريوس,الحاسب وتقنية المعلومات,تقنية شبكات الحاسب,برامج مفعله,24,72,الفصل التدريبي الثاني ,6,18,انجل-302,لغة انجليزية 2,4,0
كلية الاتصالات والمعلومات,بكالوريوس,الحاسب وتقنية المعلومات,تقنية شبكات الحاسب,برامج مفعله,24,72,الفصل التدريبي الثاني ,6,18,انجل-302,لغة انجليزية 2,4,0
كلية الاتصالات والمعلومات,بكالوريوس,الحاسب وتقنية المعلومات,تقنية شبكات الحاسب,برامج مفعله,24,72,الفصل التدريبي الثاني ,6,18,رياض-303,رياضيات متقطعة,3,0
الكلية التقنية,بكالوريوس,الحاسب وتقنية المعلومات,تقنية شبكات الحاسب,برامج مفعله,24,72,الفصل التدريبي الثاني ,6,18,رياض-303,رياضيات متقطعة,3,0
الكلية التقنية,بكالوريوس,الحاسب وتقنية المعلومات,تقنية شبكات الحاسب,برامج مفعله,24,72,الفصل التدريبي الثاني ,6,18,شبكا-323,تقنيات التوجيه المتقدمة,2,4
كلية الاتصالات والمعلومات,بكالوريوس,الحاسب وتقنية المعلومات,تقنية شبكات الحاسب,برامج مفعله,24,72,الفصل التدريبي الثاني ,6,18,شبكا-323,تقنيات التوجيه المتقدمة,2,4
الكلية التقنية,بكالوريوس,الحاسب وتقنية المعلومات,تقنية شبكات الحاسب,برامج مفعله,24,72,الفصل التدريبي الثاني ,6,18,شبكا-351,شبكات الاتصال,2,2
كلية الاتصالات والمعلومات,بكالوريوس,الحاسب وتقنية المعلومات,تقنية شبكات الحاسب,برامج مفعله,24,72,الفصل التدريبي الثاني ,6,18,شبكا-351,شبكات الاتصال,2,2
الكلية التقنية,بكالوريوس,الحاسب وتقنية المعلومات,تقنية شبكات الحاسب,برامج مفعله,24,72,الفصل التدريبي الثاني ,6,18,شبكا-371,وسائط النقل,0,4
كلية الاتصالات والمعلومات,بكالوريوس,الحاسب وتقنية المعلومات,تقنية شبكات الحاسب,برامج مفعله,24,72,الفصل التدريبي الثاني ,6,18,شبكا-371,وسائط النقل,0,4
كلية الاتصالات والمعلومات,بكالوريوس,الحاسب وتقنية المعلومات,تقنية شبكات الحاسب,برامج مفعله,24,72,الفصل التدريبي الرابع ,5,16, شبكا-443,مراكز البيانات,2,2
الكلية التقنية,بكالوريوس,الحاسب وتقنية المعلومات,تقنية شبكات الحاسب,برامج مفعله,24,72,الفصل التدريبي الرابع ,5,16, نشبك-443,تحليل وتصميم الشبكات,2,2
كلية الاتصالات والمعلومات,بكالوريوس,الحاسب وتقنية المعلومات,تقنية شبكات الحاسب,برامج مفعله,24,72,الفصل التدريبي الرابع ,5,16,شبكا-372,نقل الصوت عبر الشبكة,2,2
الكلية التقنية,بكالوريوس,الحاسب وتقنية المعلومات,تقنية شبكات الحاسب,برامج مفعله,24,72,الفصل التدريبي الرابع ,5,16,شبكا-372,نقل الصوت عبر الشبكة,2,2
الكلية التقنية,بكالوريوس,الحاسب وتقنية المعلومات,تقنية شبكات الحاسب,برامج مفعله,24,72,الفصل التدريبي الرابع ,5,16,شبكا-434,الأمن السيبراني,2,2
كلية الاتصالات والمعلومات,بكالوريوس,الحاسب وتقنية المعلومات,تقنية شبكات الحاسب,برامج مفعله,24,72,الفصل التدريبي الرابع ,5,16,شبكا-434,الأمن السيبراني,2,2
الكلية التقنية,بكالوريوس,الحاسب وتقنية المعلومات,تقنية شبكات الحاسب,برامج مفعله,24,72,الفصل التدريبي الرابع ,5,16,شبكا-444,تصميم وهندسة الشبكات,2,4
كلية الاتصالات والمعلومات,بكالوريوس,الحاسب وتقنية المعلومات,تقنية شبكات الحاسب,برامج مفعله,24,72,الفصل التدريبي الرابع ,5,16,شبكا-444,تصميم وهندسة الشبكات,2,4
كلية الاتصالات والمعلومات,بكالوريوس,الحاسب وتقنية المعلومات,تقنية شبكات الحاسب,برامج مفعله,24,72,الفصل التدريبي الرابع ,5,16,شبكا-473,الحوسبة السحابية,2,4
الكلية التقنية,بكالوريوس,الحاسب وتقنية المعلومات,تقنية شبكات الحاسب,برامج مفعله,24,72,الفصل التدريبي الرابع ,5,16,شبكا-473,الحوسبة السحابية,2,4
الكلية التقنية,بكالوريوس,الحاسب وتقنية المعلومات,تقنية شبكات الحاسب,برامج مفعله,24,72,الفصل التدريبي الرابع ,5,16,شبكا-492,مشروع التخرج,1,2
كلية الاتصالات والمعلومات,بكالوريوس,الحاسب وتقنية المعلومات,تقنية شبكات الحاسب,برامج مفعله,24,72,الفصل التدريبي الرابع ,5,16,شبكا-492,مشروع التخرج,1,2
الكلية التقنية,بكالوريوس,الحاسب وتقنية المعلومات,دعم أنظمة شبكات الحاسب,برامج مفعله,26,72,الفصل التدريبي الأول ,6,18,انجل-301,لغة انجليزية1,4,0
كلية الاتصالات والإلكترونيات,بكالوريوس,الحاسب وتقنية المعلومات,دعم أنظمة شبكات الحاسب,برامج مفعله,26,72,الفصل التدريبي الأول ,6,18,انجل-301,لغة انجليزية1,4,0
كلية الاتصالات والإلكترونيات,بكالوريوس,الحاسب وتقنية المعلومات,دعم أنظمة شبكات الحاسب,برامج مفعله,26,72,الفصل التدريبي الأول ,6,18,رياض-301,رياضيات1,3,0
الكلية التقنية,بكالوريوس,الحاسب وتقنية المعلومات,دعم أنظمة شبكات الحاسب,برامج مفعله,26,72,الفصل التدريبي الأول ,6,18,رياض-301,رياضيات1,3,0
كلية الاتصالات والإلكترونيات,بكالوريوس,الحاسب وتقنية المعلومات,دعم أنظمة شبكات الحاسب,برامج مفعله,26,72,الفصل التدريبي الأول ,6,18,فيزي-301,فيزياء,2,2
الكلية التقنية,بكالوريوس,الحاسب وتقنية المعلومات,دعم أنظمة شبكات الحاسب,برامج مفعله,26,72,الفصل التدريبي الأول ,6,18,فيزي-301,فيزياء,2,2
الكلية التقنية,بكالوريوس,الحاسب وتقنية المعلومات,دعم أنظمة شبكات الحاسب,برامج مفعله,26,72,الفصل التدريبي الأول ,6,18,نشبك-312,أساسيات إدارة أنظمة الشبكات,2,2
كلية الاتصالات والإلكترونيات,بكالوريوس,الحاسب وتقنية المعلومات,دعم أنظمة شبكات الحاسب,برامج مفعله,26,72,الفصل التدريبي الأول ,6,18,نشبك-312,أساسيات إدارة أنظمة الشبكات,2,2
الكلية التقنية,بكالوريوس,الحاسب وتقنية المعلومات,دعم أنظمة شبكات الحاسب,برامج مفعله,26,72,الفصل التدريبي الأول ,6,18,نشبك-343,استراتيجيات حلول المسائل,2,2
كلية الاتصالات والإلكترونيات,بكالوريوس,الحاسب وتقنية المعلومات,دعم أنظمة شبكات الحاسب,برامج مفعله,26,72,الفصل التدريبي الأول ,6,18,نشبك-343,استراتيجيات حلول المسائل,2,2
كلية الاتصالات والإلكترونيات,بكالوريوس,الحاسب وتقنية المعلومات,دعم أنظمة شبكات الحاسب,برامج مفعله,26,72,الفصل التدريبي الأول ,6,18,نشبك-351,تقنيات الشبكات - 1,2,2
الكلية التقنية,بكالوريوس,الحاسب وتقنية المعلومات,دعم أنظمة شبكات الحاسب,برامج مفعله,26,72,الفصل التدريبي الأول ,6,18,نشبك-351,تقنيات الشبكات - 1,2,2
الكلية التقنية,بكالوريوس,الحاسب وتقنية المعلومات,دعم أنظمة شبكات الحاسب,برامج مفعله,26,72,الفصل التدريبي الثالث ,7,18,احصا-303,الإحصاء والاحتمالات,3,0
كلية الاتصالات والإلكترونيات,بكالوريوس,الحاسب وتقنية المعلومات,دعم أنظمة شبكات الحاسب,برامج مفعله,26,72,الفصل التدريبي الثالث ,7,18,احصا-303,الإحصاء والاحتمالات,3,0
الكلية التقنية,بكالوريوس,الحاسب وتقنية المعلومات,دعم أنظمة شبكات الحاسب,برامج مفعله,26,72,الفصل التدريبي الثالث ,7,18,شبكا-433,أمن المعلومات والشبكات,2,2
كلية الاتصالات والإلكترونيات,بكالوريوس,الحاسب وتقنية المعلومات,دعم أنظمة شبكات الحاسب,برامج مفعله,26,72,الفصل التدريبي الثالث ,7,18,شبكا-433,أمن المعلومات والشبكات,2,2
كلية الاتصالات والإلكترونيات,بكالوريوس,الحاسب وتقنية المعلومات,دعم أنظمة شبكات الحاسب,برامج مفعله,26,72,الفصل التدريبي الثالث ,7,18,عامة-402,إدارة المشاريع الهندسية,3,0
الكلية التقنية,بكالوريوس,الحاسب وتقنية المعلومات,دعم أنظمة شبكات الحاسب,برامج مفعله,26,72,الفصل التدريبي الثالث ,7,18,عامة-402,إدارة المشاريع الهندسية,3,0
كلية الاتصالات والإلكترونيات,بكالوريوس,الحاسب وتقنية المعلومات,دعم أنظمة شبكات الحاسب,برامج مفعله,26,72,الفصل التدريبي الثالث ,7,18,عامة-405,إقتصاد هندسي,2,0
الكلية التقنية,بكالوريوس,الحاسب وتقنية المعلومات,دعم أنظمة شبكات الحاسب,برامج مفعله,26,72,الفصل التدريبي الثالث ,7,18,عامة-405,إقتصاد هندسي,2,0
الكلية التقنية,بكالوريوس,الحاسب وتقنية المعلومات,دعم أنظمة شبكات الحاسب,برامج مفعله,26,72,الفصل التدريبي الثالث ,7,18,نشبك-443,تحليل وتصميم الشبكات,2,2
كلية الاتصالات والإلكترونيات,بكالوريوس,الحاسب وتقنية المعلومات,دعم أنظمة شبكات الحاسب,برامج مفعله,26,72,الفصل التدريبي الثالث ,7,18,نشبك-443,تحليل وتصميم الشبكات,2,2
الكلية التقنية,بكالوريوس,الحاسب وتقنية المعلومات,دعم أنظمة شبكات الحاسب,برامج مفعله,26,72,الفصل التدريبي الثالث ,7,18,نشبك-453,تشغيل مركز البيانات -1,2,2
كلية الاتصالات والإلكترونيات,بكالوريوس,الحاسب وتقنية المعلومات,دعم أنظمة شبكات الحاسب,برامج مفعله,26,72,الفصل التدريبي الثالث ,7,18,نشبك-453,تشغيل مركز البيانات -1,2,2
الكلية التقنية,بكالوريوس,الحاسب وتقنية المعلومات,دعم أنظمة شبكات الحاسب,برامج مفعله,26,72,الفصل التدريبي الثالث ,7,18,نشبك-483,حلقة نقاش,0,2
كلية الاتصالات والإلكترونيات,بكالوريوس,الحاسب وتقنية المعلومات,دعم أنظمة شبكات الحاسب,برامج مفعله,26,72,الفصل التدريبي الثالث ,7,18,نشبك-483,حلقة نقاش,0,2
كلية الاتصالات والإلكترونيات,بكالوريوس,الحاسب وتقنية المعلومات,دعم أنظمة شبكات الحاسب,برامج مفعله,26,72,الفصل التدريبي الثاني ,7,19, نشبك-481,مواضيع مختارة,2,2
الكلية التقنية,بكالوريوس,الحاسب وتقنية المعلومات,دعم أنظمة شبكات الحاسب,برامج مفعله,26,72,الفصل التدريبي الثاني ,7,19, نشبك-481,مواضيع مختارة,2,2
كلية الاتصالات والإلكترونيات,بكالوريوس,الحاسب وتقنية المعلومات,دعم أنظمة شبكات الحاسب,برامج مفعله,26,72,الفصل التدريبي الثاني ,7,19,انجل-302,لغة انجليزية 2,4,0
الكلية التقنية,بكالوريوس,الحاسب وتقنية المعلومات,دعم أنظمة شبكات الحاسب,برامج مفعله,26,72,الفصل التدريبي الثاني ,7,19,انجل-302,لغة انجليزية 2,4,0
كلية الاتصالات والإلكترونيات,بكالوريوس,الحاسب وتقنية المعلومات,دعم أنظمة شبكات الحاسب,برامج مفعله,26,72,الفصل التدريبي الثاني ,7,19,برمج-335, برمجيات الويب المتقدمة,2,2
الكلية التقنية,بكالوريوس,الحاسب وتقنية المعلومات,دعم أنظمة شبكات الحاسب,برامج مفعله,26,72,الفصل التدريبي الثاني ,7,19,برمج-335, برمجيات الويب المتقدمة,2,2
كلية الاتصالات والإلكترونيات,بكالوريوس,الحاسب وتقنية المعلومات,دعم أنظمة شبكات الحاسب,برامج مفعله,26,72,الفصل التدريبي الثاني ,7,19,رياض-303,رياضيات متقطعة,3,0
الكلية التقنية,بكالوريوس,الحاسب وتقنية المعلومات,دعم أنظمة شبكات الحاسب,برامج مفعله,26,72,الفصل التدريبي الثاني ,7,19,رياض-303,رياضيات متقطعة,3,0
كلية الاتصالات والإلكترونيات,بكالوريوس,الحاسب وتقنية المعلومات,دعم أنظمة شبكات الحاسب,برامج مفعله,26,72,الفصل التدريبي الثاني ,7,19,عامة-401,مقدمة فى الإدارة و القيادة,2,0
الكلية التقنية,بكالوريوس,الحاسب وتقنية المعلومات,دعم أنظمة شبكات الحاسب,برامج مفعله,26,72,الفصل التدريبي الثاني ,7,19,عامة-401,مقدمة فى الإدارة و القيادة,2,0
كلية الاتصالات والإلكترونيات,بكالوريوس,الحاسب وتقنية المعلومات,دعم أنظمة شبكات الحاسب,برامج مفعله,26,72,الفصل التدريبي الثاني ,7,19,نشبك-371,إدارة الشبكة المتقدمة,2,2
الكلية التقنية,بكالوريوس,الحاسب وتقنية المعلومات,دعم أنظمة شبكات الحاسب,برامج مفعله,26,72,الفصل التدريبي الثاني ,7,19,نشبك-371,إدارة الشبكة المتقدمة,2,2
كلية الاتصالات والإلكترونيات,بكالوريوس,الحاسب وتقنية المعلومات,دعم أنظمة شبكات الحاسب,برامج مفعله,26,72,الفصل التدريبي الثاني ,7,19,نشبك-452,تقنيات الشبكات -2,2,2
الكلية التقنية,بكالوريوس,الحاسب وتقنية المعلومات,دعم أنظمة شبكات الحاسب,برامج مفعله,26,72,الفصل التدريبي الثاني ,7,19,نشبك-452,تقنيات الشبكات -2,2,2
الكلية التقنية,بكالوريوس,الحاسب وتقنية المعلومات,دعم أنظمة شبكات الحاسب,برامج مفعله,26,72,الفصل التدريبي الثاني ,7,19,نشبك-482,أخلاقيات العمل في تقنية المعلومات,2,0
كلية الاتصالات والإلكترونيات,بكالوريوس,الحاسب وتقنية المعلومات,دعم أنظمة شبكات الحاسب,برامج مفعله,26,72,الفصل التدريبي الثاني ,7,19,نشبك-482,أخلاقيات العمل في تقنية المعلومات,2,0
كلية الاتصالات والإلكترونيات,بكالوريوس,الحاسب وتقنية المعلومات,دعم أنظمة شبكات الحاسب,برامج مفعله,26,72,الفصل التدريبي الرابع ,6,17, برمج-473,تطوير أنظمة الوسائط المتعددة,2,2
الكلية التقنية,بكالوريوس,الحاسب وتقنية المعلومات,دعم أنظمة شبكات الحاسب,برامج مفعله,26,72,الفصل التدريبي الرابع ,6,17, برمج-473,تطوير أنظمة الوسائط المتعددة,2,2
كلية الاتصالات والإلكترونيات,بكالوريوس,الحاسب وتقنية المعلومات,دعم أنظمة شبكات الحاسب,برامج مفعله,26,72,الفصل التدريبي الرابع ,6,17, نشبك-485,إنترنت الأشياء,2,2
الكلية التقنية,بكالوريوس,الحاسب وتقنية المعلومات,دعم أنظمة شبكات الحاسب,برامج مفعله,26,72,الفصل التدريبي الرابع ,6,17, نشبك-485,إنترنت الأشياء,2,2
الكلية التقنية,بكالوريوس,الحاسب وتقنية المعلومات,دعم أنظمة شبكات الحاسب,برامج مفعله,26,72,الفصل التدريبي الرابع ,6,17,شبكا-351,شبكات الاتصال,2,2
كلية الاتصالات والإلكترونيات,بكالوريوس,الحاسب وتقنية المعلومات,دعم أنظمة شبكات الحاسب,برامج مفعله,26,72,الفصل التدريبي الرابع ,6,17,شبكا-351,شبكات الاتصال,2,2
كلية الاتصالات والإلكترونيات,بكالوريوس,الحاسب وتقنية المعلومات,دعم أنظمة شبكات الحاسب,برامج مفعله,26,72,الفصل التدريبي الرابع ,6,17,شبكا-434,الأمن السيبراني,2,2
الكلية التقنية,بكالوريوس,الحاسب وتقنية المعلومات,دعم أنظمة شبكات الحاسب,برامج مفعله,26,72,الفصل التدريبي الرابع ,6,17,شبكا-434,الأمن السيبراني,2,2
كلية الاتصالات والإلكترونيات,بكالوريوس,الحاسب وتقنية المعلومات,دعم أنظمة شبكات الحاسب,برامج مفعله,26,72,الفصل التدريبي الرابع ,6,17,نشبك-444,أنظمة شبكات المصادر المفتوحة,2,2
الكلية التقنية,بكالوريوس,الحاسب وتقنية المعلومات,دعم أنظمة شبكات الحاسب,برامج مفعله,26,72,الفصل التدريبي الرابع ,6,17,نشبك-444,أنظمة شبكات المصادر المفتوحة,2,2
الكلية التقنية,بكالوريوس,الحاسب وتقنية المعلومات,دعم أنظمة شبكات الحاسب,برامج مفعله,26,72,الفصل التدريبي الرابع ,6,17,نشبك-454,تشغيل مركز البيانات -2,2,2
كلية الاتصالات والإلكترونيات,بكالوريوس,الحاسب وتقنية المعلومات,دعم أنظمة شبكات الحاسب,برامج مفعله,26,72,الفصل التدريبي الرابع ,6,17,نشبك-454,تشغيل مركز البيانات -2,2,2
كلية الاتصالات والإلكترونيات,بكالوريوس,الحاسب وتقنية المعلومات,دعم أنظمة شبكات الحاسب,برامج مفعله,26,72,الفصل التدريبي الرابع ,6,17,نشبك-484,أفضل الممارسات للبنية التحتية,2,2
الكلية التقنية,بكالوريوس,الحاسب وتقنية المعلومات,دعم أنظمة شبكات الحاسب,برامج مفعله,26,72,الفصل التدريبي الرابع ,6,17,نشبك-484,أفضل الممارسات للبنية التحتية,2,2
كلية الاتصالات والإلكترونيات,بكالوريوس,الحاسب وتقنية المعلومات,دعم أنظمة شبكات الحاسب,برامج مفعله,26,72,الفصل التدريبي الرابع ,6,17,نشبك-492,مشروع التخرج,1,2
الكلية التقنية,بكالوريوس,الحاسب وتقنية المعلومات,دعم أنظمة شبكات الحاسب,برامج مفعله,26,72,الفصل التدريبي الرابع ,6,17,نشبك-492,مشروع التخرج,1,2
الكلية التقنية,بكالوريوس,التقنية الكهربائية,هندسة القوى والآلات الكهربائية,برامج مفعله,30,73,الفصل التدريبي الأول ,8,20,انجل-301,لغة انجليزية1,4,0
الكلية التقنية,بكالوريوس,التقنية الكهربائية,هندسة القوى والآلات الكهربائية,برامج مفعله,30,73,الفصل التدريبي الأول ,8,20,رياض-301,رياضيات1,3,0
الكلية التقنية,بكالوريوس,التقنية الكهربائية,هندسة القوى والآلات الكهربائية,برامج مفعله,30,73,الفصل التدريبي الأول ,8,20,فيزي-301,فيزياء,2,2
الكلية التقنية,بكالوريوس,التقنية الكهربائية,هندسة القوى والآلات الكهربائية,برامج مفعله,30,73,الفصل التدريبي الأول ,8,20,كهرب-321,الدوائر الكهربائية المتقدمة,2,2
الكلية التقنية,بكالوريوس,التقنية الكهربائية,هندسة القوى والآلات الكهربائية,برامج مفعله,30,73,الفصل التدريبي الأول ,8,20,كهرب-322,دوائر الكترونية,1,2
الكلية التقنية,بكالوريوس,التقنية الكهربائية,هندسة القوى والآلات الكهربائية,برامج مفعله,30,73,الفصل التدريبي الأول ,8,20,كهرب-330,الآت كهربائية - 1,1,2
الكلية التقنية,بكالوريوس,التقنية الكهربائية,هندسة القوى والآلات الكهربائية,برامج مفعله,30,73,الفصل التدريبي الأول ,8,20,كهرب-332,آلات كهربائية-2,1,2
الكلية التقنية,بكالوريوس,التقنية الكهربائية,هندسة القوى والآلات الكهربائية,برامج مفعله,30,73,الفصل التدريبي الأول ,8,20,كهرب-471,الطاقة المتجددة,2,0
الكلية التقنية,بكالوريوس,التقنية الكهربائية,هندسة القوى والآلات الكهربائية,برامج مفعله,30,73,الفصل التدريبي الثالث ,6,16, كهرب-335,المجالات الكهرومغناطيسية,2,0
الكلية التقنية,بكالوريوس,التقنية الكهربائية,هندسة القوى والآلات الكهربائية,برامج مفعله,30,73,الفصل التدريبي الثالث ,6,16,عامة-402,إدارة المشاريع الهندسية,3,0
الكلية التقنية,بكالوريوس,التقنية الكهربائية,هندسة القوى والآلات الكهربائية,برامج مفعله,30,73,الفصل التدريبي الثالث ,6,16,عامة-404,أدوات الجودة و تطبيقاتها,3,0
الكلية التقنية,بكالوريوس,التقنية الكهربائية,هندسة القوى والآلات الكهربائية,برامج مفعله,30,73,الفصل التدريبي الثالث ,6,16,كهرب-334,التحويل الكهروميكانيكي للطاقة,2,0
الكلية التقنية,بكالوريوس,التقنية الكهربائية,هندسة القوى والآلات الكهربائية,برامج مفعله,30,73,الفصل التدريبي الثالث ,6,16,كهرب-412,الكترونيات صناعية,1,2
الكلية التقنية,بكالوريوس,التقنية الكهربائية,هندسة القوى والآلات الكهربائية,برامج مفعله,30,73,الفصل التدريبي الثالث ,6,16,كهرب-444,تسيير كهربائي,2,2
الكلية التقنية,بكالوريوس,التقنية الكهربائية,هندسة القوى والآلات الكهربائية,برامج مفعله,30,73,الفصل التدريبي الثالث ,6,16,كهرب-466,تحليل نظم القوى,2,2
الكلية التقنية,بكالوريوس,التقنية الكهربائية,هندسة القوى والآلات الكهربائية,برامج مفعله,30,73,الفصل التدريبي الثاني ,8,20,احصا-303,الإحصاء والاحتمالات,3,0
الكلية التقنية,بكالوريوس,التقنية الكهربائية,هندسة القوى والآلات الكهربائية,برامج مفعله,30,73,الفصل التدريبي الثاني ,8,20,انجل-302,لغة انجليزية 2,4,0
الكلية التقنية,بكالوريوس,التقنية الكهربائية,هندسة القوى والآلات الكهربائية,برامج مفعله,30,73,الفصل التدريبي الثاني ,8,20,رياض-302,رياضيات2,3,0
الكلية التقنية,بكالوريوس,التقنية الكهربائية,هندسة القوى والآلات الكهربائية,برامج مفعله,30,73,الفصل التدريبي الثاني ,8,20,كهرب-311,الكترونيات رقمية,1,2
الكلية التقنية,بكالوريوس,التقنية الكهربائية,هندسة القوى والآلات الكهربائية,برامج مفعله,30,73,الفصل التدريبي الثاني ,8,20,كهرب-323,تحليل الدوائر الكهربائية,3,0
الكلية التقنية,بكالوريوس,التقنية الكهربائية,هندسة القوى والآلات الكهربائية,برامج مفعله,30,73,الفصل التدريبي الثاني ,8,20,كهرب-361,نظم التوزيع الكهربائي,2,0
الكلية التقنية,بكالوريوس,التقنية الكهربائية,هندسة القوى والآلات الكهربائية,برامج مفعله,30,73,الفصل التدريبي الثاني ,8,20,كهرب-421,الكترونيات القوى,1,2
الكلية التقنية,بكالوريوس,التقنية الكهربائية,هندسة القوى والآلات الكهربائية,برامج مفعله,30,73,الفصل التدريبي الثاني ,8,20,كهرب-442,التحكم الآلي,1,2
الكلية التقنية,بكالوريوس,التقنية الكهربائية,هندسة القوى والآلات الكهربائية,برامج مفعله,30,73,الفصل التدريبي الرابع ,8,17, كهرب-336,هندسة الضغط العالي,2,0
الكلية التقنية,بكالوريوس,التقنية الكهربائية,هندسة القوى والآلات الكهربائية,برامج مفعله,30,73,الفصل التدريبي الرابع ,8,17, كهرب-423,القياسات الكهربائية,1,2
الكلية التقنية,بكالوريوس,التقنية الكهربائية,هندسة القوى والآلات الكهربائية,برامج مفعله,30,73,الفصل التدريبي الرابع ,8,17,عامة-405,إقتصاد هندسي,2,0
الكلية التقنية,بكالوريوس,التقنية الكهربائية,هندسة القوى والآلات الكهربائية,برامج مفعله,30,73,الفصل التدريبي الرابع ,8,17,كهرب-422,الدوائر المتكاملة الرقمية,1,2
الكلية التقنية,بكالوريوس,التقنية الكهربائية,هندسة القوى والآلات الكهربائية,برامج مفعله,30,73,الفصل التدريبي الرابع ,8,17,كهرب-437,آلات كهربائية خاصة,2,0
الكلية التقنية,بكالوريوس,التقنية الكهربائية,هندسة القوى والآلات الكهربائية,برامج مفعله,30,73,الفصل التدريبي الرابع ,8,17,كهرب-443,التحكم في نظم القوي الكهربائية,2,0
الكلية التقنية,بكالوريوس,التقنية الكهربائية,هندسة القوى والآلات الكهربائية,برامج مفعله,30,73,الفصل التدريبي الرابع ,8,17,كهرب-445,الجر الكهربائي,2,0
الكلية التقنية,بكالوريوس,التقنية الكهربائية,هندسة القوى والآلات الكهربائية,برامج مفعله,30,73,الفصل التدريبي الرابع ,8,17,كهرب-462,حماية نظم القوى الكهربائية,2,2
الكلية التقنية,بكالوريوس,التقنية الكهربائية,هندسة القوى والآلات الكهربائية,برامج مفعله,30,73,الفصل التدريبي الرابع ,8,17,كهرب-463,التشغيل الإقتصادي لنظم القوى,2,0
الكلية التقنية,بكالوريوس,التقنية الكهربائية,هندسة القوى والآلات الكهربائية,برامج مفعله,30,73,الفصل التدريبي الرابع ,8,17,كهرب-491, مشروع التخرج,1,2
كلية السياحة و الفندقة,دبلوم,تقنية السياحة والضيافة,الارشاد السياحي,برامج مفعله,26,64,الفصل التدريبي الأول ,6,16,ادار-101,مبادئ إدارة الأعمال,4,0
الكلية التقنية,دبلوم,تقنية السياحة والضيافة,الارشاد السياحي,برامج مفعله,26,64,الفصل التدريبي الأول ,6,16,ادار-101,مبادئ إدارة الأعمال,4,0
كلية السياحة و الفندقة,دبلوم,تقنية السياحة والضيافة,الارشاد السياحي,برامج مفعله,26,64,الفصل التدريبي الأول ,6,16,انجل-111,لغة إنجليزية (1),4,0
الكلية التقنية,دبلوم,تقنية السياحة والضيافة,الارشاد السياحي,برامج مفعله,26,64,الفصل التدريبي الأول ,6,16,انجل-111,لغة إنجليزية (1),4,0
كلية السياحة و الفندقة,دبلوم,تقنية السياحة والضيافة,الارشاد السياحي,برامج مفعله,26,64,الفصل التدريبي الأول ,6,16,حاسب-101,مقدمة تطبيقات الحاسب,0,4
الكلية التقنية,دبلوم,تقنية السياحة والضيافة,الارشاد السياحي,برامج مفعله,26,64,الفصل التدريبي الأول ,6,16,حاسب-101,مقدمة تطبيقات الحاسب,0,4
الكلية التقنية,دبلوم,تقنية السياحة والضيافة,الارشاد السياحي,برامج مفعله,26,64,الفصل التدريبي الأول ,6,16,رياض-101,الرياضيات,4,0
كلية السياحة و الفندقة,دبلوم,تقنية السياحة والضيافة,الارشاد السياحي,برامج مفعله,26,64,الفصل التدريبي الأول ,6,16,رياض-101,الرياضيات,4,0
الكلية التقنية,دبلوم,تقنية السياحة والضيافة,الارشاد السياحي,برامج مفعله,26,64,الفصل التدريبي الأول ,6,16,سافر-101,مدخل إلى صناعة السياحة والضيافه,3,0
كلية السياحة و الفندقة,دبلوم,تقنية السياحة والضيافة,الارشاد السياحي,برامج مفعله,26,64,الفصل التدريبي الأول ,6,16,سافر-101,مدخل إلى صناعة السياحة والضيافه,3,0
كلية السياحة و الفندقة,دبلوم,تقنية السياحة والضيافة,الارشاد السياحي,برامج مفعله,26,64,الفصل التدريبي الأول ,6,16,عربي-101,الكتابة الفنية,2,0
الكلية التقنية,دبلوم,تقنية السياحة والضيافة,الارشاد السياحي,برامج مفعله,26,64,الفصل التدريبي الأول ,6,16,عربي-101,الكتابة الفنية,2,0
كلية السياحة و الفندقة,دبلوم,تقنية السياحة والضيافة,الارشاد السياحي,برامج مفعله,26,64,الفصل التدريبي الثالث ,6,15,انجل-113,لغة إنجليزية (3),4,0
الكلية التقنية,دبلوم,تقنية السياحة والضيافة,الارشاد السياحي,برامج مفعله,26,64,الفصل التدريبي الثالث ,6,15,انجل-113,لغة إنجليزية (3),4,0
الكلية التقنية,دبلوم,تقنية السياحة والضيافة,الارشاد السياحي,برامج مفعله,26,64,الفصل التدريبي الثالث ,6,15,رياد-272,ريادة الاعمال في مجال السياحة والضيافة,1,2
كلية السياحة و الفندقة,دبلوم,تقنية السياحة والضيافة,الارشاد السياحي,برامج مفعله,26,64,الفصل التدريبي الثالث ,6,15,رياد-272,ريادة الاعمال في مجال السياحة والضيافة,1,2
الكلية التقنية,دبلوم,تقنية السياحة والضيافة,الارشاد السياحي,برامج مفعله,26,64,الفصل التدريبي الثالث ,6,15,مرشد-222,تضاريس المملكة العربية السعودي,3,0
كلية السياحة و الفندقة,دبلوم,تقنية السياحة والضيافة,الارشاد السياحي,برامج مفعله,26,64,الفصل التدريبي الثالث ,6,15,مرشد-222,تضاريس المملكة العربية السعودي,3,0
الكلية التقنية,دبلوم,تقنية السياحة والضيافة,الارشاد السياحي,برامج مفعله,26,64,الفصل التدريبي الثالث ,6,15,مرشد-223,علم السياحة البيئية,3,0
كلية السياحة و الفندقة,دبلوم,تقنية السياحة والضيافة,الارشاد السياحي,برامج مفعله,26,64,الفصل التدريبي الثالث ,6,15,مرشد-223,علم السياحة البيئية,3,0
كلية السياحة و الفندقة,دبلوم,تقنية السياحة والضيافة,الارشاد السياحي,برامج مفعله,26,64,الفصل التدريبي الثالث ,6,15,مرشد-231,مهارات الإرشاد السياحي,2,2
الكلية التقنية,دبلوم,تقنية السياحة والضيافة,الارشاد السياحي,برامج مفعله,26,64,الفصل التدريبي الثالث ,6,15,مرشد-231,مهارات الإرشاد السياحي,2,2
كلية السياحة و الفندقة,دبلوم,تقنية السياحة والضيافة,الارشاد السياحي,برامج مفعله,26,64,الفصل التدريبي الثالث ,6,15,مرشد-242,إدارة المتاحف والمعارض,4,0
الكلية التقنية,دبلوم,تقنية السياحة والضيافة,الارشاد السياحي,برامج مفعله,26,64,الفصل التدريبي الثالث ,6,15,مرشد-242,إدارة المتاحف والمعارض,4,0
الكلية التقنية,دبلوم,تقنية السياحة والضيافة,الارشاد السياحي,برامج مفعله,26,64,الفصل التدريبي الثاني ,7,18,اسلم-101,الدراسات الإسلامية,2,0
كلية السياحة و الفندقة,دبلوم,تقنية السياحة والضيافة,الارشاد السياحي,برامج مفعله,26,64,الفصل التدريبي الثاني ,7,18,اسلم-101,الدراسات الإسلامية,2,0
كلية السياحة و الفندقة,دبلوم,تقنية السياحة والضيافة,الارشاد السياحي,برامج مفعله,26,64,الفصل التدريبي الثاني ,7,18,انجل-112,لغة إنجليزية (2),4,0
الكلية التقنية,دبلوم,تقنية السياحة والضيافة,الارشاد السياحي,برامج مفعله,26,64,الفصل التدريبي الثاني ,7,18,انجل-112,لغة إنجليزية (2),4,0
الكلية التقنية,دبلوم,تقنية السياحة والضيافة,الارشاد السياحي,برامج مفعله,26,64,الفصل التدريبي الثاني ,7,18,رياد-101,أساسيات ريادة الأعمال,2,0
كلية السياحة و الفندقة,دبلوم,تقنية السياحة والضيافة,الارشاد السياحي,برامج مفعله,26,64,الفصل التدريبي الثاني ,7,18,رياد-101,أساسيات ريادة الأعمال,2,0
كلية السياحة و الفندقة,دبلوم,تقنية السياحة والضيافة,الارشاد السياحي,برامج مفعله,26,64,الفصل التدريبي الثاني ,7,18,مرشد-101,مبادئ الإرشاد السياحي,4,0
الكلية التقنية,دبلوم,تقنية السياحة والضيافة,الارشاد السياحي,برامج مفعله,26,64,الفصل التدريبي الثاني ,7,18,مرشد-101,مبادئ الإرشاد السياحي,4,0
كلية السياحة و الفندقة,دبلوم,تقنية السياحة والضيافة,الارشاد السياحي,برامج مفعله,26,64,الفصل التدريبي الثاني ,7,18,مرشد-102,الحضارات في الجزيرة العربية,4,0
الكلية التقنية,دبلوم,تقنية السياحة والضيافة,الارشاد السياحي,برامج مفعله,26,64,الفصل التدريبي الثاني ,7,18,مرشد-102,الحضارات في الجزيرة العربية,4,0
الكلية التقنية,دبلوم,تقنية السياحة والضيافة,الارشاد السياحي,برامج مفعله,26,64,الفصل التدريبي الثاني ,7,18,مرشد-111,التراث والآثار في السعودية,2,2
كلية السياحة و الفندقة,دبلوم,تقنية السياحة والضيافة,الارشاد السياحي,برامج مفعله,26,64,الفصل التدريبي الثاني ,7,18,مرشد-111,التراث والآثار في السعودية,2,2
الكلية التقنية,دبلوم,تقنية السياحة والضيافة,الارشاد السياحي,برامج مفعله,26,64,الفصل التدريبي الثاني ,7,18,مرشد-112,معالم سياحية حول العالم,3,0
كلية السياحة و الفندقة,دبلوم,تقنية السياحة والضيافة,الارشاد السياحي,برامج مفعله,26,64,الفصل التدريبي الثاني ,7,18,مرشد-112,معالم سياحية حول العالم,3,0
الكلية التقنية,دبلوم,تقنية السياحة والضيافة,الارشاد السياحي,برامج مفعله,26,64,الفصل التدريبي الخامس ,1,2, مرشد-288,المشروع الإنتاجي,0,0
كلية السياحة و الفندقة,دبلوم,تقنية السياحة والضيافة,الارشاد السياحي,برامج مفعله,26,64,الفصل التدريبي الخامس ,1,2, مرشد-288,المشروع الإنتاجي,0,0
كلية السياحة و الفندقة,دبلوم,تقنية السياحة والضيافة,الارشاد السياحي,برامج مفعله,26,64,الفصل التدريبي الخامس ,1,2,مرشد-299,التدريب التعاوني,0,0
الكلية التقنية,دبلوم,تقنية السياحة والضيافة,الارشاد السياحي,برامج مفعله,26,64,الفصل التدريبي الخامس ,1,2,مرشد-299,التدريب التعاوني,0,0
الكلية التقنية,دبلوم,تقنية السياحة والضيافة,الارشاد السياحي,برامج مفعله,26,64,الفصل التدريبي الرابع ,6,13,اسلك-201,السلوك الوظيفي والمستقبل المهني,2,0
كلية السياحة و الفندقة,دبلوم,تقنية السياحة والضيافة,الارشاد السياحي,برامج مفعله,26,64,الفصل التدريبي الرابع ,6,13,اسلك-201,السلوك الوظيفي والمستقبل المهني,2,0
الكلية التقنية,دبلوم,تقنية السياحة والضيافة,الارشاد السياحي,برامج مفعله,26,64,الفصل التدريبي الرابع ,6,13,انجل-204,لغة إنجليزية (4 ),4,0
كلية السياحة و الفندقة,دبلوم,تقنية السياحة والضيافة,الارشاد السياحي,برامج مفعله,26,64,الفصل التدريبي الرابع ,6,13,انجل-204,لغة إنجليزية (4 ),4,0
الكلية التقنية,دبلوم,تقنية السياحة والضيافة,الارشاد السياحي,برامج مفعله,26,64,الفصل التدريبي الرابع ,6,13,سافر-203,نظم ولوائح سياحية,2,0
كلية السياحة و الفندقة,دبلوم,تقنية السياحة والضيافة,الارشاد السياحي,برامج مفعله,26,64,الفصل التدريبي الرابع ,6,13,سافر-203,نظم ولوائح سياحية,2,0
الكلية التقنية,دبلوم,تقنية السياحة والضيافة,الارشاد السياحي,برامج مفعله,26,64,الفصل التدريبي الرابع ,6,13,مرشد-205,الفن المعماري على مر العصور,3,0
كلية السياحة و الفندقة,دبلوم,تقنية السياحة والضيافة,الارشاد السياحي,برامج مفعله,26,64,الفصل التدريبي الرابع ,6,13,مرشد-205,الفن المعماري على مر العصور,3,0
الكلية التقنية,دبلوم,تقنية السياحة والضيافة,الارشاد السياحي,برامج مفعله,26,64,الفصل التدريبي الرابع ,6,13,مرشد-232,تنظيم الرحلات السياحية,2,2
كلية السياحة و الفندقة,دبلوم,تقنية السياحة والضيافة,الارشاد السياحي,برامج مفعله,26,64,الفصل التدريبي الرابع ,6,13,مرشد-232,تنظيم الرحلات السياحية,2,2
الكلية التقنية,دبلوم,تقنية السياحة والضيافة,الارشاد السياحي,برامج مفعله,26,64,الفصل التدريبي الرابع ,6,13,مرشد-233,تنظيم برامج الحج والعمرة,4,0
كلية السياحة و الفندقة,دبلوم,تقنية السياحة والضيافة,الارشاد السياحي,برامج مفعله,26,64,الفصل التدريبي الرابع ,6,13,مرشد-233,تنظيم برامج الحج والعمرة,4,0
كلية السياحة و الفندقة,دبلوم,تقنية السياحة والضيافة,السفر والسياحة,برامج مفعله,28,63,الفصل التدريبي الأول ,7,18,ادار-101,مبادئ إدارة الأعمال,4,0
الكلية التقنية,دبلوم,تقنية السياحة والضيافة,السفر والسياحة,برامج مفعله,28,63,الفصل التدريبي الأول ,7,18,ادار-101,مبادئ إدارة الأعمال,4,0
كلية السياحة و الفندقة,دبلوم,تقنية السياحة والضيافة,السفر والسياحة,برامج مفعله,28,63,الفصل التدريبي الأول ,7,18,انجل-111,لغة إنجليزية (1),4,0
الكلية التقنية,دبلوم,تقنية السياحة والضيافة,السفر والسياحة,برامج مفعله,28,63,الفصل التدريبي الأول ,7,18,انجل-111,لغة إنجليزية (1),4,0
كلية السياحة و الفندقة,دبلوم,تقنية السياحة والضيافة,السفر والسياحة,برامج مفعله,28,63,الفصل التدريبي الأول ,7,18,حاسب-101,مقدمة تطبيقات الحاسب,0,4
الكلية التقنية,دبلوم,تقنية السياحة والضيافة,السفر والسياحة,برامج مفعله,28,63,الفصل التدريبي الأول ,7,18,حاسب-101,مقدمة تطبيقات الحاسب,0,4
الكلية التقنية,دبلوم,تقنية السياحة والضيافة,السفر والسياحة,برامج مفعله,28,63,الفصل التدريبي الأول ,7,18,رياض-101,الرياضيات,4,0
كلية السياحة و الفندقة,دبلوم,تقنية السياحة والضيافة,السفر والسياحة,برامج مفعله,28,63,الفصل التدريبي الأول ,7,18,رياض-101,الرياضيات,4,0
كلية السياحة و الفندقة,دبلوم,تقنية السياحة والضيافة,السفر والسياحة,برامج مفعله,28,63,الفصل التدريبي الأول ,7,18,سافر-101,مدخل إلى صناعة السياحة والضيافه,3,0
الكلية التقنية,دبلوم,تقنية السياحة والضيافة,السفر والسياحة,برامج مفعله,28,63,الفصل التدريبي الأول ,7,18,سافر-101,مدخل إلى صناعة السياحة والضيافه,3,0
كلية السياحة و الفندقة,دبلوم,تقنية السياحة والضيافة,السفر والسياحة,برامج مفعله,28,63,الفصل التدريبي الأول ,7,18,سافر-131,النقل السياحي,3,0
الكلية التقنية,دبلوم,تقنية السياحة والضيافة,السفر والسياحة,برامج مفعله,28,63,الفصل التدريبي الأول ,7,18,سافر-131,النقل السياحي,3,0
كلية السياحة و الفندقة,دبلوم,تقنية السياحة والضيافة,السفر والسياحة,برامج مفعله,28,63,الفصل التدريبي الأول ,7,18,عربي-101,الكتابة الفنية,2,0
الكلية التقنية,دبلوم,تقنية السياحة والضيافة,السفر والسياحة,برامج مفعله,28,63,الفصل التدريبي الأول ,7,18,عربي-101,الكتابة الفنية,2,0
الكلية التقنية,دبلوم,تقنية السياحة والضيافة,السفر والسياحة,برامج مفعله,28,63,الفصل التدريبي الثالث ,7,15,اسلم-101,الدراسات الإسلامية,2,0
كلية السياحة و الفندقة,دبلوم,تقنية السياحة والضيافة,السفر والسياحة,برامج مفعله,28,63,الفصل التدريبي الثالث ,7,15,اسلم-101,الدراسات الإسلامية,2,0
كلية السياحة و الفندقة,دبلوم,تقنية السياحة والضيافة,السفر والسياحة,برامج مفعله,28,63,الفصل التدريبي الثالث ,7,15,انجل-113,لغة إنجليزية (3),4,0
الكلية التقنية,دبلوم,تقنية السياحة والضيافة,السفر والسياحة,برامج مفعله,28,63,الفصل التدريبي الثالث ,7,15,انجل-113,لغة إنجليزية (3),4,0
كلية السياحة و الفندقة,دبلوم,تقنية السياحة والضيافة,السفر والسياحة,برامج مفعله,28,63,الفصل التدريبي الثالث ,7,15,رياد-272,ريادة الاعمال في مجال السياحة والضيافة,1,2
الكلية التقنية,دبلوم,تقنية السياحة والضيافة,السفر والسياحة,برامج مفعله,28,63,الفصل التدريبي الثالث ,7,15,رياد-272,ريادة الاعمال في مجال السياحة والضيافة,1,2
كلية السياحة و الفندقة,دبلوم,تقنية السياحة والضيافة,السفر والسياحة,برامج مفعله,28,63,الفصل التدريبي الثالث ,7,15,سافر-141,نظام حجز آلي (1) جاليليو,0,4
الكلية التقنية,دبلوم,تقنية السياحة والضيافة,السفر والسياحة,برامج مفعله,28,63,الفصل التدريبي الثالث ,7,15,سافر-141,نظام حجز آلي (1) جاليليو,0,4
الكلية التقنية,دبلوم,تقنية السياحة والضيافة,السفر والسياحة,برامج مفعله,28,63,الفصل التدريبي الثالث ,7,15,سافر-211,تصميم وأدارة البرامج السياحية,3,0
كلية السياحة و الفندقة,دبلوم,تقنية السياحة والضيافة,السفر والسياحة,برامج مفعله,28,63,الفصل التدريبي الثالث ,7,15,سافر-211,تصميم وأدارة البرامج السياحية,3,0
الكلية التقنية,دبلوم,تقنية السياحة والضيافة,السفر والسياحة,برامج مفعله,28,63,الفصل التدريبي الثالث ,7,15,سافر-252,حسابات الوكالات السياحية,3,0
كلية السياحة و الفندقة,دبلوم,تقنية السياحة والضيافة,السفر والسياحة,برامج مفعله,28,63,الفصل التدريبي الثالث ,7,15,سافر-252,حسابات الوكالات السياحية,3,0
كلية السياحة و الفندقة,دبلوم,تقنية السياحة والضيافة,السفر والسياحة,برامج مفعله,28,63,الفصل التدريبي الثالث ,7,15,سافر-260,الإرشاد السياحي,3,0
الكلية التقنية,دبلوم,تقنية السياحة والضيافة,السفر والسياحة,برامج مفعله,28,63,الفصل التدريبي الثالث ,7,15,سافر-260,الإرشاد السياحي,3,0
كلية السياحة و الفندقة,دبلوم,تقنية السياحة والضيافة,السفر والسياحة,برامج مفعله,28,63,الفصل التدريبي الثاني ,7,16,ادار-231,إدارة الموارد البشرية,4,0
الكلية التقنية,دبلوم,تقنية السياحة والضيافة,السفر والسياحة,برامج مفعله,28,63,الفصل التدريبي الثاني ,7,16,ادار-231,إدارة الموارد البشرية,4,0
الكلية التقنية,دبلوم,تقنية السياحة والضيافة,السفر والسياحة,برامج مفعله,28,63,الفصل التدريبي الثاني ,7,16,انجل-112,لغة إنجليزية (2),4,0
كلية السياحة و الفندقة,دبلوم,تقنية السياحة والضيافة,السفر والسياحة,برامج مفعله,28,63,الفصل التدريبي الثاني ,7,16,انجل-112,لغة إنجليزية (2),4,0
الكلية التقنية,دبلوم,تقنية السياحة والضيافة,السفر والسياحة,برامج مفعله,28,63,الفصل التدريبي الثاني ,7,16,رياد-101,أساسيات ريادة الأعمال,2,0
كلية السياحة و الفندقة,دبلوم,تقنية السياحة والضيافة,السفر والسياحة,برامج مفعله,28,63,الفصل التدريبي الثاني ,7,16,رياد-101,أساسيات ريادة الأعمال,2,0
الكلية التقنية,دبلوم,تقنية السياحة والضيافة,السفر والسياحة,برامج مفعله,28,63,الفصل التدريبي الثاني ,7,16,سافر-102,جغرافية السياحة والطيران,3,0
كلية السياحة و الفندقة,دبلوم,تقنية السياحة والضيافة,السفر والسياحة,برامج مفعله,28,63,الفصل التدريبي الثاني ,7,16,سافر-102,جغرافية السياحة والطيران,3,0
الكلية التقنية,دبلوم,تقنية السياحة والضيافة,السفر والسياحة,برامج مفعله,28,63,الفصل التدريبي الثاني ,7,16,سافر-110,ادارة الوجهات السياحية,3,0
كلية السياحة و الفندقة,دبلوم,تقنية السياحة والضيافة,السفر والسياحة,برامج مفعله,28,63,الفصل التدريبي الثاني ,7,16,سافر-110,ادارة الوجهات السياحية,3,0
الكلية التقنية,دبلوم,تقنية السياحة والضيافة,السفر والسياحة,برامج مفعله,28,63,الفصل التدريبي الثاني ,7,16,سافر-121,أعمال الوكالات السياحية,3,0
كلية السياحة و الفندقة,دبلوم,تقنية السياحة والضيافة,السفر والسياحة,برامج مفعله,28,63,الفصل التدريبي الثاني ,7,16,سافر-121,أعمال الوكالات السياحية,3,0
الكلية التقنية,دبلوم,تقنية السياحة والضيافة,السفر والسياحة,برامج مفعله,28,63,الفصل التدريبي الثاني ,7,16,سافر-251,مبادئ التسويق السياحي,3,0
كلية السياحة و الفندقة,دبلوم,تقنية السياحة والضيافة,السفر والسياحة,برامج مفعله,28,63,الفصل التدريبي الثاني ,7,16,سافر-251,مبادئ التسويق السياحي,3,0
كلية السياحة و الفندقة,دبلوم,تقنية السياحة والضيافة,السفر والسياحة,برامج مفعله,28,63,الفصل التدريبي الخامس ,1,2, سافر-288,المشروع الإنتاجي,0,0
الكلية التقنية,دبلوم,تقنية السياحة والضيافة,السفر والسياحة,برامج مفعله,28,63,الفصل التدريبي الخامس ,1,2, سافر-288,المشروع الإنتاجي,0,0
كلية السياحة و الفندقة,دبلوم,تقنية السياحة والضيافة,السفر والسياحة,برامج مفعله,28,63,الفصل التدريبي الخامس ,1,2,سافر-299,التدريب التعاوني,0,0
الكلية التقنية,دبلوم,تقنية السياحة والضيافة,السفر والسياحة,برامج مفعله,28,63,الفصل التدريبي الخامس ,1,2,سافر-299,التدريب التعاوني,0,0
كلية السياحة و الفندقة,دبلوم,تقنية السياحة والضيافة,السفر والسياحة,برامج مفعله,28,63,الفصل التدريبي الرابع ,6,12,اسلك-201,السلوك الوظيفي والمستقبل المهني,2,0
الكلية التقنية,دبلوم,تقنية السياحة والضيافة,السفر والسياحة,برامج مفعله,28,63,الفصل التدريبي الرابع ,6,12,اسلك-201,السلوك الوظيفي والمستقبل المهني,2,0
الكلية التقنية,دبلوم,تقنية السياحة والضيافة,السفر والسياحة,برامج مفعله,28,63,الفصل التدريبي الرابع ,6,12,انجل-204,لغة إنجليزية (4 ),4,0
كلية السياحة و الفندقة,دبلوم,تقنية السياحة والضيافة,السفر والسياحة,برامج مفعله,28,63,الفصل التدريبي الرابع ,6,12,انجل-204,لغة إنجليزية (4 ),4,0
كلية السياحة و الفندقة,دبلوم,تقنية السياحة والضيافة,السفر والسياحة,برامج مفعله,28,63,الفصل التدريبي الرابع ,6,12,سافر-203,نظم ولوائح سياحية,2,0
الكلية التقنية,دبلوم,تقنية السياحة والضيافة,السفر والسياحة,برامج مفعله,28,63,الفصل التدريبي الرابع ,6,12,سافر-203,نظم ولوائح سياحية,2,0
الكلية التقنية,دبلوم,تقنية السياحة والضيافة,السفر والسياحة,برامج مفعله,28,63,الفصل التدريبي الرابع ,6,12,سافر-243,نظام حجز آلي( 2) أماديوس,0,4
كلية السياحة و الفندقة,دبلوم,تقنية السياحة والضيافة,السفر والسياحة,برامج مفعله,28,63,الفصل التدريبي الرابع ,6,12,سافر-243,نظام حجز آلي( 2) أماديوس,0,4
الكلية التقنية,دبلوم,تقنية السياحة والضيافة,السفر والسياحة,برامج مفعله,28,63,الفصل التدريبي الرابع ,6,12,سافر-261,سياحة وآثار,3,0
كلية السياحة و الفندقة,دبلوم,تقنية السياحة والضيافة,السفر والسياحة,برامج مفعله,28,63,الفصل التدريبي الرابع ,6,12,سافر-261,سياحة وآثار,3,0
كلية السياحة و الفندقة,دبلوم,تقنية السياحة والضيافة,السفر والسياحة,برامج مفعله,28,63,الفصل التدريبي الرابع ,6,12,سافر-271,جودة الخدمات السياحية,3,0
الكلية التقنية,دبلوم,تقنية السياحة والضيافة,السفر والسياحة,برامج مفعله,28,63,الفصل التدريبي الرابع ,6,12,سافر-271,جودة الخدمات السياحية,3,0
الكلية التقنية,دبلوم,تقنية السياحة والضيافة,الفندقة,برامج مفعله,25,63,الفصل التدريبي الأول ,7,18,ادار-101,مبادئ إدارة الأعمال,4,0
كلية السياحة و الفندقة,دبلوم,تقنية السياحة والضيافة,الفندقة,برامج مفعله,25,63,الفصل التدريبي الأول ,7,18,ادار-101,مبادئ إدارة الأعمال,4,0
الكلية التقنية,دبلوم,تقنية السياحة والضيافة,الفندقة,برامج مفعله,25,63,الفصل التدريبي الأول ,7,18,انجل-111,لغة إنجليزية (1),4,0
كلية السياحة و الفندقة,دبلوم,تقنية السياحة والضيافة,الفندقة,برامج مفعله,25,63,الفصل التدريبي الأول ,7,18,انجل-111,لغة إنجليزية (1),4,0
الكلية التقنية,دبلوم,تقنية السياحة والضيافة,الفندقة,برامج مفعله,25,63,الفصل التدريبي الأول ,7,18,حاسب-101,مقدمة تطبيقات الحاسب,0,4
كلية السياحة و الفندقة,دبلوم,تقنية السياحة والضيافة,الفندقة,برامج مفعله,25,63,الفصل التدريبي الأول ,7,18,حاسب-101,مقدمة تطبيقات الحاسب,0,4
كلية السياحة و الفندقة,دبلوم,تقنية السياحة والضيافة,الفندقة,برامج مفعله,25,63,الفصل التدريبي الأول ,7,18,رياض-101,الرياضيات,4,0
الكلية التقنية,دبلوم,تقنية السياحة والضيافة,الفندقة,برامج مفعله,25,63,الفصل التدريبي الأول ,7,18,رياض-101,الرياضيات,4,0
الكلية التقنية,دبلوم,تقنية السياحة والضيافة,الفندقة,برامج مفعله,25,63,الفصل التدريبي الأول ,7,18,سافر-101,مدخل إلى صناعة السياحة والضيافه,3,0
كلية السياحة و الفندقة,دبلوم,تقنية السياحة والضيافة,الفندقة,برامج مفعله,25,63,الفصل التدريبي الأول ,7,18,سافر-101,مدخل إلى صناعة السياحة والضيافه,3,0
الكلية التقنية,دبلوم,تقنية السياحة والضيافة,الفندقة,برامج مفعله,25,63,الفصل التدريبي الأول ,7,18,عربي-101,الكتابة الفنية,2,0
كلية السياحة و الفندقة,دبلوم,تقنية السياحة والضيافة,الفندقة,برامج مفعله,25,63,الفصل التدريبي الأول ,7,18,عربي-101,الكتابة الفنية,2,0
كلية السياحة و الفندقة,دبلوم,تقنية السياحة والضيافة,الفندقة,برامج مفعله,25,63,الفصل التدريبي الأول ,7,18,فندق-101,الصحة والسلامه الفندقية,1,2
الكلية التقنية,دبلوم,تقنية السياحة والضيافة,الفندقة,برامج مفعله,25,63,الفصل التدريبي الأول ,7,18,فندق-101,الصحة والسلامه الفندقية,1,2
الكلية التقنية,دبلوم,تقنية السياحة والضيافة,الفندقة,برامج مفعله,25,63,الفصل التدريبي الثالث ,6,15,اسلم-101,الدراسات الإسلامية,2,0
كلية السياحة و الفندقة,دبلوم,تقنية السياحة والضيافة,الفندقة,برامج مفعله,25,63,الفصل التدريبي الثالث ,6,15,اسلم-101,الدراسات الإسلامية,2,0
كلية السياحة و الفندقة,دبلوم,تقنية السياحة والضيافة,الفندقة,برامج مفعله,25,63,الفصل التدريبي الثالث ,6,15,انجل-113,لغة إنجليزية (3),4,0
الكلية التقنية,دبلوم,تقنية السياحة والضيافة,الفندقة,برامج مفعله,25,63,الفصل التدريبي الثالث ,6,15,انجل-113,لغة إنجليزية (3),4,0
الكلية التقنية,دبلوم,تقنية السياحة والضيافة,الفندقة,برامج مفعله,25,63,الفصل التدريبي الثالث ,6,15,رياد-272,ريادة الاعمال في مجال السياحة والضيافة,1,2
كلية السياحة و الفندقة,دبلوم,تقنية السياحة والضيافة,الفندقة,برامج مفعله,25,63,الفصل التدريبي الثالث ,6,15,رياد-272,ريادة الاعمال في مجال السياحة والضيافة,1,2
الكلية التقنية,دبلوم,تقنية السياحة والضيافة,الفندقة,برامج مفعله,25,63,الفصل التدريبي الثالث ,6,15,فندق-222,المكاتب الامامية (2),2,2
كلية السياحة و الفندقة,دبلوم,تقنية السياحة والضيافة,الفندقة,برامج مفعله,25,63,الفصل التدريبي الثالث ,6,15,فندق-222,المكاتب الامامية (2),2,2
كلية السياحة و الفندقة,دبلوم,تقنية السياحة والضيافة,الفندقة,برامج مفعله,25,63,الفصل التدريبي الثالث ,6,15,فندق-241,استخدام الحاسب الآلي في الفندق,0,4
الكلية التقنية,دبلوم,تقنية السياحة والضيافة,الفندقة,برامج مفعله,25,63,الفصل التدريبي الثالث ,6,15,فندق-241,استخدام الحاسب الآلي في الفندق,0,4
كلية السياحة و الفندقة,دبلوم,تقنية السياحة والضيافة,الفندقة,برامج مفعله,25,63,الفصل التدريبي الثالث ,6,15,فندق-251,المحاسبة الفندقية,4,0
الكلية التقنية,دبلوم,تقنية السياحة والضيافة,الفندقة,برامج مفعله,25,63,الفصل التدريبي الثالث ,6,15,فندق-251,المحاسبة الفندقية,4,0
الكلية التقنية,دبلوم,تقنية السياحة والضيافة,الفندقة,برامج مفعله,25,63,الفصل التدريبي الثاني ,6,15,ادار-231,إدارة الموارد البشرية,4,0
كلية السياحة و الفندقة,دبلوم,تقنية السياحة والضيافة,الفندقة,برامج مفعله,25,63,الفصل التدريبي الثاني ,6,15,ادار-231,إدارة الموارد البشرية,4,0
الكلية التقنية,دبلوم,تقنية السياحة والضيافة,الفندقة,برامج مفعله,25,63,الفصل التدريبي الثاني ,6,15,انجل-112,لغة إنجليزية (2),4,0
كلية السياحة و الفندقة,دبلوم,تقنية السياحة والضيافة,الفندقة,برامج مفعله,25,63,الفصل التدريبي الثاني ,6,15,انجل-112,لغة إنجليزية (2),4,0
كلية السياحة و الفندقة,دبلوم,تقنية السياحة والضيافة,الفندقة,برامج مفعله,25,63,الفصل التدريبي الثاني ,6,15,رياد-101,أساسيات ريادة الأعمال,2,0
الكلية التقنية,دبلوم,تقنية السياحة والضيافة,الفندقة,برامج مفعله,25,63,الفصل التدريبي الثاني ,6,15,رياد-101,أساسيات ريادة الأعمال,2,0
الكلية التقنية,دبلوم,تقنية السياحة والضيافة,الفندقة,برامج مفعله,25,63,الفصل التدريبي الثاني ,6,15,فندق-111,مهارات خدمة ضيوف الفنادق,1,2
كلية السياحة و الفندقة,دبلوم,تقنية السياحة والضيافة,الفندقة,برامج مفعله,25,63,الفصل التدريبي الثاني ,6,15,فندق-111,مهارات خدمة ضيوف الفنادق,1,2
الكلية التقنية,دبلوم,تقنية السياحة والضيافة,الفندقة,برامج مفعله,25,63,الفصل التدريبي الثاني ,6,15,فندق-121,المكاتب الأمامية (1),2,2
كلية السياحة و الفندقة,دبلوم,تقنية السياحة والضيافة,الفندقة,برامج مفعله,25,63,الفصل التدريبي الثاني ,6,15,فندق-121,المكاتب الأمامية (1),2,2
كلية السياحة و الفندقة,دبلوم,تقنية السياحة والضيافة,الفندقة,برامج مفعله,25,63,الفصل التدريبي الثاني ,6,15,فندق-231,ادارة التدبير الفندقي,1,2
الكلية التقنية,دبلوم,تقنية السياحة والضيافة,الفندقة,برامج مفعله,25,63,الفصل التدريبي الثاني ,6,15,فندق-231,ادارة التدبير الفندقي,1,2
كلية السياحة و الفندقة,دبلوم,تقنية السياحة والضيافة,الفندقة,برامج مفعله,25,63,الفصل التدريبي الخامس ,1,2, فندق-288,المشروع الإنتاجي,0,0
الكلية التقنية,دبلوم,تقنية السياحة والضيافة,الفندقة,برامج مفعله,25,63,الفصل التدريبي الخامس ,1,2, فندق-288,المشروع الإنتاجي,0,0
كلية السياحة و الفندقة,دبلوم,تقنية السياحة والضيافة,الفندقة,برامج مفعله,25,63,الفصل التدريبي الخامس ,1,2,فندق-299,التدريب التعاوني,0,0
الكلية التقنية,دبلوم,تقنية السياحة والضيافة,الفندقة,برامج مفعله,25,63,الفصل التدريبي الخامس ,1,2,فندق-299,التدريب التعاوني,0,0
كلية السياحة و الفندقة,دبلوم,تقنية السياحة والضيافة,الفندقة,برامج مفعله,25,63,الفصل التدريبي الرابع ,5,13,اسلك-201,السلوك الوظيفي والمستقبل المهني,2,0
الكلية التقنية,دبلوم,تقنية السياحة والضيافة,الفندقة,برامج مفعله,25,63,الفصل التدريبي الرابع ,5,13,اسلك-201,السلوك الوظيفي والمستقبل المهني,2,0
الكلية التقنية,دبلوم,تقنية السياحة والضيافة,الفندقة,برامج مفعله,25,63,الفصل التدريبي الرابع ,5,13,انجل-204,لغة إنجليزية (4 ),4,0
كلية السياحة و الفندقة,دبلوم,تقنية السياحة والضيافة,الفندقة,برامج مفعله,25,63,الفصل التدريبي الرابع ,5,13,انجل-204,لغة إنجليزية (4 ),4,0
كلية السياحة و الفندقة,دبلوم,تقنية السياحة والضيافة,الفندقة,برامج مفعله,25,63,الفصل التدريبي الرابع ,5,13,فندق-242,استخدام الحاسب الآلي في الفندق,0,4
الكلية التقنية,دبلوم,تقنية السياحة والضيافة,الفندقة,برامج مفعله,25,63,الفصل التدريبي الرابع ,5,13,فندق-242,استخدام الحاسب الآلي في الفندق,0,4
الكلية التقنية,دبلوم,تقنية السياحة والضيافة,الفندقة,برامج مفعله,25,63,الفصل التدريبي الرابع ,5,13,فندق-252,البيع والتسويق الفندقي,4,0
كلية السياحة و الفندقة,دبلوم,تقنية السياحة والضيافة,الفندقة,برامج مفعله,25,63,الفصل التدريبي الرابع ,5,13,فندق-252,البيع والتسويق الفندقي,4,0
كلية السياحة و الفندقة,دبلوم,تقنية السياحة والضيافة,الفندقة,برامج مفعله,25,63,الفصل التدريبي الرابع ,5,13,فندق-271,المهارات الإشرافية الفندقية,2,2
الكلية التقنية,دبلوم,تقنية السياحة والضيافة,الفندقة,برامج مفعله,25,63,الفصل التدريبي الرابع ,5,13,فندق-271,المهارات الإشرافية الفندقية,2,2
الكلية التقنية,دبلوم,تقنية السياحة والضيافة,إدارة الفعاليات,برامج مفعله,26,63,الفصل التدريبي الأول ,6,16,ادار-101,مبادئ إدارة الأعمال,4,0
كلية السياحة و الفندقة,دبلوم,تقنية السياحة والضيافة,إدارة الفعاليات,برامج مفعله,26,63,الفصل التدريبي الأول ,6,16,ادار-101,مبادئ إدارة الأعمال,4,0
كلية السياحة و الفندقة,دبلوم,تقنية السياحة والضيافة,إدارة الفعاليات,برامج مفعله,26,63,الفصل التدريبي الأول ,6,16,انجل-111,لغة إنجليزية (1),4,0
الكلية التقنية,دبلوم,تقنية السياحة والضيافة,إدارة الفعاليات,برامج مفعله,26,63,الفصل التدريبي الأول ,6,16,انجل-111,لغة إنجليزية (1),4,0
كلية السياحة و الفندقة,دبلوم,تقنية السياحة والضيافة,إدارة الفعاليات,برامج مفعله,26,63,الفصل التدريبي الأول ,6,16,حاسب-101,مقدمة تطبيقات الحاسب,0,4
الكلية التقنية,دبلوم,تقنية السياحة والضيافة,إدارة الفعاليات,برامج مفعله,26,63,الفصل التدريبي الأول ,6,16,حاسب-101,مقدمة تطبيقات الحاسب,0,4
الكلية التقنية,دبلوم,تقنية السياحة والضيافة,إدارة الفعاليات,برامج مفعله,26,63,الفصل التدريبي الأول ,6,16,رياض-101,الرياضيات,4,0
كلية السياحة و الفندقة,دبلوم,تقنية السياحة والضيافة,إدارة الفعاليات,برامج مفعله,26,63,الفصل التدريبي الأول ,6,16,رياض-101,الرياضيات,4,0
الكلية التقنية,دبلوم,تقنية السياحة والضيافة,إدارة الفعاليات,برامج مفعله,26,63,الفصل التدريبي الأول ,6,16,سافر-101,مدخل إلى صناعة السياحة والضيافه,3,0
كلية السياحة و الفندقة,دبلوم,تقنية السياحة والضيافة,إدارة الفعاليات,برامج مفعله,26,63,الفصل التدريبي الأول ,6,16,سافر-101,مدخل إلى صناعة السياحة والضيافه,3,0
الكلية التقنية,دبلوم,تقنية السياحة والضيافة,إدارة الفعاليات,برامج مفعله,26,63,الفصل التدريبي الأول ,6,16,عربي-101,الكتابة الفنية,2,0
كلية السياحة و الفندقة,دبلوم,تقنية السياحة والضيافة,إدارة الفعاليات,برامج مفعله,26,63,الفصل التدريبي الأول ,6,16,عربي-101,الكتابة الفنية,2,0
الكلية التقنية,دبلوم,تقنية السياحة والضيافة,إدارة الفعاليات,برامج مفعله,26,63,الفصل التدريبي الثالث ,6,15,انجل-113,لغة إنجليزية (3),4,0
كلية السياحة و الفندقة,دبلوم,تقنية السياحة والضيافة,إدارة الفعاليات,برامج مفعله,26,63,الفصل التدريبي الثالث ,6,15,انجل-113,لغة إنجليزية (3),4,0
الكلية التقنية,دبلوم,تقنية السياحة والضيافة,إدارة الفعاليات,برامج مفعله,26,63,الفصل التدريبي الثالث ,6,15,رياد-272,ريادة الاعمال في مجال السياحة والضيافة,1,2
كلية السياحة و الفندقة,دبلوم,تقنية السياحة والضيافة,إدارة الفعاليات,برامج مفعله,26,63,الفصل التدريبي الثالث ,6,15,رياد-272,ريادة الاعمال في مجال السياحة والضيافة,1,2
الكلية التقنية,دبلوم,تقنية السياحة والضيافة,إدارة الفعاليات,برامج مفعله,26,63,الفصل التدريبي الثالث ,6,15,فعال-211,إدارة المخاطر في الفعاليات,3,0
كلية السياحة و الفندقة,دبلوم,تقنية السياحة والضيافة,إدارة الفعاليات,برامج مفعله,26,63,الفصل التدريبي الثالث ,6,15,فعال-211,إدارة المخاطر في الفعاليات,3,0
كلية السياحة و الفندقة,دبلوم,تقنية السياحة والضيافة,إدارة الفعاليات,برامج مفعله,26,63,الفصل التدريبي الثالث ,6,15,فعال-212,إدارة المرافق والخدمات اللوجست,2,0
الكلية التقنية,دبلوم,تقنية السياحة والضيافة,إدارة الفعاليات,برامج مفعله,26,63,الفصل التدريبي الثالث ,6,15,فعال-212,إدارة المرافق والخدمات اللوجست,2,0
كلية السياحة و الفندقة,دبلوم,تقنية السياحة والضيافة,إدارة الفعاليات,برامج مفعله,26,63,الفصل التدريبي الثالث ,6,15,فعال-231,دراسة حالات في الفعاليات,4,0
الكلية التقنية,دبلوم,تقنية السياحة والضيافة,إدارة الفعاليات,برامج مفعله,26,63,الفصل التدريبي الثالث ,6,15,فعال-231,دراسة حالات في الفعاليات,4,0
الكلية التقنية,دبلوم,تقنية السياحة والضيافة,إدارة الفعاليات,برامج مفعله,26,63,الفصل التدريبي الثالث ,6,15,ملتي-141,التصميم المرئي-1,2,4
كلية السياحة و الفندقة,دبلوم,تقنية السياحة والضيافة,إدارة الفعاليات,برامج مفعله,26,63,الفصل التدريبي الثالث ,6,15,ملتي-141,التصميم المرئي-1,2,4
كلية السياحة و الفندقة,دبلوم,تقنية السياحة والضيافة,إدارة الفعاليات,برامج مفعله,26,63,الفصل التدريبي الثاني ,7,16,انجل-112,لغة إنجليزية (2),4,0
الكلية التقنية,دبلوم,تقنية السياحة والضيافة,إدارة الفعاليات,برامج مفعله,26,63,الفصل التدريبي الثاني ,7,16,انجل-112,لغة إنجليزية (2),4,0
كلية السياحة و الفندقة,دبلوم,تقنية السياحة والضيافة,إدارة الفعاليات,برامج مفعله,26,63,الفصل التدريبي الثاني ,7,16,رياد-101,أساسيات ريادة الأعمال,2,0
الكلية التقنية,دبلوم,تقنية السياحة والضيافة,إدارة الفعاليات,برامج مفعله,26,63,الفصل التدريبي الثاني ,7,16,رياد-101,أساسيات ريادة الأعمال,2,0
كلية السياحة و الفندقة,دبلوم,تقنية السياحة والضيافة,إدارة الفعاليات,برامج مفعله,26,63,الفصل التدريبي الثاني ,7,16,فعال-101,مبادئ إدارة الفعاليات,3,0
الكلية التقنية,دبلوم,تقنية السياحة والضيافة,إدارة الفعاليات,برامج مفعله,26,63,الفصل التدريبي الثاني ,7,16,فعال-101,مبادئ إدارة الفعاليات,3,0
الكلية التقنية,دبلوم,تقنية السياحة والضيافة,إدارة الفعاليات,برامج مفعله,26,63,الفصل التدريبي الثاني ,7,16,فعال-102,أساسيات الخدمة,3,0
كلية السياحة و الفندقة,دبلوم,تقنية السياحة والضيافة,إدارة الفعاليات,برامج مفعله,26,63,الفصل التدريبي الثاني ,7,16,فعال-102,أساسيات الخدمة,3,0
كلية السياحة و الفندقة,دبلوم,تقنية السياحة والضيافة,إدارة الفعاليات,برامج مفعله,26,63,الفصل التدريبي الثاني ,7,16,فعال-121,خدمة الأغذية والمشروبات,2,2
الكلية التقنية,دبلوم,تقنية السياحة والضيافة,إدارة الفعاليات,برامج مفعله,26,63,الفصل التدريبي الثاني ,7,16,فعال-121,خدمة الأغذية والمشروبات,2,2
الكلية التقنية,دبلوم,تقنية السياحة والضيافة,إدارة الفعاليات,برامج مفعله,26,63,الفصل التدريبي الثاني ,7,16,فعال-222,اللوائح المنظمة للفعاليات,2,0
كلية السياحة و الفندقة,دبلوم,تقنية السياحة والضيافة,إدارة الفعاليات,برامج مفعله,26,63,الفصل التدريبي الثاني ,7,16,فعال-222,اللوائح المنظمة للفعاليات,2,0
الكلية التقنية,دبلوم,تقنية السياحة والضيافة,إدارة الفعاليات,برامج مفعله,26,63,الفصل التدريبي الثاني ,7,16,محسب-101,مبادئ المحاسبة,4,0
كلية السياحة و الفندقة,دبلوم,تقنية السياحة والضيافة,إدارة الفعاليات,برامج مفعله,26,63,الفصل التدريبي الثاني ,7,16,محسب-101,مبادئ المحاسبة,4,0
الكلية التقنية,دبلوم,تقنية السياحة والضيافة,إدارة الفعاليات,برامج مفعله,26,63,الفصل التدريبي الخامس ,1,2, فعال-288,المشروع الإنتاجي,0,0
كلية السياحة و الفندقة,دبلوم,تقنية السياحة والضيافة,إدارة الفعاليات,برامج مفعله,26,63,الفصل التدريبي الخامس ,1,2, فعال-288,المشروع الإنتاجي,0,0
الكلية التقنية,دبلوم,تقنية السياحة والضيافة,إدارة الفعاليات,برامج مفعله,26,63,الفصل التدريبي الخامس ,1,2,فعال-299,التدريب التعاوني,0,0
كلية السياحة و الفندقة,دبلوم,تقنية السياحة والضيافة,إدارة الفعاليات,برامج مفعله,26,63,الفصل التدريبي الخامس ,1,2,فعال-299,التدريب التعاوني,0,0
كلية السياحة و الفندقة,دبلوم,تقنية السياحة والضيافة,إدارة الفعاليات,برامج مفعله,26,63,الفصل التدريبي الرابع ,6,14,اسلك-201,السلوك الوظيفي والمستقبل المهني,2,0
الكلية التقنية,دبلوم,تقنية السياحة والضيافة,إدارة الفعاليات,برامج مفعله,26,63,الفصل التدريبي الرابع ,6,14,اسلك-201,السلوك الوظيفي والمستقبل المهني,2,0
الكلية التقنية,دبلوم,تقنية السياحة والضيافة,إدارة الفعاليات,برامج مفعله,26,63,الفصل التدريبي الرابع ,6,14,اسلم-101,الدراسات الإسلامية,2,0
كلية السياحة و الفندقة,دبلوم,تقنية السياحة والضيافة,إدارة الفعاليات,برامج مفعله,26,63,الفصل التدريبي الرابع ,6,14,اسلم-101,الدراسات الإسلامية,2,0
كلية السياحة و الفندقة,دبلوم,تقنية السياحة والضيافة,إدارة الفعاليات,برامج مفعله,26,63,الفصل التدريبي الرابع ,6,14,انجل-204,لغة إنجليزية (4 ),4,0
الكلية التقنية,دبلوم,تقنية السياحة والضيافة,إدارة الفعاليات,برامج مفعله,26,63,الفصل التدريبي الرابع ,6,14,انجل-204,لغة إنجليزية (4 ),4,0
كلية السياحة و الفندقة,دبلوم,تقنية السياحة والضيافة,إدارة الفعاليات,برامج مفعله,26,63,الفصل التدريبي الرابع ,6,14,فعال-223,التسويق ورعاية الفعاليات,3,0
الكلية التقنية,دبلوم,تقنية السياحة والضيافة,إدارة الفعاليات,برامج مفعله,26,63,الفصل التدريبي الرابع ,6,14,فعال-223,التسويق ورعاية الفعاليات,3,0
الكلية التقنية,دبلوم,تقنية السياحة والضيافة,إدارة الفعاليات,برامج مفعله,26,63,الفصل التدريبي الرابع ,6,14,فعال-232,تصميم وتقييم الفعاليات,2,2
كلية السياحة و الفندقة,دبلوم,تقنية السياحة والضيافة,إدارة الفعاليات,برامج مفعله,26,63,الفصل التدريبي الرابع ,6,14,فعال-232,تصميم وتقييم الفعاليات,2,2
الكلية التقنية,دبلوم,تقنية السياحة والضيافة,إدارة الفعاليات,برامج مفعله,26,63,الفصل التدريبي الرابع ,6,14,فعال-233,إدارة المشاريع,3,0
كلية السياحة و الفندقة,دبلوم,تقنية السياحة والضيافة,إدارة الفعاليات,برامج مفعله,26,63,الفصل التدريبي الرابع ,6,14,فعال-233,إدارة المشاريع,3,0
الكلية التقنية,دبلوم,تقنية الاعمال,إدارة المستودعات,برامج مفعله,30,66,الفصل التدريبي الأول ,7,17,ادار-101,مبادئ إدارة الأعمال,4,0
الكلية التقنية,دبلوم,تقنية الاعمال,إدارة المستودعات,برامج مفعله,30,66,الفصل التدريبي الأول ,7,17,انجل-111,لغة إنجليزية (1),4,0
الكلية التقنية,دبلوم,تقنية الاعمال,إدارة المستودعات,برامج مفعله,30,66,الفصل التدريبي الأول ,7,17,حاسب-101,مقدمة تطبيقات الحاسب,0,4
الكلية التقنية,دبلوم,تقنية الاعمال,إدارة المستودعات,برامج مفعله,30,66,الفصل التدريبي الأول ,7,17,رياض-101,الرياضيات,4,0
الكلية التقنية,دبلوم,تقنية الاعمال,إدارة المستودعات,برامج مفعله,30,66,الفصل التدريبي الأول ,7,17,عربي-101,الكتابة الفنية,2,0
الكلية التقنية,دبلوم,تقنية الاعمال,إدارة المستودعات,برامج مفعله,30,66,الفصل التدريبي الأول ,7,17,محسب-101,مبادئ المحاسبة,4,0
الكلية التقنية,دبلوم,تقنية الاعمال,إدارة المستودعات,برامج مفعله,30,66,الفصل التدريبي الأول ,7,17,مسدع-111,الأمن والسلامة في المستودعات,1,0
الكلية التقنية,دبلوم,تقنية الاعمال,إدارة المستودعات,برامج مفعله,30,66,الفصل التدريبي الثالث ,7,15,انجل-113,لغة إنجليزية (3),4,0
الكلية التقنية,دبلوم,تقنية الاعمال,إدارة المستودعات,برامج مفعله,30,66,الفصل التدريبي الثالث ,7,15,رياد-262,ريادة الاعمال في مجال الإدارة,1,2
الكلية التقنية,دبلوم,تقنية الاعمال,إدارة المستودعات,برامج مفعله,30,66,الفصل التدريبي الثالث ,7,15,مسدع-232,إجراءات المخزون,3,0
الكلية التقنية,دبلوم,تقنية الاعمال,إدارة المستودعات,برامج مفعله,30,66,الفصل التدريبي الثالث ,7,15,مسدع-233,ترتيب المخازن,1,2
الكلية التقنية,دبلوم,تقنية الاعمال,إدارة المستودعات,برامج مفعله,30,66,الفصل التدريبي الثالث ,7,15,مسدع-234,إدارة الشحن والتأمين,2,0
الكلية التقنية,دبلوم,تقنية الاعمال,إدارة المستودعات,برامج مفعله,30,66,الفصل التدريبي الثالث ,7,15,مسدع-261,المتابعة والتقارير المستودعية,3,0
الكلية التقنية,دبلوم,تقنية الاعمال,إدارة المستودعات,برامج مفعله,30,66,الفصل التدريبي الثالث ,7,15,مسدع-271,الجودة الشاملة في المستودعات,3,0
الكلية التقنية,دبلوم,تقنية الاعمال,إدارة المستودعات,برامج مفعله,30,66,الفصل التدريبي الثاني ,8,18,احصا-101,مقدمة في الإحصاء,3,0
الكلية التقنية,دبلوم,تقنية الاعمال,إدارة المستودعات,برامج مفعله,30,66,الفصل التدريبي الثاني ,8,18,انجل-112,لغة إنجليزية (2),4,0
الكلية التقنية,دبلوم,تقنية الاعمال,إدارة المستودعات,برامج مفعله,30,66,الفصل التدريبي الثاني ,8,18,رياد-101,أساسيات ريادة الأعمال,2,0
الكلية التقنية,دبلوم,تقنية الاعمال,إدارة المستودعات,برامج مفعله,30,66,الفصل التدريبي الثاني ,8,18,مسدع-121,السكرتارية في المستودعات,3,0
الكلية التقنية,دبلوم,تقنية الاعمال,إدارة المستودعات,برامج مفعله,30,66,الفصل التدريبي الثاني ,8,18,مسدع-131,إدارة عمليات التخزين,3,0
الكلية التقنية,دبلوم,تقنية الاعمال,إدارة المستودعات,برامج مفعله,30,66,الفصل التدريبي الثاني ,8,18,مسدع-141,تنظيم الوقت,2,0
الكلية التقنية,دبلوم,تقنية الاعمال,إدارة المستودعات,برامج مفعله,30,66,الفصل التدريبي الثاني ,8,18,مسدع-151,الإدارة الإلكترونية,3,0
الكلية التقنية,دبلوم,تقنية الاعمال,إدارة المستودعات,برامج مفعله,30,66,الفصل التدريبي الثاني ,8,18,مسدع-181,مصطلحات مستودعية باللغة الإنجليزية,2,0
الكلية التقنية,دبلوم,تقنية الاعمال,إدارة المستودعات,برامج مفعله,30,66,الفصل التدريبي الخامس ,1,2, مسدع-288,المشروع الإنتاجي,0,0
الكلية التقنية,دبلوم,تقنية الاعمال,إدارة المستودعات,برامج مفعله,30,66,الفصل التدريبي الخامس ,1,2,مسدع-299,التدريب التعاوني,0,0
الكلية التقنية,دبلوم,تقنية الاعمال,إدارة المستودعات,برامج مفعله,30,66,الفصل التدريبي الرابع ,7,14,اسلك-201,السلوك الوظيفي والمستقبل المهني,2,0
الكلية التقنية,دبلوم,تقنية الاعمال,إدارة المستودعات,برامج مفعله,30,66,الفصل التدريبي الرابع ,7,14,اسلم-101,الدراسات الإسلامية,2,0
الكلية التقنية,دبلوم,تقنية الاعمال,إدارة المستودعات,برامج مفعله,30,66,الفصل التدريبي الرابع ,7,14,مسدع-236,ترميز وتصنيف المخزون,3,0
الكلية التقنية,دبلوم,تقنية الاعمال,إدارة المستودعات,برامج مفعله,30,66,الفصل التدريبي الرابع ,7,14,مسدع-241,الاتجاهات المعاصرة في إدارة ال,2,0
الكلية التقنية,دبلوم,تقنية الاعمال,إدارة المستودعات,برامج مفعله,30,66,الفصل التدريبي الرابع ,7,14,مسدع-242,إدارة اللوجستيات وسلاسل الإمدا,2,0
الكلية التقنية,دبلوم,تقنية الاعمال,إدارة المستودعات,برامج مفعله,30,66,الفصل التدريبي الرابع ,7,14,مسدع-252,إستخدام الحاسب في المستودعات,0,4
الكلية التقنية,دبلوم,تقنية الاعمال,إدارة المستودعات,برامج مفعله,30,66,الفصل التدريبي الرابع ,7,14,مسدع-285,موضوعات مختارة,3,0
الكلية التقنية,دبلوم,تقنية السياحة والضيافة,إنتاج الطعام (الطهي),برامج مفعله,28,62,الفصل التدريبي الأول ,8,19,ادار-101,مبادئ إدارة الأعمال,4,0
كلية السياحة و الفندقة,دبلوم,تقنية السياحة والضيافة,إنتاج الطعام (الطهي),برامج مفعله,28,62,الفصل التدريبي الأول ,8,19,ادار-101,مبادئ إدارة الأعمال,4,0
الكلية التقنية,دبلوم,تقنية السياحة والضيافة,إنتاج الطعام (الطهي),برامج مفعله,28,62,الفصل التدريبي الأول ,8,19,انجل-111,لغة إنجليزية (1),4,0
كلية السياحة و الفندقة,دبلوم,تقنية السياحة والضيافة,إنتاج الطعام (الطهي),برامج مفعله,28,62,الفصل التدريبي الأول ,8,19,انجل-111,لغة إنجليزية (1),4,0
كلية السياحة و الفندقة,دبلوم,تقنية السياحة والضيافة,إنتاج الطعام (الطهي),برامج مفعله,28,62,الفصل التدريبي الأول ,8,19,حاسب-101,مقدمة تطبيقات الحاسب,0,4
الكلية التقنية,دبلوم,تقنية السياحة والضيافة,إنتاج الطعام (الطهي),برامج مفعله,28,62,الفصل التدريبي الأول ,8,19,حاسب-101,مقدمة تطبيقات الحاسب,0,4
كلية السياحة و الفندقة,دبلوم,تقنية السياحة والضيافة,إنتاج الطعام (الطهي),برامج مفعله,28,62,الفصل التدريبي الأول ,8,19,رياض-101,الرياضيات,4,0
الكلية التقنية,دبلوم,تقنية السياحة والضيافة,إنتاج الطعام (الطهي),برامج مفعله,28,62,الفصل التدريبي الأول ,8,19,رياض-101,الرياضيات,4,0
كلية السياحة و الفندقة,دبلوم,تقنية السياحة والضيافة,إنتاج الطعام (الطهي),برامج مفعله,28,62,الفصل التدريبي الأول ,8,19,سافر-101,مدخل إلى صناعة السياحة والضيافه,3,0
الكلية التقنية,دبلوم,تقنية السياحة والضيافة,إنتاج الطعام (الطهي),برامج مفعله,28,62,الفصل التدريبي الأول ,8,19,سافر-101,مدخل إلى صناعة السياحة والضيافه,3,0
كلية السياحة و الفندقة,دبلوم,تقنية السياحة والضيافة,إنتاج الطعام (الطهي),برامج مفعله,28,62,الفصل التدريبي الأول ,8,19,طاهي-101,صحة وسلامة الأغذية,1,2
الكلية التقنية,دبلوم,تقنية السياحة والضيافة,إنتاج الطعام (الطهي),برامج مفعله,28,62,الفصل التدريبي الأول ,8,19,طاهي-101,صحة وسلامة الأغذية,1,2
كلية السياحة و الفندقة,دبلوم,تقنية السياحة والضيافة,إنتاج الطعام (الطهي),برامج مفعله,28,62,الفصل التدريبي الأول ,8,19,طاهي-102,الصحة والسلامة المهنية,1,0
الكلية التقنية,دبلوم,تقنية السياحة والضيافة,إنتاج الطعام (الطهي),برامج مفعله,28,62,الفصل التدريبي الأول ,8,19,طاهي-102,الصحة والسلامة المهنية,1,0
الكلية التقنية,دبلوم,تقنية السياحة والضيافة,إنتاج الطعام (الطهي),برامج مفعله,28,62,الفصل التدريبي الأول ,8,19,عربي-101,الكتابة الفنية,2,0
كلية السياحة و الفندقة,دبلوم,تقنية السياحة والضيافة,إنتاج الطعام (الطهي),برامج مفعله,28,62,الفصل التدريبي الأول ,8,19,عربي-101,الكتابة الفنية,2,0
كلية السياحة و الفندقة,دبلوم,تقنية السياحة والضيافة,إنتاج الطعام (الطهي),برامج مفعله,28,62,الفصل التدريبي الثالث ,6,13,انجل-113,لغة إنجليزية (3),4,0
الكلية التقنية,دبلوم,تقنية السياحة والضيافة,إنتاج الطعام (الطهي),برامج مفعله,28,62,الفصل التدريبي الثالث ,6,13,انجل-113,لغة إنجليزية (3),4,0
كلية السياحة و الفندقة,دبلوم,تقنية السياحة والضيافة,إنتاج الطعام (الطهي),برامج مفعله,28,62,الفصل التدريبي الثالث ,6,13,رياد-272,ريادة الاعمال في مجال السياحة والضيافة,1,2
الكلية التقنية,دبلوم,تقنية السياحة والضيافة,إنتاج الطعام (الطهي),برامج مفعله,28,62,الفصل التدريبي الثالث ,6,13,رياد-272,ريادة الاعمال في مجال السياحة والضيافة,1,2
الكلية التقنية,دبلوم,تقنية السياحة والضيافة,إنتاج الطعام (الطهي),برامج مفعله,28,62,الفصل التدريبي الثالث ,6,13,طاهي-212,المطبخ البارد سلطات,0,4
كلية السياحة و الفندقة,دبلوم,تقنية السياحة والضيافة,إنتاج الطعام (الطهي),برامج مفعله,28,62,الفصل التدريبي الثالث ,6,13,طاهي-212,المطبخ البارد سلطات,0,4
كلية السياحة و الفندقة,دبلوم,تقنية السياحة والضيافة,إنتاج الطعام (الطهي),برامج مفعله,28,62,الفصل التدريبي الثالث ,6,13,طاهي-213,المطبخ البارد مقبلات,0,4
الكلية التقنية,دبلوم,تقنية السياحة والضيافة,إنتاج الطعام (الطهي),برامج مفعله,28,62,الفصل التدريبي الثالث ,6,13,طاهي-213,المطبخ البارد مقبلات,0,4
كلية السياحة و الفندقة,دبلوم,تقنية السياحة والضيافة,إنتاج الطعام (الطهي),برامج مفعله,28,62,الفصل التدريبي الثالث ,6,13,طاهي-221,المخبوزات,0,4
الكلية التقنية,دبلوم,تقنية السياحة والضيافة,إنتاج الطعام (الطهي),برامج مفعله,28,62,الفصل التدريبي الثالث ,6,13,طاهي-221,المخبوزات,0,4
كلية السياحة و الفندقة,دبلوم,تقنية السياحة والضيافة,إنتاج الطعام (الطهي),برامج مفعله,28,62,الفصل التدريبي الثالث ,6,13,طاهي-253,إدارة المطبخ,3,0
الكلية التقنية,دبلوم,تقنية السياحة والضيافة,إنتاج الطعام (الطهي),برامج مفعله,28,62,الفصل التدريبي الثالث ,6,13,طاهي-253,إدارة المطبخ,3,0
الكلية التقنية,دبلوم,تقنية السياحة والضيافة,إنتاج الطعام (الطهي),برامج مفعله,28,62,الفصل التدريبي الثاني ,8,17,اسلم-101,الدراسات الإسلامية,2,0
كلية السياحة و الفندقة,دبلوم,تقنية السياحة والضيافة,إنتاج الطعام (الطهي),برامج مفعله,28,62,الفصل التدريبي الثاني ,8,17,اسلم-101,الدراسات الإسلامية,2,0
الكلية التقنية,دبلوم,تقنية السياحة والضيافة,إنتاج الطعام (الطهي),برامج مفعله,28,62,الفصل التدريبي الثاني ,8,17,انجل-112,لغة إنجليزية (2),4,0
كلية السياحة و الفندقة,دبلوم,تقنية السياحة والضيافة,إنتاج الطعام (الطهي),برامج مفعله,28,62,الفصل التدريبي الثاني ,8,17,انجل-112,لغة إنجليزية (2),4,0
كلية السياحة و الفندقة,دبلوم,تقنية السياحة والضيافة,إنتاج الطعام (الطهي),برامج مفعله,28,62,الفصل التدريبي الثاني ,8,17,رياد-101,أساسيات ريادة الأعمال,2,0
الكلية التقنية,دبلوم,تقنية السياحة والضيافة,إنتاج الطعام (الطهي),برامج مفعله,28,62,الفصل التدريبي الثاني ,8,17,رياد-101,أساسيات ريادة الأعمال,2,0
كلية السياحة و الفندقة,دبلوم,تقنية السياحة والضيافة,إنتاج الطعام (الطهي),برامج مفعله,28,62,الفصل التدريبي الثاني ,8,17,طاهي-111,المطبخ التحضيري,0,4
الكلية التقنية,دبلوم,تقنية السياحة والضيافة,إنتاج الطعام (الطهي),برامج مفعله,28,62,الفصل التدريبي الثاني ,8,17,طاهي-111,المطبخ التحضيري,0,4
الكلية التقنية,دبلوم,تقنية السياحة والضيافة,إنتاج الطعام (الطهي),برامج مفعله,28,62,الفصل التدريبي الثاني ,8,17,طاهي-141,تجهيزات معدات المطابخ والمطاعم,2,0
كلية السياحة و الفندقة,دبلوم,تقنية السياحة والضيافة,إنتاج الطعام (الطهي),برامج مفعله,28,62,الفصل التدريبي الثاني ,8,17,طاهي-141,تجهيزات معدات المطابخ والمطاعم,2,0
كلية السياحة و الفندقة,دبلوم,تقنية السياحة والضيافة,إنتاج الطعام (الطهي),برامج مفعله,28,62,الفصل التدريبي الثاني ,8,17,طاهي-142,شراء وتخزين الأغذية والمشروبات,3,0
الكلية التقنية,دبلوم,تقنية السياحة والضيافة,إنتاج الطعام (الطهي),برامج مفعله,28,62,الفصل التدريبي الثاني ,8,17,طاهي-142,شراء وتخزين الأغذية والمشروبات,3,0
الكلية التقنية,دبلوم,تقنية السياحة والضيافة,إنتاج الطعام (الطهي),برامج مفعله,28,62,الفصل التدريبي الثاني ,8,17,طاهي-151,أساسيات ادارة المطاعم,2,0
كلية السياحة و الفندقة,دبلوم,تقنية السياحة والضيافة,إنتاج الطعام (الطهي),برامج مفعله,28,62,الفصل التدريبي الثاني ,8,17,طاهي-151,أساسيات ادارة المطاعم,2,0
الكلية التقنية,دبلوم,تقنية السياحة والضيافة,إنتاج الطعام (الطهي),برامج مفعله,28,62,الفصل التدريبي الثاني ,8,17,طاهي-252,مراقبة الأغذية والمشروبات,3,0
كلية السياحة و الفندقة,دبلوم,تقنية السياحة والضيافة,إنتاج الطعام (الطهي),برامج مفعله,28,62,الفصل التدريبي الثاني ,8,17,طاهي-252,مراقبة الأغذية والمشروبات,3,0
الكلية التقنية,دبلوم,تقنية السياحة والضيافة,إنتاج الطعام (الطهي),برامج مفعله,28,62,الفصل التدريبي الخامس ,1,2, طاهي-288,المشروع الإنتاجي,0,0
كلية السياحة و الفندقة,دبلوم,تقنية السياحة والضيافة,إنتاج الطعام (الطهي),برامج مفعله,28,62,الفصل التدريبي الخامس ,1,2, طاهي-288,المشروع الإنتاجي,0,0
الكلية التقنية,دبلوم,تقنية السياحة والضيافة,إنتاج الطعام (الطهي),برامج مفعله,28,62,الفصل التدريبي الخامس ,1,2,طاهي-299,التدريب التعاوني,0,0
كلية السياحة و الفندقة,دبلوم,تقنية السياحة والضيافة,إنتاج الطعام (الطهي),برامج مفعله,28,62,الفصل التدريبي الخامس ,1,2,طاهي-299,التدريب التعاوني,0,0
الكلية التقنية,دبلوم,تقنية السياحة والضيافة,إنتاج الطعام (الطهي),برامج مفعله,28,62,الفصل التدريبي الرابع ,5,11,اسلك-201,السلوك الوظيفي والمستقبل المهني,2,0
كلية السياحة و الفندقة,دبلوم,تقنية السياحة والضيافة,إنتاج الطعام (الطهي),برامج مفعله,28,62,الفصل التدريبي الرابع ,5,11,اسلك-201,السلوك الوظيفي والمستقبل المهني,2,0
كلية السياحة و الفندقة,دبلوم,تقنية السياحة والضيافة,إنتاج الطعام (الطهي),برامج مفعله,28,62,الفصل التدريبي الرابع ,5,11,انجل-204,لغة إنجليزية (4 ),4,0
الكلية التقنية,دبلوم,تقنية السياحة والضيافة,إنتاج الطعام (الطهي),برامج مفعله,28,62,الفصل التدريبي الرابع ,5,11,انجل-204,لغة إنجليزية (4 ),4,0
الكلية التقنية,دبلوم,تقنية السياحة والضيافة,إنتاج الطعام (الطهي),برامج مفعله,28,62,الفصل التدريبي الرابع ,5,11,طاهي-214,المطبخ الساخن البسيط,0,4
كلية السياحة و الفندقة,دبلوم,تقنية السياحة والضيافة,إنتاج الطعام (الطهي),برامج مفعله,28,62,الفصل التدريبي الرابع ,5,11,طاهي-214,المطبخ الساخن البسيط,0,4
الكلية التقنية,دبلوم,تقنية السياحة والضيافة,إنتاج الطعام (الطهي),برامج مفعله,28,62,الفصل التدريبي الرابع ,5,11,طاهي-215,المطبخ الساخن المتقدم,0,4
كلية السياحة و الفندقة,دبلوم,تقنية السياحة والضيافة,إنتاج الطعام (الطهي),برامج مفعله,28,62,الفصل التدريبي الرابع ,5,11,طاهي-215,المطبخ الساخن المتقدم,0,4
كلية السياحة و الفندقة,دبلوم,تقنية السياحة والضيافة,إنتاج الطعام (الطهي),برامج مفعله,28,62,الفصل التدريبي الرابع ,5,11,طاهي-222,الحلويات,0,4
الكلية التقنية,دبلوم,تقنية السياحة والضيافة,إنتاج الطعام (الطهي),برامج مفعله,28,62,الفصل التدريبي الرابع ,5,11,طاهي-222,الحلويات,0,4
الكلية التقنية,دبلوم,التقنية الخاصة,تطبيقات مكتبية للمعوقين سمعيا,برامج مفعله,26,60,الفصل التدريبي الأول ,7,15,اسلم-171,ثقافة إسلامية (1),2,0
كلية الاتصالات والمعلومات,دبلوم,التقنية الخاصة,تطبيقات مكتبية للمعوقين سمعيا,برامج مفعله,26,60,الفصل التدريبي الأول ,7,15,اسلم-171,ثقافة إسلامية (1),2,0
الكلية التقنية,دبلوم,التقنية الخاصة,تطبيقات مكتبية للمعوقين سمعيا,برامج مفعله,26,60,الفصل التدريبي الأول ,7,15,ختطك-111,لوحة مفاتيح عربي,0,6
كلية الاتصالات والمعلومات,دبلوم,التقنية الخاصة,تطبيقات مكتبية للمعوقين سمعيا,برامج مفعله,26,60,الفصل التدريبي الأول ,7,15,ختطك-111,لوحة مفاتيح عربي,0,6
كلية الاتصالات والمعلومات,دبلوم,التقنية الخاصة,تطبيقات مكتبية للمعوقين سمعيا,برامج مفعله,26,60,الفصل التدريبي الأول ,7,15,ختطك-121,نظام تشغيل الحاسب,0,4
الكلية التقنية,دبلوم,التقنية الخاصة,تطبيقات مكتبية للمعوقين سمعيا,برامج مفعله,26,60,الفصل التدريبي الأول ,7,15,ختطك-121,نظام تشغيل الحاسب,0,4
كلية الاتصالات والمعلومات,دبلوم,التقنية الخاصة,تطبيقات مكتبية للمعوقين سمعيا,برامج مفعله,26,60,الفصل التدريبي الأول ,7,15,ختطك-151,مقدمة الإنترنت والبريد الالكتروني,0,2
الكلية التقنية,دبلوم,التقنية الخاصة,تطبيقات مكتبية للمعوقين سمعيا,برامج مفعله,26,60,الفصل التدريبي الأول ,7,15,ختطك-151,مقدمة الإنترنت والبريد الالكتروني,0,2
كلية الاتصالات والمعلومات,دبلوم,التقنية الخاصة,تطبيقات مكتبية للمعوقين سمعيا,برامج مفعله,26,60,الفصل التدريبي الأول ,7,15,رياد-171,أساسيات ريادة الأعمال,2,0
الكلية التقنية,دبلوم,التقنية الخاصة,تطبيقات مكتبية للمعوقين سمعيا,برامج مفعله,26,60,الفصل التدريبي الأول ,7,15,رياد-171,أساسيات ريادة الأعمال,2,0
الكلية التقنية,دبلوم,التقنية الخاصة,تطبيقات مكتبية للمعوقين سمعيا,برامج مفعله,26,60,الفصل التدريبي الأول ,7,15,رياض-171,الرياضيات,4,0
كلية الاتصالات والمعلومات,دبلوم,التقنية الخاصة,تطبيقات مكتبية للمعوقين سمعيا,برامج مفعله,26,60,الفصل التدريبي الأول ,7,15,رياض-171,الرياضيات,4,0
الكلية التقنية,دبلوم,التقنية الخاصة,تطبيقات مكتبية للمعوقين سمعيا,برامج مفعله,26,60,الفصل التدريبي الأول ,7,15,عربي-172,مهارات لغوية,3,0
كلية الاتصالات والمعلومات,دبلوم,التقنية الخاصة,تطبيقات مكتبية للمعوقين سمعيا,برامج مفعله,26,60,الفصل التدريبي الأول ,7,15,عربي-172,مهارات لغوية,3,0
كلية الاتصالات والمعلومات,دبلوم,التقنية الخاصة,تطبيقات مكتبية للمعوقين سمعيا,برامج مفعله,26,60,الفصل التدريبي الثالث ,6,15,انجل-172,لغة إنجليزية ( 2 ),4,0
الكلية التقنية,دبلوم,التقنية الخاصة,تطبيقات مكتبية للمعوقين سمعيا,برامج مفعله,26,60,الفصل التدريبي الثالث ,6,15,انجل-172,لغة إنجليزية ( 2 ),4,0
الكلية التقنية,دبلوم,التقنية الخاصة,تطبيقات مكتبية للمعوقين سمعيا,برامج مفعله,26,60,الفصل التدريبي الثالث ,6,15,ختطك-232,صيانة الحاسب,0,4
كلية الاتصالات والمعلومات,دبلوم,التقنية الخاصة,تطبيقات مكتبية للمعوقين سمعيا,برامج مفعله,26,60,الفصل التدريبي الثالث ,6,15,ختطك-232,صيانة الحاسب,0,4
الكلية التقنية,دبلوم,التقنية الخاصة,تطبيقات مكتبية للمعوقين سمعيا,برامج مفعله,26,60,الفصل التدريبي الثالث ,6,15,ختطك-242,معالجة النصوص -2,0,6
كلية الاتصالات والمعلومات,دبلوم,التقنية الخاصة,تطبيقات مكتبية للمعوقين سمعيا,برامج مفعله,26,60,الفصل التدريبي الثالث ,6,15,ختطك-242,معالجة النصوص -2,0,6
كلية الاتصالات والمعلومات,دبلوم,التقنية الخاصة,تطبيقات مكتبية للمعوقين سمعيا,برامج مفعله,26,60,الفصل التدريبي الثالث ,6,15,ختطك-243,تصميم العروض التقديميه,0,4
الكلية التقنية,دبلوم,التقنية الخاصة,تطبيقات مكتبية للمعوقين سمعيا,برامج مفعله,26,60,الفصل التدريبي الثالث ,6,15,ختطك-243,تصميم العروض التقديميه,0,4
الكلية التقنية,دبلوم,التقنية الخاصة,تطبيقات مكتبية للمعوقين سمعيا,برامج مفعله,26,60,الفصل التدريبي الثالث ,6,15,ختطك-261,مدخل إلى السكرتارية وإدارة المكاتب,2,2
كلية الاتصالات والمعلومات,دبلوم,التقنية الخاصة,تطبيقات مكتبية للمعوقين سمعيا,برامج مفعله,26,60,الفصل التدريبي الثالث ,6,15,ختطك-261,مدخل إلى السكرتارية وإدارة المكاتب,2,2
كلية الاتصالات والمعلومات,دبلوم,التقنية الخاصة,تطبيقات مكتبية للمعوقين سمعيا,برامج مفعله,26,60,الفصل التدريبي الثالث ,6,15,عربي-174,لغة عربية ( 2 ),3,0
الكلية التقنية,دبلوم,التقنية الخاصة,تطبيقات مكتبية للمعوقين سمعيا,برامج مفعله,26,60,الفصل التدريبي الثالث ,6,15,عربي-174,لغة عربية ( 2 ),3,0
كلية الاتصالات والمعلومات,دبلوم,التقنية الخاصة,تطبيقات مكتبية للمعوقين سمعيا,برامج مفعله,26,60,الفصل التدريبي الثاني ,6,15,اسلم-172,ثقافة إسلامية (2),2,0
الكلية التقنية,دبلوم,التقنية الخاصة,تطبيقات مكتبية للمعوقين سمعيا,برامج مفعله,26,60,الفصل التدريبي الثاني ,6,15,اسلم-172,ثقافة إسلامية (2),2,0
كلية الاتصالات والمعلومات,دبلوم,التقنية الخاصة,تطبيقات مكتبية للمعوقين سمعيا,برامج مفعله,26,60,الفصل التدريبي الثاني ,6,15,انجل-171,لغة إنجليزية (1),4,0
الكلية التقنية,دبلوم,التقنية الخاصة,تطبيقات مكتبية للمعوقين سمعيا,برامج مفعله,26,60,الفصل التدريبي الثاني ,6,15,انجل-171,لغة إنجليزية (1),4,0
كلية الاتصالات والمعلومات,دبلوم,التقنية الخاصة,تطبيقات مكتبية للمعوقين سمعيا,برامج مفعله,26,60,الفصل التدريبي الثاني ,6,15,ختطك-112,لوحة مفاتيح (ثنائي اللغة),0,4
الكلية التقنية,دبلوم,التقنية الخاصة,تطبيقات مكتبية للمعوقين سمعيا,برامج مفعله,26,60,الفصل التدريبي الثاني ,6,15,ختطك-112,لوحة مفاتيح (ثنائي اللغة),0,4
الكلية التقنية,دبلوم,التقنية الخاصة,تطبيقات مكتبية للمعوقين سمعيا,برامج مفعله,26,60,الفصل التدريبي الثاني ,6,15,ختطك-131,بنية الحاسب,0,6
كلية الاتصالات والمعلومات,دبلوم,التقنية الخاصة,تطبيقات مكتبية للمعوقين سمعيا,برامج مفعله,26,60,الفصل التدريبي الثاني ,6,15,ختطك-131,بنية الحاسب,0,6
الكلية التقنية,دبلوم,التقنية الخاصة,تطبيقات مكتبية للمعوقين سمعيا,برامج مفعله,26,60,الفصل التدريبي الثاني ,6,15,ختطك-141,معالجة النصوص -1,0,6
كلية الاتصالات والمعلومات,دبلوم,التقنية الخاصة,تطبيقات مكتبية للمعوقين سمعيا,برامج مفعله,26,60,الفصل التدريبي الثاني ,6,15,ختطك-141,معالجة النصوص -1,0,6
كلية الاتصالات والمعلومات,دبلوم,التقنية الخاصة,تطبيقات مكتبية للمعوقين سمعيا,برامج مفعله,26,60,الفصل التدريبي الثاني ,6,15,عربي-173,لغة عربية (1 ),3,0
الكلية التقنية,دبلوم,التقنية الخاصة,تطبيقات مكتبية للمعوقين سمعيا,برامج مفعله,26,60,الفصل التدريبي الثاني ,6,15,عربي-173,لغة عربية (1 ),3,0
كلية الاتصالات والمعلومات,دبلوم,التقنية الخاصة,تطبيقات مكتبية للمعوقين سمعيا,برامج مفعله,26,60,الفصل التدريبي الخامس ,1,2, ختطك-288,المشروع الإنتاجي,0,0
الكلية التقنية,دبلوم,التقنية الخاصة,تطبيقات مكتبية للمعوقين سمعيا,برامج مفعله,26,60,الفصل التدريبي الخامس ,1,2, ختطك-288,المشروع الإنتاجي,0,0
كلية الاتصالات والمعلومات,دبلوم,التقنية الخاصة,تطبيقات مكتبية للمعوقين سمعيا,برامج مفعله,26,60,الفصل التدريبي الخامس ,1,2,ختطك-299,التدريب التعاونى,0,0
الكلية التقنية,دبلوم,التقنية الخاصة,تطبيقات مكتبية للمعوقين سمعيا,برامج مفعله,26,60,الفصل التدريبي الخامس ,1,2,ختطك-299,التدريب التعاونى,0,0
الكلية التقنية,دبلوم,التقنية الخاصة,تطبيقات مكتبية للمعوقين سمعيا,برامج مفعله,26,60,الفصل التدريبي الرابع ,6,13,اسلك-177,السلوك الوظيفي والمستقبل المهني,2,0
كلية الاتصالات والمعلومات,دبلوم,التقنية الخاصة,تطبيقات مكتبية للمعوقين سمعيا,برامج مفعله,26,60,الفصل التدريبي الرابع ,6,13,اسلك-177,السلوك الوظيفي والمستقبل المهني,2,0
كلية الاتصالات والمعلومات,دبلوم,التقنية الخاصة,تطبيقات مكتبية للمعوقين سمعيا,برامج مفعله,26,60,الفصل التدريبي الرابع ,6,13,ختطك-244,الجداول الالكترونيه,0,6
الكلية التقنية,دبلوم,التقنية الخاصة,تطبيقات مكتبية للمعوقين سمعيا,برامج مفعله,26,60,الفصل التدريبي الرابع ,6,13,ختطك-244,الجداول الالكترونيه,0,6
كلية الاتصالات والمعلومات,دبلوم,التقنية الخاصة,تطبيقات مكتبية للمعوقين سمعيا,برامج مفعله,26,60,الفصل التدريبي الرابع ,6,13,ختطك-252,إدارة الوقت,0,4
الكلية التقنية,دبلوم,التقنية الخاصة,تطبيقات مكتبية للمعوقين سمعيا,برامج مفعله,26,60,الفصل التدريبي الرابع ,6,13,ختطك-252,إدارة الوقت,0,4
كلية الاتصالات والمعلومات,دبلوم,التقنية الخاصة,تطبيقات مكتبية للمعوقين سمعيا,برامج مفعله,26,60,الفصل التدريبي الرابع ,6,13,ختطك-271,تطبيقات الحوسبة السحابية,0,4
الكلية التقنية,دبلوم,التقنية الخاصة,تطبيقات مكتبية للمعوقين سمعيا,برامج مفعله,26,60,الفصل التدريبي الرابع ,6,13,ختطك-271,تطبيقات الحوسبة السحابية,0,4
الكلية التقنية,دبلوم,التقنية الخاصة,تطبيقات مكتبية للمعوقين سمعيا,برامج مفعله,26,60,الفصل التدريبي الرابع ,6,13,ختطك-290,مشروع,1,4
كلية الاتصالات والمعلومات,دبلوم,التقنية الخاصة,تطبيقات مكتبية للمعوقين سمعيا,برامج مفعله,26,60,الفصل التدريبي الرابع ,6,13,ختطك-290,مشروع,1,4
الكلية التقنية,دبلوم,التقنية الخاصة,تطبيقات مكتبية للمعوقين سمعيا,برامج مفعله,26,60,الفصل التدريبي الرابع ,6,13,ختطك-296,التأهيل للشهادات الاحترافية,0,2
كلية الاتصالات والمعلومات,دبلوم,التقنية الخاصة,تطبيقات مكتبية للمعوقين سمعيا,برامج مفعله,26,60,الفصل التدريبي الرابع ,6,13,ختطك-296,التأهيل للشهادات الاحترافية,0,2
الكلية التقنية,دبلوم,تقنية الاعمال,تقنيات الاعمال المكتبية,برامج مفعله,25,60,الفصل التدريبي الأول ,6,16,ادار-101,مبادئ إدارة الأعمال,4,0
الكلية التقنية,دبلوم,تقنية الاعمال,تقنيات الاعمال المكتبية,برامج مفعله,25,60,الفصل التدريبي الأول ,6,16,اقصد-101,مقدمة في الأقتصاد,3,0
الكلية التقنية,دبلوم,تقنية الاعمال,تقنيات الاعمال المكتبية,برامج مفعله,25,60,الفصل التدريبي الأول ,6,16,انجل-111,لغة إنجليزية (1),4,0
الكلية التقنية,دبلوم,تقنية الاعمال,تقنيات الاعمال المكتبية,برامج مفعله,25,60,الفصل التدريبي الأول ,6,16,حاسب-101,مقدمة تطبيقات الحاسب,0,4
الكلية التقنية,دبلوم,تقنية الاعمال,تقنيات الاعمال المكتبية,برامج مفعله,25,60,الفصل التدريبي الأول ,6,16,رياض-101,الرياضيات,4,0
الكلية التقنية,دبلوم,تقنية الاعمال,تقنيات الاعمال المكتبية,برامج مفعله,25,60,الفصل التدريبي الأول ,6,16,عربي-101,الكتابة الفنية,2,0
الكلية التقنية,دبلوم,تقنية الاعمال,تقنيات الاعمال المكتبية,برامج مفعله,25,60,الفصل التدريبي الثالث ,6,14,ادار-121,إدارة وتقنيات المكاتب,2,2
الكلية التقنية,دبلوم,تقنية الاعمال,تقنيات الاعمال المكتبية,برامج مفعله,25,60,الفصل التدريبي الثالث ,6,14,ادار-152,مهارات الطباعة بالانجليزية,0,4
الكلية التقنية,دبلوم,تقنية الاعمال,تقنيات الاعمال المكتبية,برامج مفعله,25,60,الفصل التدريبي الثالث ,6,14,ادار-222,إجراءات السكرتارية,3,0
الكلية التقنية,دبلوم,تقنية الاعمال,تقنيات الاعمال المكتبية,برامج مفعله,25,60,الفصل التدريبي الثالث ,6,14,ادار-271,إدارة الجودة الشاملة,3,0
الكلية التقنية,دبلوم,تقنية الاعمال,تقنيات الاعمال المكتبية,برامج مفعله,25,60,الفصل التدريبي الثالث ,6,14,انجل-113,لغة إنجليزية (3),4,0
الكلية التقنية,دبلوم,تقنية الاعمال,تقنيات الاعمال المكتبية,برامج مفعله,25,60,الفصل التدريبي الثالث ,6,14,رياد-262,ريادة الاعمال في مجال الإدارة,1,2
الكلية التقنية,دبلوم,تقنية الاعمال,تقنيات الاعمال المكتبية,برامج مفعله,25,60,الفصل التدريبي الثاني ,6,15,احصا-101,مقدمة في الإحصاء,3,0
الكلية التقنية,دبلوم,تقنية الاعمال,تقنيات الاعمال المكتبية,برامج مفعله,25,60,الفصل التدريبي الثاني ,6,15,ادار-111,الاتصالات الإدارية,2,2
الكلية التقنية,دبلوم,تقنية الاعمال,تقنيات الاعمال المكتبية,برامج مفعله,25,60,الفصل التدريبي الثاني ,6,15,ادار-151,مهارات  الطباعة العربية,0,4
الكلية التقنية,دبلوم,تقنية الاعمال,تقنيات الاعمال المكتبية,برامج مفعله,25,60,الفصل التدريبي الثاني ,6,15,انجل-112,لغة إنجليزية (2),4,0
الكلية التقنية,دبلوم,تقنية الاعمال,تقنيات الاعمال المكتبية,برامج مفعله,25,60,الفصل التدريبي الثاني ,6,15,حاسب-102,تطبيقات الحاسب المتقدمة,0,4
الكلية التقنية,دبلوم,تقنية الاعمال,تقنيات الاعمال المكتبية,برامج مفعله,25,60,الفصل التدريبي الثاني ,6,15,رياد-101,أساسيات ريادة الأعمال,2,0
الكلية التقنية,دبلوم,تقنية الاعمال,تقنيات الاعمال المكتبية,برامج مفعله,25,60,الفصل التدريبي الخامس ,1,2, ادار-288,المشروع الإنتاجي,0,0
الكلية التقنية,دبلوم,تقنية الاعمال,تقنيات الاعمال المكتبية,برامج مفعله,25,60,الفصل التدريبي الخامس ,1,2,ادار-299,التدريب التعاوني,0,0
الكلية التقنية,دبلوم,تقنية الاعمال,تقنيات الاعمال المكتبية,برامج مفعله,25,60,الفصل التدريبي الرابع ,6,13,ادار-231,إدارة الموارد البشرية,4,0
الكلية التقنية,دبلوم,تقنية الاعمال,تقنيات الاعمال المكتبية,برامج مفعله,25,60,الفصل التدريبي الرابع ,6,13,ادار-241,إدارة الوقت,3,0
الكلية التقنية,دبلوم,تقنية الاعمال,تقنيات الاعمال المكتبية,برامج مفعله,25,60,الفصل التدريبي الرابع ,6,13,ادار-253,استخدام الحاسب الالي في الاعما,0,4
الكلية التقنية,دبلوم,تقنية الاعمال,تقنيات الاعمال المكتبية,برامج مفعله,25,60,الفصل التدريبي الرابع ,6,13,ادار-285,موضوعات مختارة,3,0
الكلية التقنية,دبلوم,تقنية الاعمال,تقنيات الاعمال المكتبية,برامج مفعله,25,60,الفصل التدريبي الرابع ,6,13,اسلك-201,السلوك الوظيفي والمستقبل المهني,2,0
الكلية التقنية,دبلوم,تقنية الاعمال,تقنيات الاعمال المكتبية,برامج مفعله,25,60,الفصل التدريبي الرابع ,6,13,اسلم-101,الدراسات الإسلامية,2,0
الكلية التقنية,دبلوم,تقنية الاعمال,تقنيات التأمين والمخاطر,برامج مفعله,26,61,الفصل التدريبي الأول ,7,18,احصا-101,مقدمة في الإحصاء,3,0
الكلية التقنية,دبلوم,تقنية الاعمال,تقنيات التأمين والمخاطر,برامج مفعله,26,61,الفصل التدريبي الأول ,7,18,ادار-101,مبادئ إدارة الأعمال,4,0
الكلية التقنية,دبلوم,تقنية الاعمال,تقنيات التأمين والمخاطر,برامج مفعله,26,61,الفصل التدريبي الأول ,7,18,انجل-111,لغة إنجليزية (1),4,0
الكلية التقنية,دبلوم,تقنية الاعمال,تقنيات التأمين والمخاطر,برامج مفعله,26,61,الفصل التدريبي الأول ,7,18,حاسب-101,مقدمة تطبيقات الحاسب,0,4
الكلية التقنية,دبلوم,تقنية الاعمال,تقنيات التأمين والمخاطر,برامج مفعله,26,61,الفصل التدريبي الأول ,7,18,رياض-101,الرياضيات,4,0
الكلية التقنية,دبلوم,تقنية الاعمال,تقنيات التأمين والمخاطر,برامج مفعله,26,61,الفصل التدريبي الأول ,7,18,عربي-101,الكتابة الفنية,2,0
الكلية التقنية,دبلوم,تقنية الاعمال,تقنيات التأمين والمخاطر,برامج مفعله,26,61,الفصل التدريبي الأول ,7,18,يؤمن-101,أساسيات إدارة الخطر والتأمين,4,0
الكلية التقنية,دبلوم,تقنية الاعمال,تقنيات التأمين والمخاطر,برامج مفعله,26,61,الفصل التدريبي الثالث ,6,15,اسلم-101,الدراسات الإسلامية,2,0
الكلية التقنية,دبلوم,تقنية الاعمال,تقنيات التأمين والمخاطر,برامج مفعله,26,61,الفصل التدريبي الثالث ,6,15,انجل-113,لغة إنجليزية (3),4,0
الكلية التقنية,دبلوم,تقنية الاعمال,تقنيات التأمين والمخاطر,برامج مفعله,26,61,الفصل التدريبي الثالث ,6,15,رياد-266,ريادة الاعمال في المجال المالي,1,2
الكلية التقنية,دبلوم,تقنية الاعمال,تقنيات التأمين والمخاطر,برامج مفعله,26,61,الفصل التدريبي الثالث ,6,15,يؤمن-131,تأمينات الممتلكات,3,0
الكلية التقنية,دبلوم,تقنية الاعمال,تقنيات التأمين والمخاطر,برامج مفعله,26,61,الفصل التدريبي الثالث ,6,15,يؤمن-212,رياضيات التأمين,3,0
الكلية التقنية,دبلوم,تقنية الاعمال,تقنيات التأمين والمخاطر,برامج مفعله,26,61,الفصل التدريبي الثالث ,6,15,يؤمن-232,تأمين السيارات,2,0
الكلية التقنية,دبلوم,تقنية الاعمال,تقنيات التأمين والمخاطر,برامج مفعله,26,61,الفصل التدريبي الثالث ,6,15,يؤمن-241,تأمينات المسئولية المدنية,3,0
الكلية التقنية,دبلوم,تقنية الاعمال,تقنيات التأمين والمخاطر,برامج مفعله,26,61,الفصل التدريبي الثاني ,6,14,انجل-112,لغة إنجليزية (2),4,0
الكلية التقنية,دبلوم,تقنية الاعمال,تقنيات التأمين والمخاطر,برامج مفعله,26,61,الفصل التدريبي الثاني ,6,14,حاسب-102,تطبيقات الحاسب المتقدمة,0,4
الكلية التقنية,دبلوم,تقنية الاعمال,تقنيات التأمين والمخاطر,برامج مفعله,26,61,الفصل التدريبي الثاني ,6,14,رياد-101,أساسيات ريادة الأعمال,2,0
الكلية التقنية,دبلوم,تقنية الاعمال,تقنيات التأمين والمخاطر,برامج مفعله,26,61,الفصل التدريبي الثاني ,6,14,محسب-101,مبادئ المحاسبة,4,0
الكلية التقنية,دبلوم,تقنية الاعمال,تقنيات التأمين والمخاطر,برامج مفعله,26,61,الفصل التدريبي الثاني ,6,14,يؤمن-111,الرياضيات المالية,4,0
الكلية التقنية,دبلوم,تقنية الاعمال,تقنيات التأمين والمخاطر,برامج مفعله,26,61,الفصل التدريبي الثاني ,6,14,يؤمن-121,تأمينات الحماية والادخار,2,0
الكلية التقنية,دبلوم,تقنية الاعمال,تقنيات التأمين والمخاطر,برامج مفعله,26,61,الفصل التدريبي الخامس ,1,2, يؤمن-288,المشروع الإنتاجي,0,0
الكلية التقنية,دبلوم,تقنية الاعمال,تقنيات التأمين والمخاطر,برامج مفعله,26,61,الفصل التدريبي الخامس ,1,2,يؤمن-299,التدريب التعاوني,0,0
الكلية التقنية,دبلوم,تقنية الاعمال,تقنيات التأمين والمخاطر,برامج مفعله,26,61,الفصل التدريبي الرابع ,6,12,اسلك-201,السلوك الوظيفي والمستقبل المهني,2,0
الكلية التقنية,دبلوم,تقنية الاعمال,تقنيات التأمين والمخاطر,برامج مفعله,26,61,الفصل التدريبي الرابع ,6,12,يؤمن-222,التأمين الصحي,3,0
الكلية التقنية,دبلوم,تقنية الاعمال,تقنيات التأمين والمخاطر,برامج مفعله,26,61,الفصل التدريبي الرابع ,6,12,يؤمن-223,التأمينات الاجتماعية,3,0
الكلية التقنية,دبلوم,تقنية الاعمال,تقنيات التأمين والمخاطر,برامج مفعله,26,61,الفصل التدريبي الرابع ,6,12,يؤمن-242,إعادة التأمين,3,0
الكلية التقنية,دبلوم,تقنية الاعمال,تقنيات التأمين والمخاطر,برامج مفعله,26,61,الفصل التدريبي الرابع ,6,12,يؤمن-243,العمليات الفنية في التأمين,3,0
الكلية التقنية,دبلوم,تقنية الاعمال,تقنيات التأمين والمخاطر,برامج مفعله,26,61,الفصل التدريبي الرابع ,6,12,يؤمن-281,موضوعات مختارة في التأمين,3,0
الكلية التقنية,دبلوم,تقنية الاعمال,تقنيات محاسبية,برامج مفعله,27,67,الفصل التدريبي الأول ,7,19,ادار-101,مبادئ إدارة الأعمال,4,0
الكلية التقنية,دبلوم,تقنية الاعمال,تقنيات محاسبية,برامج مفعله,27,67,الفصل التدريبي الأول ,7,19,اقصد-101,مقدمة في الأقتصاد,3,0
الكلية التقنية,دبلوم,تقنية الاعمال,تقنيات محاسبية,برامج مفعله,27,67,الفصل التدريبي الأول ,7,19,انجل-111,لغة إنجليزية (1),4,0
الكلية التقنية,دبلوم,تقنية الاعمال,تقنيات محاسبية,برامج مفعله,27,67,الفصل التدريبي الأول ,7,19,حاسب-101,مقدمة تطبيقات الحاسب,0,4
الكلية التقنية,دبلوم,تقنية الاعمال,تقنيات محاسبية,برامج مفعله,27,67,الفصل التدريبي الأول ,7,19,رياض-101,الرياضيات,4,0
الكلية التقنية,دبلوم,تقنية الاعمال,تقنيات محاسبية,برامج مفعله,27,67,الفصل التدريبي الأول ,7,19,عربي-101,الكتابة الفنية,2,0
الكلية التقنية,دبلوم,تقنية الاعمال,تقنيات محاسبية,برامج مفعله,27,67,الفصل التدريبي الأول ,7,19,محسب-101,مبادئ المحاسبة,4,0
الكلية التقنية,دبلوم,تقنية الاعمال,تقنيات محاسبية,برامج مفعله,27,67,الفصل التدريبي الثالث ,6,16,انجل-113,لغة إنجليزية (3),4,0
الكلية التقنية,دبلوم,تقنية الاعمال,تقنيات محاسبية,برامج مفعله,27,67,الفصل التدريبي الثالث ,6,16,رياد-266,ريادة الاعمال في المجال المالي,1,2
الكلية التقنية,دبلوم,تقنية الاعمال,تقنيات محاسبية,برامج مفعله,27,67,الفصل التدريبي الثالث ,6,16,محسب-212,محاسبة متوسطة(2),4,0
الكلية التقنية,دبلوم,تقنية الاعمال,تقنيات محاسبية,برامج مفعله,27,67,الفصل التدريبي الثالث ,6,16,محسب-241,محاسبة تكاليف,4,0
الكلية التقنية,دبلوم,تقنية الاعمال,تقنيات محاسبية,برامج مفعله,27,67,الفصل التدريبي الثالث ,6,16,محسب-251,محاسبة منشات مالية,4,0
الكلية التقنية,دبلوم,تقنية الاعمال,تقنيات محاسبية,برامج مفعله,27,67,الفصل التدريبي الثالث ,6,16,محسب-273,تطبيقات محاسبية بالحاسب الالي,0,4
الكلية التقنية,دبلوم,تقنية الاعمال,تقنيات محاسبية,برامج مفعله,27,67,الفصل التدريبي الثاني ,7,17,احصا-101,مقدمة في الإحصاء,3,0
الكلية التقنية,دبلوم,تقنية الاعمال,تقنيات محاسبية,برامج مفعله,27,67,الفصل التدريبي الثاني ,7,17,اسلم-101,الدراسات الإسلامية,2,0
الكلية التقنية,دبلوم,تقنية الاعمال,تقنيات محاسبية,برامج مفعله,27,67,الفصل التدريبي الثاني ,7,17,انجل-112,لغة إنجليزية (2),4,0
الكلية التقنية,دبلوم,تقنية الاعمال,تقنيات محاسبية,برامج مفعله,27,67,الفصل التدريبي الثاني ,7,17,حاسب-102,تطبيقات الحاسب المتقدمة,0,4
الكلية التقنية,دبلوم,تقنية الاعمال,تقنيات محاسبية,برامج مفعله,27,67,الفصل التدريبي الثاني ,7,17,رياد-101,أساسيات ريادة الأعمال,2,0
الكلية التقنية,دبلوم,تقنية الاعمال,تقنيات محاسبية,برامج مفعله,27,67,الفصل التدريبي الثاني ,7,17,محسب-111,محاسبة متوسطة(1),4,0
الكلية التقنية,دبلوم,تقنية الاعمال,تقنيات محاسبية,برامج مفعله,27,67,الفصل التدريبي الثاني ,7,17,محسب-131,محاسبة حكومية,3,0
الكلية التقنية,دبلوم,تقنية الاعمال,تقنيات محاسبية,برامج مفعله,27,67,الفصل التدريبي الخامس ,1,2, محسب-288,المشروع الإنتاجي,0,0
الكلية التقنية,دبلوم,تقنية الاعمال,تقنيات محاسبية,برامج مفعله,27,67,الفصل التدريبي الخامس ,1,2,محسب-299,التدريب التعاوني,0,0
الكلية التقنية,دبلوم,تقنية الاعمال,تقنيات محاسبية,برامج مفعله,27,67,الفصل التدريبي الرابع ,6,13,اسلك-201,السلوك الوظيفي والمستقبل المهني,2,0
الكلية التقنية,دبلوم,تقنية الاعمال,تقنيات محاسبية,برامج مفعله,27,67,الفصل التدريبي الرابع ,6,13,محسب-261,محاسبة الزكاة والدخل,4,0
الكلية التقنية,دبلوم,تقنية الاعمال,تقنيات محاسبية,برامج مفعله,27,67,الفصل التدريبي الرابع ,6,13,محسب-266,مراجعة,3,0
الكلية التقنية,دبلوم,تقنية الاعمال,تقنيات محاسبية,برامج مفعله,27,67,الفصل التدريبي الرابع ,6,13,محسب-271,الجداول الإلكترونية المتخصصة,0,4
الكلية التقنية,دبلوم,تقنية الاعمال,تقنيات محاسبية,برامج مفعله,27,67,الفصل التدريبي الرابع ,6,13,محسب-275,المحاسبة باللغة الانجليزية,3,0
الكلية التقنية,دبلوم,تقنية الاعمال,تقنيات محاسبية,برامج مفعله,27,67,الفصل التدريبي الرابع ,6,13,محسب-285,موضوعات مختارة,3,0
كلية  التقنية التطبيقية,دبلوم,تقنية الاتصالات,تقنية الاتصالات,برامج مفعله,26,68,الفصل التدريبي الأول ,6,16,اتصل-101,دوائر كهربائية,2,2
كلية الاتصالات والمعلومات,دبلوم,تقنية الاتصالات,تقنية الاتصالات,برامج مفعله,26,68,الفصل التدريبي الأول ,6,16,اتصل-101,دوائر كهربائية,2,2
كلية الاتصالات والإلكترونيات,دبلوم,تقنية الاتصالات,تقنية الاتصالات,برامج مفعله,26,68,الفصل التدريبي الأول ,6,16,اتصل-101,دوائر كهربائية,2,2
الكلية التقنية,دبلوم,تقنية الاتصالات,تقنية الاتصالات,برامج مفعله,26,68,الفصل التدريبي الأول ,6,16,اتصل-101,دوائر كهربائية,2,2
الكلية التقنية,دبلوم,تقنية الاتصالات,تقنية الاتصالات,برامج مفعله,26,68,الفصل التدريبي الأول ,6,16,انجل-101,لغة إنجليزية (1),4,0
كلية الاتصالات والمعلومات,دبلوم,تقنية الاتصالات,تقنية الاتصالات,برامج مفعله,26,68,الفصل التدريبي الأول ,6,16,انجل-101,لغة إنجليزية (1),4,0
كلية الاتصالات والإلكترونيات,دبلوم,تقنية الاتصالات,تقنية الاتصالات,برامج مفعله,26,68,الفصل التدريبي الأول ,6,16,انجل-101,لغة إنجليزية (1),4,0
كلية  التقنية التطبيقية,دبلوم,تقنية الاتصالات,تقنية الاتصالات,برامج مفعله,26,68,الفصل التدريبي الأول ,6,16,انجل-101,لغة إنجليزية (1),4,0
كلية الاتصالات والمعلومات,دبلوم,تقنية الاتصالات,تقنية الاتصالات,برامج مفعله,26,68,الفصل التدريبي الأول ,6,16,حاسب-101,مقدمة تطبيقات الحاسب,0,4
كلية الاتصالات والإلكترونيات,دبلوم,تقنية الاتصالات,تقنية الاتصالات,برامج مفعله,26,68,الفصل التدريبي الأول ,6,16,حاسب-101,مقدمة تطبيقات الحاسب,0,4
كلية  التقنية التطبيقية,دبلوم,تقنية الاتصالات,تقنية الاتصالات,برامج مفعله,26,68,الفصل التدريبي الأول ,6,16,حاسب-101,مقدمة تطبيقات الحاسب,0,4
الكلية التقنية,دبلوم,تقنية الاتصالات,تقنية الاتصالات,برامج مفعله,26,68,الفصل التدريبي الأول ,6,16,حاسب-101,مقدمة تطبيقات الحاسب,0,4
كلية الاتصالات والإلكترونيات,دبلوم,تقنية الاتصالات,تقنية الاتصالات,برامج مفعله,26,68,الفصل التدريبي الأول ,6,16,رياض-121,الرياضيات,4,0
كلية  التقنية التطبيقية,دبلوم,تقنية الاتصالات,تقنية الاتصالات,برامج مفعله,26,68,الفصل التدريبي الأول ,6,16,رياض-121,الرياضيات,4,0
الكلية التقنية,دبلوم,تقنية الاتصالات,تقنية الاتصالات,برامج مفعله,26,68,الفصل التدريبي الأول ,6,16,رياض-121,الرياضيات,4,0
كلية الاتصالات والمعلومات,دبلوم,تقنية الاتصالات,تقنية الاتصالات,برامج مفعله,26,68,الفصل التدريبي الأول ,6,16,رياض-121,الرياضيات,4,0
كلية  التقنية التطبيقية,دبلوم,تقنية الاتصالات,تقنية الاتصالات,برامج مفعله,26,68,الفصل التدريبي الأول ,6,16,عربي-101,الكتابة الفنية,2,0
كلية الاتصالات والإلكترونيات,دبلوم,تقنية الاتصالات,تقنية الاتصالات,برامج مفعله,26,68,الفصل التدريبي الأول ,6,16,عربي-101,الكتابة الفنية,2,0
الكلية التقنية,دبلوم,تقنية الاتصالات,تقنية الاتصالات,برامج مفعله,26,68,الفصل التدريبي الأول ,6,16,عربي-101,الكتابة الفنية,2,0
كلية الاتصالات والمعلومات,دبلوم,تقنية الاتصالات,تقنية الاتصالات,برامج مفعله,26,68,الفصل التدريبي الأول ,6,16,عربي-101,الكتابة الفنية,2,0
كلية الاتصالات والمعلومات,دبلوم,تقنية الاتصالات,تقنية الاتصالات,برامج مفعله,26,68,الفصل التدريبي الأول ,6,16,فيزي-101,الفيزياء,2,2
كلية الاتصالات والإلكترونيات,دبلوم,تقنية الاتصالات,تقنية الاتصالات,برامج مفعله,26,68,الفصل التدريبي الأول ,6,16,فيزي-101,الفيزياء,2,2
كلية  التقنية التطبيقية,دبلوم,تقنية الاتصالات,تقنية الاتصالات,برامج مفعله,26,68,الفصل التدريبي الأول ,6,16,فيزي-101,الفيزياء,2,2
الكلية التقنية,دبلوم,تقنية الاتصالات,تقنية الاتصالات,برامج مفعله,26,68,الفصل التدريبي الأول ,6,16,فيزي-101,الفيزياء,2,2
الكلية التقنية,دبلوم,تقنية الاتصالات,تقنية الاتصالات,برامج مفعله,26,68,الفصل التدريبي الثالث ,6,16,اتصل-203,ورشة الكترونية,0,4
كلية  التقنية التطبيقية,دبلوم,تقنية الاتصالات,تقنية الاتصالات,برامج مفعله,26,68,الفصل التدريبي الثالث ,6,16,اتصل-203,ورشة الكترونية,0,4
كلية الاتصالات والإلكترونيات,دبلوم,تقنية الاتصالات,تقنية الاتصالات,برامج مفعله,26,68,الفصل التدريبي الثالث ,6,16,اتصل-203,ورشة الكترونية,0,4
كلية الاتصالات والمعلومات,دبلوم,تقنية الاتصالات,تقنية الاتصالات,برامج مفعله,26,68,الفصل التدريبي الثالث ,6,16,اتصل-203,ورشة الكترونية,0,4
الكلية التقنية,دبلوم,تقنية الاتصالات,تقنية الاتصالات,برامج مفعله,26,68,الفصل التدريبي الثالث ,6,16,اتصل-212,أساسيات الاتصالات الرقمية,2,2
كلية الاتصالات والإلكترونيات,دبلوم,تقنية الاتصالات,تقنية الاتصالات,برامج مفعله,26,68,الفصل التدريبي الثالث ,6,16,اتصل-212,أساسيات الاتصالات الرقمية,2,2
كلية  التقنية التطبيقية,دبلوم,تقنية الاتصالات,تقنية الاتصالات,برامج مفعله,26,68,الفصل التدريبي الثالث ,6,16,اتصل-212,أساسيات الاتصالات الرقمية,2,2
كلية الاتصالات والمعلومات,دبلوم,تقنية الاتصالات,تقنية الاتصالات,برامج مفعله,26,68,الفصل التدريبي الثالث ,6,16,اتصل-212,أساسيات الاتصالات الرقمية,2,2
الكلية التقنية,دبلوم,تقنية الاتصالات,تقنية الاتصالات,برامج مفعله,26,68,الفصل التدريبي الثالث ,6,16,اتصل-241,الهوائيات وإنتشار الموجات,2,2
كلية الاتصالات والمعلومات,دبلوم,تقنية الاتصالات,تقنية الاتصالات,برامج مفعله,26,68,الفصل التدريبي الثالث ,6,16,اتصل-241,الهوائيات وإنتشار الموجات,2,2
كلية الاتصالات والإلكترونيات,دبلوم,تقنية الاتصالات,تقنية الاتصالات,برامج مفعله,26,68,الفصل التدريبي الثالث ,6,16,اتصل-241,الهوائيات وإنتشار الموجات,2,2
كلية  التقنية التطبيقية,دبلوم,تقنية الاتصالات,تقنية الاتصالات,برامج مفعله,26,68,الفصل التدريبي الثالث ,6,16,اتصل-241,الهوائيات وإنتشار الموجات,2,2
الكلية التقنية,دبلوم,تقنية الاتصالات,تقنية الاتصالات,برامج مفعله,26,68,الفصل التدريبي الثالث ,6,16,اتصل-251,خطوط النقل والألياف البصرية,2,2
كلية الاتصالات والإلكترونيات,دبلوم,تقنية الاتصالات,تقنية الاتصالات,برامج مفعله,26,68,الفصل التدريبي الثالث ,6,16,اتصل-251,خطوط النقل والألياف البصرية,2,2
كلية  التقنية التطبيقية,دبلوم,تقنية الاتصالات,تقنية الاتصالات,برامج مفعله,26,68,الفصل التدريبي الثالث ,6,16,اتصل-251,خطوط النقل والألياف البصرية,2,2
كلية الاتصالات والمعلومات,دبلوم,تقنية الاتصالات,تقنية الاتصالات,برامج مفعله,26,68,الفصل التدريبي الثالث ,6,16,اتصل-251,خطوط النقل والألياف البصرية,2,2
كلية الاتصالات والإلكترونيات,دبلوم,تقنية الاتصالات,تقنية الاتصالات,برامج مفعله,26,68,الفصل التدريبي الثالث ,6,16,انجل-103,لغة إنجليزية (3),4,0
كلية  التقنية التطبيقية,دبلوم,تقنية الاتصالات,تقنية الاتصالات,برامج مفعله,26,68,الفصل التدريبي الثالث ,6,16,انجل-103,لغة إنجليزية (3),4,0
كلية الاتصالات والمعلومات,دبلوم,تقنية الاتصالات,تقنية الاتصالات,برامج مفعله,26,68,الفصل التدريبي الثالث ,6,16,انجل-103,لغة إنجليزية (3),4,0
الكلية التقنية,دبلوم,تقنية الاتصالات,تقنية الاتصالات,برامج مفعله,26,68,الفصل التدريبي الثالث ,6,16,انجل-103,لغة إنجليزية (3),4,0
الكلية التقنية,دبلوم,تقنية الاتصالات,تقنية الاتصالات,برامج مفعله,26,68,الفصل التدريبي الثالث ,6,16,رياد-228,ريادة الاعمال في مجال الاتصالات,1,2
كلية الاتصالات والإلكترونيات,دبلوم,تقنية الاتصالات,تقنية الاتصالات,برامج مفعله,26,68,الفصل التدريبي الثالث ,6,16,رياد-228,ريادة الاعمال في مجال الاتصالات,1,2
كلية  التقنية التطبيقية,دبلوم,تقنية الاتصالات,تقنية الاتصالات,برامج مفعله,26,68,الفصل التدريبي الثالث ,6,16,رياد-228,ريادة الاعمال في مجال الاتصالات,1,2
كلية الاتصالات والمعلومات,دبلوم,تقنية الاتصالات,تقنية الاتصالات,برامج مفعله,26,68,الفصل التدريبي الثالث ,6,16,رياد-228,ريادة الاعمال في مجال الاتصالات,1,2
كلية الاتصالات والإلكترونيات,دبلوم,تقنية الاتصالات,تقنية الاتصالات,برامج مفعله,26,68,الفصل التدريبي الثاني ,7,17,اتصل-102,الكترونيات,2,2
كلية  التقنية التطبيقية,دبلوم,تقنية الاتصالات,تقنية الاتصالات,برامج مفعله,26,68,الفصل التدريبي الثاني ,7,17,اتصل-102,الكترونيات,2,2
الكلية التقنية,دبلوم,تقنية الاتصالات,تقنية الاتصالات,برامج مفعله,26,68,الفصل التدريبي الثاني ,7,17,اتصل-102,الكترونيات,2,2
كلية الاتصالات والمعلومات,دبلوم,تقنية الاتصالات,تقنية الاتصالات,برامج مفعله,26,68,الفصل التدريبي الثاني ,7,17,اتصل-102,الكترونيات,2,2
الكلية التقنية,دبلوم,تقنية الاتصالات,تقنية الاتصالات,برامج مفعله,26,68,الفصل التدريبي الثاني ,7,17,اتصل-111,أساسيات الاتصالات,2,2
كلية الاتصالات والإلكترونيات,دبلوم,تقنية الاتصالات,تقنية الاتصالات,برامج مفعله,26,68,الفصل التدريبي الثاني ,7,17,اتصل-111,أساسيات الاتصالات,2,2
كلية  التقنية التطبيقية,دبلوم,تقنية الاتصالات,تقنية الاتصالات,برامج مفعله,26,68,الفصل التدريبي الثاني ,7,17,اتصل-111,أساسيات الاتصالات,2,2
كلية الاتصالات والمعلومات,دبلوم,تقنية الاتصالات,تقنية الاتصالات,برامج مفعله,26,68,الفصل التدريبي الثاني ,7,17,اتصل-111,أساسيات الاتصالات,2,2
كلية الاتصالات والإلكترونيات,دبلوم,تقنية الاتصالات,تقنية الاتصالات,برامج مفعله,26,68,الفصل التدريبي الثاني ,7,17,اتصل-121,نظم تشغيل حاسبات وأجهزة الإتصالات المتنقلة,0,2
الكلية التقنية,دبلوم,تقنية الاتصالات,تقنية الاتصالات,برامج مفعله,26,68,الفصل التدريبي الثاني ,7,17,اتصل-121,نظم تشغيل حاسبات وأجهزة الإتصالات المتنقلة,0,2
كلية  التقنية التطبيقية,دبلوم,تقنية الاتصالات,تقنية الاتصالات,برامج مفعله,26,68,الفصل التدريبي الثاني ,7,17,اتصل-121,نظم تشغيل حاسبات وأجهزة الإتصالات المتنقلة,0,2
كلية الاتصالات والمعلومات,دبلوم,تقنية الاتصالات,تقنية الاتصالات,برامج مفعله,26,68,الفصل التدريبي الثاني ,7,17,اتصل-121,نظم تشغيل حاسبات وأجهزة الإتصالات المتنقلة,0,2
الكلية التقنية,دبلوم,تقنية الاتصالات,تقنية الاتصالات,برامج مفعله,26,68,الفصل التدريبي الثاني ,7,17,اتصل-131,الدوائر المنطقية والمعالجات الدقيقة,2,2
كلية الاتصالات والإلكترونيات,دبلوم,تقنية الاتصالات,تقنية الاتصالات,برامج مفعله,26,68,الفصل التدريبي الثاني ,7,17,اتصل-131,الدوائر المنطقية والمعالجات الدقيقة,2,2
كلية  التقنية التطبيقية,دبلوم,تقنية الاتصالات,تقنية الاتصالات,برامج مفعله,26,68,الفصل التدريبي الثاني ,7,17,اتصل-131,الدوائر المنطقية والمعالجات الدقيقة,2,2
كلية الاتصالات والمعلومات,دبلوم,تقنية الاتصالات,تقنية الاتصالات,برامج مفعله,26,68,الفصل التدريبي الثاني ,7,17,اتصل-131,الدوائر المنطقية والمعالجات الدقيقة,2,2
الكلية التقنية,دبلوم,تقنية الاتصالات,تقنية الاتصالات,برامج مفعله,26,68,الفصل التدريبي الثاني ,7,17,اسلم-101,الدراسات الإسلامية,2,0
كلية الاتصالات والإلكترونيات,دبلوم,تقنية الاتصالات,تقنية الاتصالات,برامج مفعله,26,68,الفصل التدريبي الثاني ,7,17,اسلم-101,الدراسات الإسلامية,2,0
كلية الاتصالات والمعلومات,دبلوم,تقنية الاتصالات,تقنية الاتصالات,برامج مفعله,26,68,الفصل التدريبي الثاني ,7,17,اسلم-101,الدراسات الإسلامية,2,0
كلية  التقنية التطبيقية,دبلوم,تقنية الاتصالات,تقنية الاتصالات,برامج مفعله,26,68,الفصل التدريبي الثاني ,7,17,اسلم-101,الدراسات الإسلامية,2,0
كلية  التقنية التطبيقية,دبلوم,تقنية الاتصالات,تقنية الاتصالات,برامج مفعله,26,68,الفصل التدريبي الثاني ,7,17,انجل-102,لغة إنجليزية (2),4,0
الكلية التقنية,دبلوم,تقنية الاتصالات,تقنية الاتصالات,برامج مفعله,26,68,الفصل التدريبي الثاني ,7,17,انجل-102,لغة إنجليزية (2),4,0
كلية الاتصالات والمعلومات,دبلوم,تقنية الاتصالات,تقنية الاتصالات,برامج مفعله,26,68,الفصل التدريبي الثاني ,7,17,انجل-102,لغة إنجليزية (2),4,0
كلية الاتصالات والإلكترونيات,دبلوم,تقنية الاتصالات,تقنية الاتصالات,برامج مفعله,26,68,الفصل التدريبي الثاني ,7,17,انجل-102,لغة إنجليزية (2),4,0
الكلية التقنية,دبلوم,تقنية الاتصالات,تقنية الاتصالات,برامج مفعله,26,68,الفصل التدريبي الثاني ,7,17,رياد-101,أساسيات ريادة الأعمال,2,0
كلية الاتصالات والمعلومات,دبلوم,تقنية الاتصالات,تقنية الاتصالات,برامج مفعله,26,68,الفصل التدريبي الثاني ,7,17,رياد-101,أساسيات ريادة الأعمال,2,0
كلية الاتصالات والإلكترونيات,دبلوم,تقنية الاتصالات,تقنية الاتصالات,برامج مفعله,26,68,الفصل التدريبي الثاني ,7,17,رياد-101,أساسيات ريادة الأعمال,2,0
كلية  التقنية التطبيقية,دبلوم,تقنية الاتصالات,تقنية الاتصالات,برامج مفعله,26,68,الفصل التدريبي الثاني ,7,17,رياد-101,أساسيات ريادة الأعمال,2,0
الكلية التقنية,دبلوم,تقنية الاتصالات,تقنية الاتصالات,برامج مفعله,26,68,الفصل التدريبي الخامس ,1,2, اتصل-288,المشروع الإنتاجي,0,0
كلية الاتصالات والإلكترونيات,دبلوم,تقنية الاتصالات,تقنية الاتصالات,برامج مفعله,26,68,الفصل التدريبي الخامس ,1,2, اتصل-288,المشروع الإنتاجي,0,0
كلية الاتصالات والمعلومات,دبلوم,تقنية الاتصالات,تقنية الاتصالات,برامج مفعله,26,68,الفصل التدريبي الخامس ,1,2, اتصل-288,المشروع الإنتاجي,0,0
كلية  التقنية التطبيقية,دبلوم,تقنية الاتصالات,تقنية الاتصالات,برامج مفعله,26,68,الفصل التدريبي الخامس ,1,2, اتصل-299,التدريب التعاوني,0,0
كلية  التقنية التطبيقية,دبلوم,تقنية الاتصالات,تقنية الاتصالات,برامج مفعله,26,68,الفصل التدريبي الخامس ,1,2,اتصل-288,المشروع الإنتاجي,0,0
كلية الاتصالات والمعلومات,دبلوم,تقنية الاتصالات,تقنية الاتصالات,برامج مفعله,26,68,الفصل التدريبي الخامس ,1,2,اتصل-299,التدريب التعاوني,0,0
الكلية التقنية,دبلوم,تقنية الاتصالات,تقنية الاتصالات,برامج مفعله,26,68,الفصل التدريبي الخامس ,1,2,اتصل-299,التدريب التعاوني,0,0
كلية الاتصالات والإلكترونيات,دبلوم,تقنية الاتصالات,تقنية الاتصالات,برامج مفعله,26,68,الفصل التدريبي الخامس ,1,2,اتصل-299,التدريب التعاوني,0,0
الكلية التقنية,دبلوم,تقنية الاتصالات,تقنية الاتصالات,برامج مفعله,26,68,الفصل التدريبي الرابع ,6,17,اتصل-213,أساسيات الهاتف و المقاسم الرقمية,2,2
كلية الاتصالات والإلكترونيات,دبلوم,تقنية الاتصالات,تقنية الاتصالات,برامج مفعله,26,68,الفصل التدريبي الرابع ,6,17,اتصل-213,أساسيات الهاتف و المقاسم الرقمية,2,2
كلية الاتصالات والمعلومات,دبلوم,تقنية الاتصالات,تقنية الاتصالات,برامج مفعله,26,68,الفصل التدريبي الرابع ,6,17,اتصل-213,أساسيات الهاتف و المقاسم الرقمية,2,2
كلية  التقنية التطبيقية,دبلوم,تقنية الاتصالات,تقنية الاتصالات,برامج مفعله,26,68,الفصل التدريبي الرابع ,6,17,اتصل-213,أساسيات الهاتف و المقاسم الرقمية,2,2
كلية الاتصالات والمعلومات,دبلوم,تقنية الاتصالات,تقنية الاتصالات,برامج مفعله,26,68,الفصل التدريبي الرابع ,6,17,اتصل-242,تقنيات الميكروويف والأقمار الصناعية,2,2
كلية الاتصالات والإلكترونيات,دبلوم,تقنية الاتصالات,تقنية الاتصالات,برامج مفعله,26,68,الفصل التدريبي الرابع ,6,17,اتصل-242,تقنيات الميكروويف والأقمار الصناعية,2,2
الكلية التقنية,دبلوم,تقنية الاتصالات,تقنية الاتصالات,برامج مفعله,26,68,الفصل التدريبي الرابع ,6,17,اتصل-242,تقنيات الميكروويف والأقمار الصناعية,2,2
كلية  التقنية التطبيقية,دبلوم,تقنية الاتصالات,تقنية الاتصالات,برامج مفعله,26,68,الفصل التدريبي الرابع ,6,17,اتصل-242,تقنيات الميكروويف والأقمار الصناعية,2,2
الكلية التقنية,دبلوم,تقنية الاتصالات,تقنية الاتصالات,برامج مفعله,26,68,الفصل التدريبي الرابع ,6,17,اتصل-261,اتصالات البيانات والشبكات,2,2
كلية الاتصالات والمعلومات,دبلوم,تقنية الاتصالات,تقنية الاتصالات,برامج مفعله,26,68,الفصل التدريبي الرابع ,6,17,اتصل-261,اتصالات البيانات والشبكات,2,2
كلية الاتصالات والإلكترونيات,دبلوم,تقنية الاتصالات,تقنية الاتصالات,برامج مفعله,26,68,الفصل التدريبي الرابع ,6,17,اتصل-261,اتصالات البيانات والشبكات,2,2
كلية  التقنية التطبيقية,دبلوم,تقنية الاتصالات,تقنية الاتصالات,برامج مفعله,26,68,الفصل التدريبي الرابع ,6,17,اتصل-261,اتصالات البيانات والشبكات,2,2
كلية الاتصالات والإلكترونيات,دبلوم,تقنية الاتصالات,تقنية الاتصالات,برامج مفعله,26,68,الفصل التدريبي الرابع ,6,17,اتصل-262,الاتصالات المتنقلة,2,2
كلية  التقنية التطبيقية,دبلوم,تقنية الاتصالات,تقنية الاتصالات,برامج مفعله,26,68,الفصل التدريبي الرابع ,6,17,اتصل-262,الاتصالات المتنقلة,2,2
الكلية التقنية,دبلوم,تقنية الاتصالات,تقنية الاتصالات,برامج مفعله,26,68,الفصل التدريبي الرابع ,6,17,اتصل-262,الاتصالات المتنقلة,2,2
كلية الاتصالات والمعلومات,دبلوم,تقنية الاتصالات,تقنية الاتصالات,برامج مفعله,26,68,الفصل التدريبي الرابع ,6,17,اتصل-262,الاتصالات المتنقلة,2,2
كلية  التقنية التطبيقية,دبلوم,تقنية الاتصالات,تقنية الاتصالات,برامج مفعله,26,68,الفصل التدريبي الرابع ,6,17,اسلك-201,السلوك الوظيفي والمستقبل المهني,2,0
الكلية التقنية,دبلوم,تقنية الاتصالات,تقنية الاتصالات,برامج مفعله,26,68,الفصل التدريبي الرابع ,6,17,اسلك-201,السلوك الوظيفي والمستقبل المهني,2,0
كلية الاتصالات والإلكترونيات,دبلوم,تقنية الاتصالات,تقنية الاتصالات,برامج مفعله,26,68,الفصل التدريبي الرابع ,6,17,اسلك-201,السلوك الوظيفي والمستقبل المهني,2,0
كلية الاتصالات والمعلومات,دبلوم,تقنية الاتصالات,تقنية الاتصالات,برامج مفعله,26,68,الفصل التدريبي الرابع ,6,17,اسلك-201,السلوك الوظيفي والمستقبل المهني,2,0
الكلية التقنية,دبلوم,تقنية الاتصالات,تقنية الاتصالات,برامج مفعله,26,68,الفصل التدريبي الرابع ,6,17,انجل-204,لغة إنجليزية (4 ),4,0
كلية  التقنية التطبيقية,دبلوم,تقنية الاتصالات,تقنية الاتصالات,برامج مفعله,26,68,الفصل التدريبي الرابع ,6,17,انجل-204,لغة إنجليزية (4 ),4,0
كلية الاتصالات والمعلومات,دبلوم,تقنية الاتصالات,تقنية الاتصالات,برامج مفعله,26,68,الفصل التدريبي الرابع ,6,17,انجل-204,لغة إنجليزية (4 ),4,0
كلية الاتصالات والإلكترونيات,دبلوم,تقنية الاتصالات,تقنية الاتصالات,برامج مفعله,26,68,الفصل التدريبي الرابع ,6,17,انجل-204,لغة إنجليزية (4 ),4,0
الكلية التقنية,دبلوم,التقنية الكيميائية,تقنية الانتاج الكيميائي,برامج مفعله,27,68,الفصل التدريبي الأول ,7,18,انجل-101,لغة إنجليزية (1),4,0
الكلية التقنية,دبلوم,التقنية الكيميائية,تقنية الانتاج الكيميائي,برامج مفعله,27,68,الفصل التدريبي الأول ,7,18,حاسب-101,مقدمة تطبيقات الحاسب,0,4
الكلية التقنية,دبلوم,التقنية الكيميائية,تقنية الانتاج الكيميائي,برامج مفعله,27,68,الفصل التدريبي الأول ,7,18,رياض-101,الرياضيات,4,0
الكلية التقنية,دبلوم,التقنية الكيميائية,تقنية الانتاج الكيميائي,برامج مفعله,27,68,الفصل التدريبي الأول ,7,18,فيزي-101,الفيزياء,2,2
الكلية التقنية,دبلوم,التقنية الكيميائية,تقنية الانتاج الكيميائي,برامج مفعله,27,68,الفصل التدريبي الأول ,7,18,كيمي-101,الكيمياء العامة,2,2
الكلية التقنية,دبلوم,التقنية الكيميائية,تقنية الانتاج الكيميائي,برامج مفعله,27,68,الفصل التدريبي الأول ,7,18,نكيم-101,السلامة الصناعية,1,0
الكلية التقنية,دبلوم,التقنية الكيميائية,تقنية الانتاج الكيميائي,برامج مفعله,27,68,الفصل التدريبي الأول ,7,18,نكيم-102,أسس التقنية الكيميائية,3,0
الكلية التقنية,دبلوم,التقنية الكيميائية,تقنية الانتاج الكيميائي,برامج مفعله,27,68,الفصل التدريبي الثالث ,6,17,اسلم-101,الدراسات الإسلامية,2,0
الكلية التقنية,دبلوم,التقنية الكيميائية,تقنية الانتاج الكيميائي,برامج مفعله,27,68,الفصل التدريبي الثالث ,6,17,انجل-103,لغة إنجليزية (3),4,0
الكلية التقنية,دبلوم,التقنية الكيميائية,تقنية الانتاج الكيميائي,برامج مفعله,27,68,الفصل التدريبي الثالث ,6,17,رياد-248,ريادة الاعمال في مجال الإنتاج الكيميائي,1,2
الكلية التقنية,دبلوم,التقنية الكيميائية,تقنية الانتاج الكيميائي,برامج مفعله,27,68,الفصل التدريبي الثالث ,6,17,نكيم-221,التحليل الكيميائي,1,4
الكلية التقنية,دبلوم,التقنية الكيميائية,تقنية الانتاج الكيميائي,برامج مفعله,27,68,الفصل التدريبي الثالث ,6,17,نكيم-231,عمليات الفصل الميكانيكية التطبيقية,1,4
الكلية التقنية,دبلوم,التقنية الكيميائية,تقنية الانتاج الكيميائي,برامج مفعله,27,68,الفصل التدريبي الثالث ,6,17,نكيم-232,عمليات  الفصل الفيزيائية  التطبيقية,2,4
الكلية التقنية,دبلوم,التقنية الكيميائية,تقنية الانتاج الكيميائي,برامج مفعله,27,68,الفصل التدريبي الثاني ,7,16,انجل-102,لغة إنجليزية (2),4,0
الكلية التقنية,دبلوم,التقنية الكيميائية,تقنية الانتاج الكيميائي,برامج مفعله,27,68,الفصل التدريبي الثاني ,7,16,رياد-101,أساسيات ريادة الأعمال,2,0
الكلية التقنية,دبلوم,التقنية الكيميائية,تقنية الانتاج الكيميائي,برامج مفعله,27,68,الفصل التدريبي الثاني ,7,16,عربي-101,الكتابة الفنية,2,0
الكلية التقنية,دبلوم,التقنية الكيميائية,تقنية الانتاج الكيميائي,برامج مفعله,27,68,الفصل التدريبي الثاني ,7,16,مكيم-251,البيئة والتلوث,1,0
الكلية التقنية,دبلوم,التقنية الكيميائية,تقنية الانتاج الكيميائي,برامج مفعله,27,68,الفصل التدريبي الثاني ,7,16,نكيم-161,سريان الموائع التطبيقي,2,4
الكلية التقنية,دبلوم,التقنية الكيميائية,تقنية الانتاج الكيميائي,برامج مفعله,27,68,الفصل التدريبي الثاني ,7,16,نكيم-162,انتقال الحرارة التطبيقي,1,4
الكلية التقنية,دبلوم,التقنية الكيميائية,تقنية الانتاج الكيميائي,برامج مفعله,27,68,الفصل التدريبي الثاني ,7,16,نكيم-241,الصناعات الكيميائية,1,0
الكلية التقنية,دبلوم,التقنية الكيميائية,تقنية الانتاج الكيميائي,برامج مفعله,27,68,الفصل التدريبي الخامس ,1,2, نكيم-288,المشروع الإنتاجي,0,0
الكلية التقنية,دبلوم,التقنية الكيميائية,تقنية الانتاج الكيميائي,برامج مفعله,27,68,الفصل التدريبي الخامس ,1,2,نكيم-299,التدريب التعاوني,0,0
الكلية التقنية,دبلوم,التقنية الكيميائية,تقنية الانتاج الكيميائي,برامج مفعله,27,68,الفصل التدريبي الرابع ,6,15,اسلك-201,السلوك الوظيفي والمستقبل المهني,2,0
الكلية التقنية,دبلوم,التقنية الكيميائية,تقنية الانتاج الكيميائي,برامج مفعله,27,68,الفصل التدريبي الرابع ,6,15,نكيم-240,القياس و التحكم في العمليات الكيميائية,1,4
الكلية التقنية,دبلوم,التقنية الكيميائية,تقنية الانتاج الكيميائي,برامج مفعله,27,68,الفصل التدريبي الرابع ,6,15,نكيم-242,تحلية المياه,2,0
الكلية التقنية,دبلوم,التقنية الكيميائية,تقنية الانتاج الكيميائي,برامج مفعله,27,68,الفصل التدريبي الرابع ,6,15,نكيم-244,تكرير البترول,1,4
الكلية التقنية,دبلوم,التقنية الكيميائية,تقنية الانتاج الكيميائي,برامج مفعله,27,68,الفصل التدريبي الرابع ,6,15,نكيم-251,مهارات التشغيل والصيانة,0,4
الكلية التقنية,دبلوم,التقنية الكيميائية,تقنية الانتاج الكيميائي,برامج مفعله,27,68,الفصل التدريبي الرابع ,6,15,نكيم-281,تقنية التفاعلات الكيميائية,1,4
الكلية التقنية,دبلوم,التقنية المدنية والمعمارية,تقنية الانشاءات المدنية,برامج مفعله,29,71,الفصل التدريبي الأول ,7,18,انجل-101,لغة إنجليزية (1),4,0
الكلية التقنية,دبلوم,التقنية المدنية والمعمارية,تقنية الانشاءات المدنية,برامج مفعله,29,71,الفصل التدريبي الأول ,7,18,حاسب-101,مقدمة تطبيقات الحاسب,0,4
الكلية التقنية,دبلوم,التقنية المدنية والمعمارية,تقنية الانشاءات المدنية,برامج مفعله,29,71,الفصل التدريبي الأول ,7,18,رياض-121,الرياضيات,4,0
الكلية التقنية,دبلوم,التقنية المدنية والمعمارية,تقنية الانشاءات المدنية,برامج مفعله,29,71,الفصل التدريبي الأول ,7,18,عربي-101,الكتابة الفنية,2,0
الكلية التقنية,دبلوم,التقنية المدنية والمعمارية,تقنية الانشاءات المدنية,برامج مفعله,29,71,الفصل التدريبي الأول ,7,18,فيزي-101,الفيزياء,2,2
الكلية التقنية,دبلوم,التقنية المدنية والمعمارية,تقنية الانشاءات المدنية,برامج مفعله,29,71,الفصل التدريبي الأول ,7,18,يمدن-101,السلامة المهنية,2,0
الكلية التقنية,دبلوم,التقنية المدنية والمعمارية,تقنية الانشاءات المدنية,برامج مفعله,29,71,الفصل التدريبي الأول ,7,18,يمدن-111,خواص واختبارات المواد,2,2
الكلية التقنية,دبلوم,التقنية المدنية والمعمارية,تقنية الانشاءات المدنية,برامج مفعله,29,71,الفصل التدريبي الثالث ,7,18,انجل-103,لغة إنجليزية (3),4,0
الكلية التقنية,دبلوم,التقنية المدنية والمعمارية,تقنية الانشاءات المدنية,برامج مفعله,29,71,الفصل التدريبي الثالث ,7,18,رياد-282,ريادة الاعمال في مجال الهندسة المدنية,1,2
الكلية التقنية,دبلوم,التقنية المدنية والمعمارية,تقنية الانشاءات المدنية,برامج مفعله,29,71,الفصل التدريبي الثالث ,7,18,يعمر-214,كميات وموصفات,2,2
الكلية التقنية,دبلوم,التقنية المدنية والمعمارية,تقنية الانشاءات المدنية,برامج مفعله,29,71,الفصل التدريبي الثالث ,7,18,يمدن-102,ورش شدات وحديد تسليح,0,4
الكلية التقنية,دبلوم,التقنية المدنية والمعمارية,تقنية الانشاءات المدنية,برامج مفعله,29,71,الفصل التدريبي الثالث ,7,18,يمدن-213,خواص و اختبارات التربة,2,2
الكلية التقنية,دبلوم,التقنية المدنية والمعمارية,تقنية الانشاءات المدنية,برامج مفعله,29,71,الفصل التدريبي الثالث ,7,18,يمدن-232,تقنيات و أعمال الخرسانة,1,2
الكلية التقنية,دبلوم,التقنية المدنية والمعمارية,تقنية الانشاءات المدنية,برامج مفعله,29,71,الفصل التدريبي الثالث ,7,18,يمدن-233,إنشاءات خرسانية,4,0
الكلية التقنية,دبلوم,التقنية المدنية والمعمارية,تقنية الانشاءات المدنية,برامج مفعله,29,71,الفصل التدريبي الثاني ,7,17,انجل-102,لغة إنجليزية (2),4,0
الكلية التقنية,دبلوم,التقنية المدنية والمعمارية,تقنية الانشاءات المدنية,برامج مفعله,29,71,الفصل التدريبي الثاني ,7,17,رياد-101,أساسيات ريادة الأعمال,2,0
الكلية التقنية,دبلوم,التقنية المدنية والمعمارية,تقنية الانشاءات المدنية,برامج مفعله,29,71,الفصل التدريبي الثاني ,7,17,يعمر-131,مقدمة فى تقنيات البناء,1,2
الكلية التقنية,دبلوم,التقنية المدنية والمعمارية,تقنية الانشاءات المدنية,برامج مفعله,29,71,الفصل التدريبي الثاني ,7,17,يمدن-112,ستاتيكا,4,0
الكلية التقنية,دبلوم,التقنية المدنية والمعمارية,تقنية الانشاءات المدنية,برامج مفعله,29,71,الفصل التدريبي الثاني ,7,17,يمدن-121,الرسم الإنشائي,1,4
الكلية التقنية,دبلوم,التقنية المدنية والمعمارية,تقنية الانشاءات المدنية,برامج مفعله,29,71,الفصل التدريبي الثاني ,7,17,يمدن-122,الرسم الإنشائي بالحاسب,0,4
الكلية التقنية,دبلوم,التقنية المدنية والمعمارية,تقنية الانشاءات المدنية,برامج مفعله,29,71,الفصل التدريبي الثاني ,7,17,يمدن-141,مساحة,1,2
الكلية التقنية,دبلوم,التقنية المدنية والمعمارية,تقنية الانشاءات المدنية,برامج مفعله,29,71,الفصل التدريبي الخامس ,1,2, يمدن-288,المشروع الإنتاجي,0,0
الكلية التقنية,دبلوم,التقنية المدنية والمعمارية,تقنية الانشاءات المدنية,برامج مفعله,29,71,الفصل التدريبي الخامس ,1,2,يمدن-299,التدريب التعاوني,0,0
الكلية التقنية,دبلوم,التقنية المدنية والمعمارية,تقنية الانشاءات المدنية,برامج مفعله,29,71,الفصل التدريبي الرابع ,7,16,اسلك-201,السلوك الوظيفي والمستقبل المهني,2,0
الكلية التقنية,دبلوم,التقنية المدنية والمعمارية,تقنية الانشاءات المدنية,برامج مفعله,29,71,الفصل التدريبي الرابع ,7,16,اسلم-101,الدراسات الإسلامية,2,0
الكلية التقنية,دبلوم,التقنية المدنية والمعمارية,تقنية الانشاءات المدنية,برامج مفعله,29,71,الفصل التدريبي الرابع ,7,16,يمدن-251,إدارة التشيد,3,0
الكلية التقنية,دبلوم,التقنية المدنية والمعمارية,تقنية الانشاءات المدنية,برامج مفعله,29,71,الفصل التدريبي الرابع ,7,16,يمدن-252,شبكات المياة والصرف الصحي,2,0
الكلية التقنية,دبلوم,التقنية المدنية والمعمارية,تقنية الانشاءات المدنية,برامج مفعله,29,71,الفصل التدريبي الرابع ,7,16,يمدن-261,تقنيات الطرق,2,2
الكلية التقنية,دبلوم,التقنية المدنية والمعمارية,تقنية الانشاءات المدنية,برامج مفعله,29,71,الفصل التدريبي الرابع ,7,16,يمدن-271,إنشاءات معدنية,2,0
الكلية التقنية,دبلوم,التقنية المدنية والمعمارية,تقنية الانشاءات المدنية,برامج مفعله,29,71,الفصل التدريبي الرابع ,7,16,يمدن-281,مشروع,1,4
الكلية التقنية,دبلوم,التقنية المدنية والمعمارية,تقنية الانشاءات المعمارية,برامج مفعله,30,70,الفصل التدريبي الأول ,8,19,انجل-101,لغة إنجليزية (1),4,0
الكلية التقنية,دبلوم,التقنية المدنية والمعمارية,تقنية الانشاءات المعمارية,برامج مفعله,30,70,الفصل التدريبي الأول ,8,19,حاسب-101,مقدمة تطبيقات الحاسب,0,4
الكلية التقنية,دبلوم,التقنية المدنية والمعمارية,تقنية الانشاءات المعمارية,برامج مفعله,30,70,الفصل التدريبي الأول ,8,19,رياض-121,الرياضيات,4,0
الكلية التقنية,دبلوم,التقنية المدنية والمعمارية,تقنية الانشاءات المعمارية,برامج مفعله,30,70,الفصل التدريبي الأول ,8,19,عربي-101,الكتابة الفنية,2,0
الكلية التقنية,دبلوم,التقنية المدنية والمعمارية,تقنية الانشاءات المعمارية,برامج مفعله,30,70,الفصل التدريبي الأول ,8,19,فيزي-101,الفيزياء,2,2
الكلية التقنية,دبلوم,التقنية المدنية والمعمارية,تقنية الانشاءات المعمارية,برامج مفعله,30,70,الفصل التدريبي الأول ,8,19,يعمر-123,رسم معماري (1),1,2
الكلية التقنية,دبلوم,التقنية المدنية والمعمارية,تقنية الانشاءات المعمارية,برامج مفعله,30,70,الفصل التدريبي الأول ,8,19,يعمر-124,رسم بالحاسب (1),0,4
الكلية التقنية,دبلوم,التقنية المدنية والمعمارية,تقنية الانشاءات المعمارية,برامج مفعله,30,70,الفصل التدريبي الأول ,8,19,يمدن-101,السلامة المهنية,2,0
الكلية التقنية,دبلوم,التقنية المدنية والمعمارية,تقنية الانشاءات المعمارية,برامج مفعله,30,70,الفصل التدريبي الثالث ,7,16,انجل-103,لغة إنجليزية (3),4,0
الكلية التقنية,دبلوم,التقنية المدنية والمعمارية,تقنية الانشاءات المعمارية,برامج مفعله,30,70,الفصل التدريبي الثالث ,7,16,رياد-284,ريادة الاعمال في مجال الهندسة المعمارية,1,2
الكلية التقنية,دبلوم,التقنية المدنية والمعمارية,تقنية الانشاءات المعمارية,برامج مفعله,30,70,الفصل التدريبي الثالث ,7,16,يعمر-227,رسومات تنفيذية بالحاسب,0,4
الكلية التقنية,دبلوم,التقنية المدنية والمعمارية,تقنية الانشاءات المعمارية,برامج مفعله,30,70,الفصل التدريبي الثالث ,7,16,يعمر-228,رسم بالحاسب (3),1,2
الكلية التقنية,دبلوم,التقنية المدنية والمعمارية,تقنية الانشاءات المعمارية,برامج مفعله,30,70,الفصل التدريبي الثالث ,7,16,يعمر-229,تطبيقات الحاسب والاظهار المعما,0,4
الكلية التقنية,دبلوم,التقنية المدنية والمعمارية,تقنية الانشاءات المعمارية,برامج مفعله,30,70,الفصل التدريبي الثالث ,7,16,يعمر-234,تقنيات البناء,2,2
الكلية التقنية,دبلوم,التقنية المدنية والمعمارية,تقنية الانشاءات المعمارية,برامج مفعله,30,70,الفصل التدريبي الثالث ,7,16,يعمر-282,برنامج المشروع المعماري,2,0
الكلية التقنية,دبلوم,التقنية المدنية والمعمارية,تقنية الانشاءات المعمارية,برامج مفعله,30,70,الفصل التدريبي الثاني ,7,18,انجل-102,لغة إنجليزية (2),4,0
الكلية التقنية,دبلوم,التقنية المدنية والمعمارية,تقنية الانشاءات المعمارية,برامج مفعله,30,70,الفصل التدريبي الثاني ,7,18,رياد-101,أساسيات ريادة الأعمال,2,0
الكلية التقنية,دبلوم,التقنية المدنية والمعمارية,تقنية الانشاءات المعمارية,برامج مفعله,30,70,الفصل التدريبي الثاني ,7,18,يعمر-125,رسم معماري (2),2,2
الكلية التقنية,دبلوم,التقنية المدنية والمعمارية,تقنية الانشاءات المعمارية,برامج مفعله,30,70,الفصل التدريبي الثاني ,7,18,يعمر-126,رسم بالحاسب (2),0,4
الكلية التقنية,دبلوم,التقنية المدنية والمعمارية,تقنية الانشاءات المعمارية,برامج مفعله,30,70,الفصل التدريبي الثاني ,7,18,يمدن-102,ورش شدات وحديد تسليح,0,4
الكلية التقنية,دبلوم,التقنية المدنية والمعمارية,تقنية الانشاءات المعمارية,برامج مفعله,30,70,الفصل التدريبي الثاني ,7,18,يمدن-111,خواص واختبارات المواد,2,2
الكلية التقنية,دبلوم,التقنية المدنية والمعمارية,تقنية الانشاءات المعمارية,برامج مفعله,30,70,الفصل التدريبي الثاني ,7,18,يمدن-141,مساحة,1,2
الكلية التقنية,دبلوم,التقنية المدنية والمعمارية,تقنية الانشاءات المعمارية,برامج مفعله,30,70,الفصل التدريبي الخامس ,1,2, يعمر-288,المشروع الإنتاجي,0,0
الكلية التقنية,دبلوم,التقنية المدنية والمعمارية,تقنية الانشاءات المعمارية,برامج مفعله,30,70,الفصل التدريبي الخامس ,1,2,يعمر-299,التدريب التعاوني,0,0
الكلية التقنية,دبلوم,التقنية المدنية والمعمارية,تقنية الانشاءات المعمارية,برامج مفعله,30,70,الفصل التدريبي الرابع ,7,15,اسلك-201,السلوك الوظيفي والمستقبل المهني,2,0
الكلية التقنية,دبلوم,التقنية المدنية والمعمارية,تقنية الانشاءات المعمارية,برامج مفعله,30,70,الفصل التدريبي الرابع ,7,15,اسلم-101,الدراسات الإسلامية,2,0
الكلية التقنية,دبلوم,التقنية المدنية والمعمارية,تقنية الانشاءات المعمارية,برامج مفعله,30,70,الفصل التدريبي الرابع ,7,15,يعمر-214,كميات وموصفات,2,2
الكلية التقنية,دبلوم,التقنية المدنية والمعمارية,تقنية الانشاءات المعمارية,برامج مفعله,30,70,الفصل التدريبي الرابع ,7,15,يعمر-262,مجسمات معمارية,0,4
الكلية التقنية,دبلوم,التقنية المدنية والمعمارية,تقنية الانشاءات المعمارية,برامج مفعله,30,70,الفصل التدريبي الرابع ,7,15,يعمر-272,أنظمة المباني,1,2
الكلية التقنية,دبلوم,التقنية المدنية والمعمارية,تقنية الانشاءات المعمارية,برامج مفعله,30,70,الفصل التدريبي الرابع ,7,15,يعمر-281,مشروع,1,4
الكلية التقنية,دبلوم,التقنية المدنية والمعمارية,تقنية الانشاءات المعمارية,برامج مفعله,30,70,الفصل التدريبي الرابع ,7,15,يمدن-251,إدارة التشيد,3,0
كلية الاتصالات والإلكترونيات,دبلوم,التقنية الالكترونية,تقنية الإلكترونيات وأنظمة التح,برامج مفعله,32,71,الفصل التدريبي الأول ,8,19,اجدق-111,هندسة كهربائية-1,2,2
الكلية التقنية,دبلوم,التقنية الالكترونية,تقنية الإلكترونيات وأنظمة التح,برامج مفعله,32,71,الفصل التدريبي الأول ,8,19,اجدق-111,هندسة كهربائية-1,2,2
كلية  التقنية التطبيقية,دبلوم,التقنية الالكترونية,تقنية الإلكترونيات وأنظمة التح,برامج مفعله,32,71,الفصل التدريبي الأول ,8,19,اجدق-111,هندسة كهربائية-1,2,2
كلية  التقنية التطبيقية,دبلوم,التقنية الالكترونية,تقنية الإلكترونيات وأنظمة التح,برامج مفعله,32,71,الفصل التدريبي الأول ,8,19,الكت-101,سلامة صناعية,1,0
كلية الاتصالات والإلكترونيات,دبلوم,التقنية الالكترونية,تقنية الإلكترونيات وأنظمة التح,برامج مفعله,32,71,الفصل التدريبي الأول ,8,19,الكت-101,سلامة صناعية,1,0
الكلية التقنية,دبلوم,التقنية الالكترونية,تقنية الإلكترونيات وأنظمة التح,برامج مفعله,32,71,الفصل التدريبي الأول ,8,19,الكت-101,سلامة صناعية,1,0
كلية الاتصالات والإلكترونيات,دبلوم,التقنية الالكترونية,تقنية الإلكترونيات وأنظمة التح,برامج مفعله,32,71,الفصل التدريبي الأول ,8,19,الكت-102,ورشة تأهيلية,0,4
الكلية التقنية,دبلوم,التقنية الالكترونية,تقنية الإلكترونيات وأنظمة التح,برامج مفعله,32,71,الفصل التدريبي الأول ,8,19,الكت-102,ورشة تأهيلية,0,4
كلية  التقنية التطبيقية,دبلوم,التقنية الالكترونية,تقنية الإلكترونيات وأنظمة التح,برامج مفعله,32,71,الفصل التدريبي الأول ,8,19,الكت-102,ورشة تأهيلية,0,4
الكلية التقنية,دبلوم,التقنية الالكترونية,تقنية الإلكترونيات وأنظمة التح,برامج مفعله,32,71,الفصل التدريبي الأول ,8,19,انجل-101,لغة إنجليزية (1),4,0
كلية الاتصالات والإلكترونيات,دبلوم,التقنية الالكترونية,تقنية الإلكترونيات وأنظمة التح,برامج مفعله,32,71,الفصل التدريبي الأول ,8,19,انجل-101,لغة إنجليزية (1),4,0
كلية  التقنية التطبيقية,دبلوم,التقنية الالكترونية,تقنية الإلكترونيات وأنظمة التح,برامج مفعله,32,71,الفصل التدريبي الأول ,8,19,انجل-101,لغة إنجليزية (1),4,0
الكلية التقنية,دبلوم,التقنية الالكترونية,تقنية الإلكترونيات وأنظمة التح,برامج مفعله,32,71,الفصل التدريبي الأول ,8,19,حاسب-101,مقدمة تطبيقات الحاسب,0,4
كلية الاتصالات والإلكترونيات,دبلوم,التقنية الالكترونية,تقنية الإلكترونيات وأنظمة التح,برامج مفعله,32,71,الفصل التدريبي الأول ,8,19,حاسب-101,مقدمة تطبيقات الحاسب,0,4
كلية  التقنية التطبيقية,دبلوم,التقنية الالكترونية,تقنية الإلكترونيات وأنظمة التح,برامج مفعله,32,71,الفصل التدريبي الأول ,8,19,حاسب-101,مقدمة تطبيقات الحاسب,0,4
كلية  التقنية التطبيقية,دبلوم,التقنية الالكترونية,تقنية الإلكترونيات وأنظمة التح,برامج مفعله,32,71,الفصل التدريبي الأول ,8,19,رياض-121,الرياضيات,4,0
الكلية التقنية,دبلوم,التقنية الالكترونية,تقنية الإلكترونيات وأنظمة التح,برامج مفعله,32,71,الفصل التدريبي الأول ,8,19,رياض-121,الرياضيات,4,0
كلية الاتصالات والإلكترونيات,دبلوم,التقنية الالكترونية,تقنية الإلكترونيات وأنظمة التح,برامج مفعله,32,71,الفصل التدريبي الأول ,8,19,رياض-121,الرياضيات,4,0
كلية الاتصالات والإلكترونيات,دبلوم,التقنية الالكترونية,تقنية الإلكترونيات وأنظمة التح,برامج مفعله,32,71,الفصل التدريبي الأول ,8,19,عربي-101,الكتابة الفنية,2,0
كلية  التقنية التطبيقية,دبلوم,التقنية الالكترونية,تقنية الإلكترونيات وأنظمة التح,برامج مفعله,32,71,الفصل التدريبي الأول ,8,19,عربي-101,الكتابة الفنية,2,0
الكلية التقنية,دبلوم,التقنية الالكترونية,تقنية الإلكترونيات وأنظمة التح,برامج مفعله,32,71,الفصل التدريبي الأول ,8,19,عربي-101,الكتابة الفنية,2,0
الكلية التقنية,دبلوم,التقنية الالكترونية,تقنية الإلكترونيات وأنظمة التح,برامج مفعله,32,71,الفصل التدريبي الأول ,8,19,فيزي-101,الفيزياء,2,2
كلية الاتصالات والإلكترونيات,دبلوم,التقنية الالكترونية,تقنية الإلكترونيات وأنظمة التح,برامج مفعله,32,71,الفصل التدريبي الأول ,8,19,فيزي-101,الفيزياء,2,2
كلية  التقنية التطبيقية,دبلوم,التقنية الالكترونية,تقنية الإلكترونيات وأنظمة التح,برامج مفعله,32,71,الفصل التدريبي الأول ,8,19,فيزي-101,الفيزياء,2,2
كلية الاتصالات والإلكترونيات,دبلوم,التقنية الالكترونية,تقنية الإلكترونيات وأنظمة التح,برامج مفعله,32,71,الفصل التدريبي الثالث ,8,17,اسلم-101,الدراسات الإسلامية,2,0
الكلية التقنية,دبلوم,التقنية الالكترونية,تقنية الإلكترونيات وأنظمة التح,برامج مفعله,32,71,الفصل التدريبي الثالث ,8,17,اسلم-101,الدراسات الإسلامية,2,0
كلية  التقنية التطبيقية,دبلوم,التقنية الالكترونية,تقنية الإلكترونيات وأنظمة التح,برامج مفعله,32,71,الفصل التدريبي الثالث ,7,17,اسلم-101,الدراسات الإسلامية,2,0
الكلية التقنية,دبلوم,التقنية الالكترونية,تقنية الإلكترونيات وأنظمة التح,برامج مفعله,32,71,الفصل التدريبي الثالث ,8,17,الكت-142,محاكاة الدوائر الالكترونية,0,4
كلية الاتصالات والإلكترونيات,دبلوم,التقنية الالكترونية,تقنية الإلكترونيات وأنظمة التح,برامج مفعله,32,71,الفصل التدريبي الثالث ,8,17,الكت-142,محاكاة الدوائر الالكترونية,0,4
كلية  التقنية التطبيقية,دبلوم,التقنية الالكترونية,تقنية الإلكترونيات وأنظمة التح,برامج مفعله,32,71,الفصل التدريبي الثالث ,7,17,الكت-142,محاكاة الدوائر الالكترونية,0,4
الكلية التقنية,دبلوم,التقنية الالكترونية,تقنية الإلكترونيات وأنظمة التح,برامج مفعله,32,71,الفصل التدريبي الثالث ,8,17,الكت-204,ورشة الكترونية,0,4
كلية الاتصالات والإلكترونيات,دبلوم,التقنية الالكترونية,تقنية الإلكترونيات وأنظمة التح,برامج مفعله,32,71,الفصل التدريبي الثالث ,8,17,الكت-204,ورشة الكترونية,0,4
كلية  التقنية التطبيقية,دبلوم,التقنية الالكترونية,تقنية الإلكترونيات وأنظمة التح,برامج مفعله,32,71,الفصل التدريبي الثالث ,7,17,الكت-204,ورشة الكترونية,0,4
الكلية التقنية,دبلوم,التقنية الالكترونية,تقنية الإلكترونيات وأنظمة التح,برامج مفعله,32,71,الفصل التدريبي الثالث ,8,17,الكت-232,معالجات ومتحكمات دقيقة,1,2
كلية  التقنية التطبيقية,دبلوم,التقنية الالكترونية,تقنية الإلكترونيات وأنظمة التح,برامج مفعله,32,71,الفصل التدريبي الثالث ,7,17,الكت-232,معالجات ومتحكمات دقيقة,1,2
كلية الاتصالات والإلكترونيات,دبلوم,التقنية الالكترونية,تقنية الإلكترونيات وأنظمة التح,برامج مفعله,32,71,الفصل التدريبي الثالث ,8,17,الكت-232,معالجات ومتحكمات دقيقة,1,2
كلية الاتصالات والإلكترونيات,دبلوم,التقنية الالكترونية,تقنية الإلكترونيات وأنظمة التح,برامج مفعله,32,71,الفصل التدريبي الثالث ,8,17,الكت-242,دوائرالكترونية,1,2
كلية  التقنية التطبيقية,دبلوم,التقنية الالكترونية,تقنية الإلكترونيات وأنظمة التح,برامج مفعله,32,71,الفصل التدريبي الثالث ,7,17,الكت-242,دوائرالكترونية,1,2
الكلية التقنية,دبلوم,التقنية الالكترونية,تقنية الإلكترونيات وأنظمة التح,برامج مفعله,32,71,الفصل التدريبي الثالث ,8,17,الكت-242,دوائرالكترونية,1,2
كلية  التقنية التطبيقية,دبلوم,التقنية الالكترونية,تقنية الإلكترونيات وأنظمة التح,برامج مفعله,32,71,الفصل التدريبي الثالث ,7,17,الكت-252,إلكترونيات القوى,1,2
الكلية التقنية,دبلوم,التقنية الالكترونية,تقنية الإلكترونيات وأنظمة التح,برامج مفعله,32,71,الفصل التدريبي الثالث ,8,17,الكت-252,إلكترونيات القوى,1,2
كلية الاتصالات والإلكترونيات,دبلوم,التقنية الالكترونية,تقنية الإلكترونيات وأنظمة التح,برامج مفعله,32,71,الفصل التدريبي الثالث ,8,17,الكت-252,إلكترونيات القوى,1,2
الكلية التقنية,دبلوم,التقنية الالكترونية,تقنية الإلكترونيات وأنظمة التح,برامج مفعله,32,71,الفصل التدريبي الثالث ,8,17,انجل-103,لغة إنجليزية (3),4,0
كلية  التقنية التطبيقية,دبلوم,التقنية الالكترونية,تقنية الإلكترونيات وأنظمة التح,برامج مفعله,32,71,الفصل التدريبي الثالث ,7,17,انجل-103,لغة إنجليزية (3),4,0
كلية الاتصالات والإلكترونيات,دبلوم,التقنية الالكترونية,تقنية الإلكترونيات وأنظمة التح,برامج مفعله,32,71,الفصل التدريبي الثالث ,8,17,انجل-103,لغة إنجليزية (3),4,0
الكلية التقنية,دبلوم,التقنية الالكترونية,تقنية الإلكترونيات وأنظمة التح,برامج مفعله,32,71,الفصل التدريبي الثالث ,8,17,رياد-222,ريادة اعمال الالكترونيات,1,2
كلية الاتصالات والإلكترونيات,دبلوم,التقنية الالكترونية,تقنية الإلكترونيات وأنظمة التح,برامج مفعله,32,71,الفصل التدريبي الثالث ,8,17,رياد-222,ريادة اعمال الالكترونيات,1,2
كلية  التقنية التطبيقية,دبلوم,التقنية الالكترونية,تقنية الإلكترونيات وأنظمة التح,برامج مفعله,32,71,الفصل التدريبي الثالث ,7,17,رياد-222,ريادة اعمال الالكترونيات,1,2
كلية  التقنية التطبيقية,دبلوم,التقنية الالكترونية,تقنية الإلكترونيات وأنظمة التح,برامج مفعله,32,71,الفصل التدريبي الثاني ,8,19,اجدق-112,هندسة كهربائية -2,2,2
الكلية التقنية,دبلوم,التقنية الالكترونية,تقنية الإلكترونيات وأنظمة التح,برامج مفعله,32,71,الفصل التدريبي الثاني ,8,19,اجدق-112,هندسة كهربائية -2,2,2
كلية الاتصالات والإلكترونيات,دبلوم,التقنية الالكترونية,تقنية الإلكترونيات وأنظمة التح,برامج مفعله,32,71,الفصل التدريبي الثاني ,8,19,اجدق-112,هندسة كهربائية -2,2,2
كلية الاتصالات والإلكترونيات,دبلوم,التقنية الالكترونية,تقنية الإلكترونيات وأنظمة التح,برامج مفعله,32,71,الفصل التدريبي الثاني ,8,19,الكت-103,ورشة الكترونيات أساسية,0,4
كلية  التقنية التطبيقية,دبلوم,التقنية الالكترونية,تقنية الإلكترونيات وأنظمة التح,برامج مفعله,32,71,الفصل التدريبي الثاني ,8,19,الكت-103,ورشة الكترونيات أساسية,0,4
الكلية التقنية,دبلوم,التقنية الالكترونية,تقنية الإلكترونيات وأنظمة التح,برامج مفعله,32,71,الفصل التدريبي الثاني ,8,19,الكت-103,ورشة الكترونيات أساسية,0,4
كلية الاتصالات والإلكترونيات,دبلوم,التقنية الالكترونية,تقنية الإلكترونيات وأنظمة التح,برامج مفعله,32,71,الفصل التدريبي الثاني ,8,19,الكت-121,عناصر إلكترونية,1,2
الكلية التقنية,دبلوم,التقنية الالكترونية,تقنية الإلكترونيات وأنظمة التح,برامج مفعله,32,71,الفصل التدريبي الثاني ,8,19,الكت-121,عناصر إلكترونية,1,2
كلية  التقنية التطبيقية,دبلوم,التقنية الالكترونية,تقنية الإلكترونيات وأنظمة التح,برامج مفعله,32,71,الفصل التدريبي الثاني ,8,19,الكت-121,عناصر إلكترونية,1,2
كلية  التقنية التطبيقية,دبلوم,التقنية الالكترونية,تقنية الإلكترونيات وأنظمة التح,برامج مفعله,32,71,الفصل التدريبي الثاني ,8,19,الكت-131,التحليل الهندسي,2,0
الكلية التقنية,دبلوم,التقنية الالكترونية,تقنية الإلكترونيات وأنظمة التح,برامج مفعله,32,71,الفصل التدريبي الثاني ,8,19,الكت-131,التحليل الهندسي,2,0
كلية الاتصالات والإلكترونيات,دبلوم,التقنية الالكترونية,تقنية الإلكترونيات وأنظمة التح,برامج مفعله,32,71,الفصل التدريبي الثاني ,8,19,الكت-131,التحليل الهندسي,2,0
كلية  التقنية التطبيقية,دبلوم,التقنية الالكترونية,تقنية الإلكترونيات وأنظمة التح,برامج مفعله,32,71,الفصل التدريبي الثاني ,8,19,الكت-141,دوائر رقمية,2,2
كلية الاتصالات والإلكترونيات,دبلوم,التقنية الالكترونية,تقنية الإلكترونيات وأنظمة التح,برامج مفعله,32,71,الفصل التدريبي الثاني ,8,19,الكت-141,دوائر رقمية,2,2
الكلية التقنية,دبلوم,التقنية الالكترونية,تقنية الإلكترونيات وأنظمة التح,برامج مفعله,32,71,الفصل التدريبي الثاني ,8,19,الكت-141,دوائر رقمية,2,2
الكلية التقنية,دبلوم,التقنية الالكترونية,تقنية الإلكترونيات وأنظمة التح,برامج مفعله,32,71,الفصل التدريبي الثاني ,8,19,الكت-223,حساسات ومبدلات,1,2
كلية الاتصالات والإلكترونيات,دبلوم,التقنية الالكترونية,تقنية الإلكترونيات وأنظمة التح,برامج مفعله,32,71,الفصل التدريبي الثاني ,8,19,الكت-223,حساسات ومبدلات,1,2
كلية  التقنية التطبيقية,دبلوم,التقنية الالكترونية,تقنية الإلكترونيات وأنظمة التح,برامج مفعله,32,71,الفصل التدريبي الثاني ,8,19,الكت-223,حساسات ومبدلات,1,2
كلية  التقنية التطبيقية,دبلوم,التقنية الالكترونية,تقنية الإلكترونيات وأنظمة التح,برامج مفعله,32,71,الفصل التدريبي الثاني ,8,19,انجل-102,لغة إنجليزية (2),4,0
كلية الاتصالات والإلكترونيات,دبلوم,التقنية الالكترونية,تقنية الإلكترونيات وأنظمة التح,برامج مفعله,32,71,الفصل التدريبي الثاني ,8,19,انجل-102,لغة إنجليزية (2),4,0
الكلية التقنية,دبلوم,التقنية الالكترونية,تقنية الإلكترونيات وأنظمة التح,برامج مفعله,32,71,الفصل التدريبي الثاني ,8,19,انجل-102,لغة إنجليزية (2),4,0
كلية الاتصالات والإلكترونيات,دبلوم,التقنية الالكترونية,تقنية الإلكترونيات وأنظمة التح,برامج مفعله,32,71,الفصل التدريبي الثاني ,8,19,رياد-101,أساسيات ريادة الأعمال,2,0
الكلية التقنية,دبلوم,التقنية الالكترونية,تقنية الإلكترونيات وأنظمة التح,برامج مفعله,32,71,الفصل التدريبي الثاني ,8,19,رياد-101,أساسيات ريادة الأعمال,2,0
كلية  التقنية التطبيقية,دبلوم,التقنية الالكترونية,تقنية الإلكترونيات وأنظمة التح,برامج مفعله,32,71,الفصل التدريبي الثاني ,8,19,رياد-101,أساسيات ريادة الأعمال,2,0
كلية  التقنية التطبيقية,دبلوم,التقنية الالكترونية,تقنية الإلكترونيات وأنظمة التح,برامج مفعله,32,71,الفصل التدريبي الخامس ,1,2, الكت-288,المشروع الإنتاجي,0,0
كلية الاتصالات والإلكترونيات,دبلوم,التقنية الالكترونية,تقنية الإلكترونيات وأنظمة التح,برامج مفعله,32,71,الفصل التدريبي الخامس ,1,2, الكت-288,المشروع الإنتاجي,0,0
الكلية التقنية,دبلوم,التقنية الالكترونية,تقنية الإلكترونيات وأنظمة التح,برامج مفعله,32,71,الفصل التدريبي الخامس ,1,2, الكت-288,المشروع الإنتاجي,0,0
الكلية التقنية,دبلوم,التقنية الالكترونية,تقنية الإلكترونيات وأنظمة التح,برامج مفعله,32,71,الفصل التدريبي الخامس ,1,2,الكت-299,التدريب التعاوني,0,0
كلية  التقنية التطبيقية,دبلوم,التقنية الالكترونية,تقنية الإلكترونيات وأنظمة التح,برامج مفعله,32,71,الفصل التدريبي الخامس ,1,2,الكت-299,التدريب التعاوني,0,0
كلية الاتصالات والإلكترونيات,دبلوم,التقنية الالكترونية,تقنية الإلكترونيات وأنظمة التح,برامج مفعله,32,71,الفصل التدريبي الخامس ,1,2,الكت-299,التدريب التعاوني,0,0
الكلية التقنية,دبلوم,التقنية الالكترونية,تقنية الإلكترونيات وأنظمة التح,برامج مفعله,32,71,الفصل التدريبي الرابع ,7,14,اجطب-255,آلات كهربائية,1,2
كلية  التقنية التطبيقية,دبلوم,التقنية الالكترونية,تقنية الإلكترونيات وأنظمة التح,برامج مفعله,32,71,الفصل التدريبي الرابع ,7,14,اجطب-255,آلات كهربائية,1,2
كلية الاتصالات والإلكترونيات,دبلوم,التقنية الالكترونية,تقنية الإلكترونيات وأنظمة التح,برامج مفعله,32,71,الفصل التدريبي الرابع ,7,14,اجطب-255,آلات كهربائية,1,2
كلية الاتصالات والإلكترونيات,دبلوم,التقنية الالكترونية,تقنية الإلكترونيات وأنظمة التح,برامج مفعله,32,71,الفصل التدريبي الرابع ,7,14,اسلك-201,السلوك الوظيفي والمستقبل المهني,2,0
كلية  التقنية التطبيقية,دبلوم,التقنية الالكترونية,تقنية الإلكترونيات وأنظمة التح,برامج مفعله,32,71,الفصل التدريبي الرابع ,7,14,اسلك-201,السلوك الوظيفي والمستقبل المهني,2,0
الكلية التقنية,دبلوم,التقنية الالكترونية,تقنية الإلكترونيات وأنظمة التح,برامج مفعله,32,71,الفصل التدريبي الرابع ,7,14,اسلك-201,السلوك الوظيفي والمستقبل المهني,2,0
الكلية التقنية,دبلوم,التقنية الالكترونية,تقنية الإلكترونيات وأنظمة التح,برامج مفعله,32,71,الفصل التدريبي الرابع ,7,14,الكت-233,تحكم آلى,1,2
كلية الاتصالات والإلكترونيات,دبلوم,التقنية الالكترونية,تقنية الإلكترونيات وأنظمة التح,برامج مفعله,32,71,الفصل التدريبي الرابع ,7,14,الكت-233,تحكم آلى,1,2
كلية  التقنية التطبيقية,دبلوم,التقنية الالكترونية,تقنية الإلكترونيات وأنظمة التح,برامج مفعله,32,71,الفصل التدريبي الرابع ,7,14,الكت-233,تحكم آلى,1,2
الكلية التقنية,دبلوم,التقنية الالكترونية,تقنية الإلكترونيات وأنظمة التح,برامج مفعله,32,71,الفصل التدريبي الرابع ,7,14,الكت-234,حاكمات قابله للبرمجة,0,4
كلية  التقنية التطبيقية,دبلوم,التقنية الالكترونية,تقنية الإلكترونيات وأنظمة التح,برامج مفعله,32,71,الفصل التدريبي الرابع ,7,14,الكت-234,حاكمات قابله للبرمجة,0,4
كلية الاتصالات والإلكترونيات,دبلوم,التقنية الالكترونية,تقنية الإلكترونيات وأنظمة التح,برامج مفعله,32,71,الفصل التدريبي الرابع ,7,14,الكت-234,حاكمات قابله للبرمجة,0,4
الكلية التقنية,دبلوم,التقنية الالكترونية,تقنية الإلكترونيات وأنظمة التح,برامج مفعله,32,71,الفصل التدريبي الرابع ,7,14,الكت-261,ورشة صيانة الكترونية,0,4
كلية الاتصالات والإلكترونيات,دبلوم,التقنية الالكترونية,تقنية الإلكترونيات وأنظمة التح,برامج مفعله,32,71,الفصل التدريبي الرابع ,7,14,الكت-261,ورشة صيانة الكترونية,0,4
كلية  التقنية التطبيقية,دبلوم,التقنية الالكترونية,تقنية الإلكترونيات وأنظمة التح,برامج مفعله,32,71,الفصل التدريبي الرابع ,7,14,الكت-261,ورشة صيانة الكترونية,0,4
كلية  التقنية التطبيقية,دبلوم,التقنية الالكترونية,تقنية الإلكترونيات وأنظمة التح,برامج مفعله,32,71,الفصل التدريبي الرابع ,7,14,الكت-271,نظم اتصالات,1,2
كلية الاتصالات والإلكترونيات,دبلوم,التقنية الالكترونية,تقنية الإلكترونيات وأنظمة التح,برامج مفعله,32,71,الفصل التدريبي الرابع ,7,14,الكت-271,نظم اتصالات,1,2
الكلية التقنية,دبلوم,التقنية الالكترونية,تقنية الإلكترونيات وأنظمة التح,برامج مفعله,32,71,الفصل التدريبي الرابع ,7,14,الكت-271,نظم اتصالات,1,2
كلية  التقنية التطبيقية,دبلوم,التقنية الالكترونية,تقنية الإلكترونيات وأنظمة التح,برامج مفعله,32,71,الفصل التدريبي الرابع ,7,14,الكت-291,مشروع,1,2
الكلية التقنية,دبلوم,التقنية الالكترونية,تقنية الإلكترونيات وأنظمة التح,برامج مفعله,32,71,الفصل التدريبي الرابع ,7,14,الكت-291,مشروع,1,2
كلية الاتصالات والإلكترونيات,دبلوم,التقنية الالكترونية,تقنية الإلكترونيات وأنظمة التح,برامج مفعله,32,71,الفصل التدريبي الرابع ,7,14,الكت-291,مشروع,1,2
الكلية التقنية,دبلوم,تقنية الغذاء,تقنية الإنتاج الغذائي,برامج مفعله,31,67,الفصل التدريبي الأول ,8,19,احصا-111,مقدمة في علم الاحصاء,3,0
الكلية التقنية,دبلوم,تقنية الغذاء,تقنية الإنتاج الغذائي,برامج مفعله,31,67,الفصل التدريبي الأول ,8,19,احيا-101,مقدمة في علم الأحياء,2,2
الكلية التقنية,دبلوم,تقنية الغذاء,تقنية الإنتاج الغذائي,برامج مفعله,31,67,الفصل التدريبي الأول ,8,19,انجل-101,لغة إنجليزية (1),4,0
الكلية التقنية,دبلوم,تقنية الغذاء,تقنية الإنتاج الغذائي,برامج مفعله,31,67,الفصل التدريبي الأول ,8,19,حاسب-101,مقدمة تطبيقات الحاسب,0,4
الكلية التقنية,دبلوم,تقنية الغذاء,تقنية الإنتاج الغذائي,برامج مفعله,31,67,الفصل التدريبي الأول ,8,19,داجن-101,السلامة المهنية,1,0
الكلية التقنية,دبلوم,تقنية الغذاء,تقنية الإنتاج الغذائي,برامج مفعله,31,67,الفصل التدريبي الأول ,8,19,داجن-111,مبادئ في علم الدواجن,1,2
الكلية التقنية,دبلوم,تقنية الغذاء,تقنية الإنتاج الغذائي,برامج مفعله,31,67,الفصل التدريبي الأول ,8,19,رياض-101,الرياضيات,4,0
الكلية التقنية,دبلوم,تقنية الغذاء,تقنية الإنتاج الغذائي,برامج مفعله,31,67,الفصل التدريبي الأول ,8,19,عربي-101,الكتابة الفنية,2,0
الكلية التقنية,دبلوم,تقنية الغذاء,تقنية الإنتاج الغذائي,برامج مفعله,31,67,الفصل التدريبي الثالث ,8,15,انجل-103,لغة إنجليزية (3),4,0
الكلية التقنية,دبلوم,تقنية الغذاء,تقنية الإنتاج الغذائي,برامج مفعله,31,67,الفصل التدريبي الثالث ,8,15,داجن-221,فسيولوجي الدواجن,1,2
الكلية التقنية,دبلوم,تقنية الغذاء,تقنية الإنتاج الغذائي,برامج مفعله,31,67,الفصل التدريبي الثالث ,8,15,داجن-252,رعاية وإنتاج الدجاج اللاحم,1,4
الكلية التقنية,دبلوم,تقنية الغذاء,تقنية الإنتاج الغذائي,برامج مفعله,31,67,الفصل التدريبي الثالث ,8,15,داجن-261,الأمن الحيوي,0,2
الكلية التقنية,دبلوم,تقنية الغذاء,تقنية الإنتاج الغذائي,برامج مفعله,31,67,الفصل التدريبي الثالث ,8,15,داجن-262,إدارة وتسويق الدواجن,1,0
الكلية التقنية,دبلوم,تقنية الغذاء,تقنية الإنتاج الغذائي,برامج مفعله,31,67,الفصل التدريبي الثالث ,8,15,داجن-271,الجودة في مجال الدواجن,2,0
الكلية التقنية,دبلوم,تقنية الغذاء,تقنية الإنتاج الغذائي,برامج مفعله,31,67,الفصل التدريبي الثالث ,8,15,داجن-281,تقنية تصنيع وإنتاج الأعلاف,1,2
الكلية التقنية,دبلوم,تقنية الغذاء,تقنية الإنتاج الغذائي,برامج مفعله,31,67,الفصل التدريبي الثالث ,8,15,رياد-243,ريادة اعمال انتاج الدواجن,1,2
الكلية التقنية,دبلوم,تقنية الغذاء,تقنية الإنتاج الغذائي,برامج مفعله,31,67,الفصل التدريبي الثاني ,7,16,احيا-111,الأحياء الدقيقة والطفيليات,2,2
الكلية التقنية,دبلوم,تقنية الغذاء,تقنية الإنتاج الغذائي,برامج مفعله,31,67,الفصل التدريبي الثاني ,7,16,انجل-102,لغة إنجليزية (2),4,0
الكلية التقنية,دبلوم,تقنية الغذاء,تقنية الإنتاج الغذائي,برامج مفعله,31,67,الفصل التدريبي الثاني ,7,16,داجن-131,تقنية منشآت الدواجن,1,2
الكلية التقنية,دبلوم,تقنية الغذاء,تقنية الإنتاج الغذائي,برامج مفعله,31,67,الفصل التدريبي الثاني ,7,16,داجن-141,تغذية الدواجن,1,2
الكلية التقنية,دبلوم,تقنية الغذاء,تقنية الإنتاج الغذائي,برامج مفعله,31,67,الفصل التدريبي الثاني ,7,16,داجن-151,رعاية أمهات الدجاج اللاحم والب,1,2
الكلية التقنية,دبلوم,تقنية الغذاء,تقنية الإنتاج الغذائي,برامج مفعله,31,67,الفصل التدريبي الثاني ,7,16,داجن-242,صحة الدواجن,1,2
الكلية التقنية,دبلوم,تقنية الغذاء,تقنية الإنتاج الغذائي,برامج مفعله,31,67,الفصل التدريبي الثاني ,7,16,رياد-101,أساسيات ريادة الأعمال,2,0
الكلية التقنية,دبلوم,تقنية الغذاء,تقنية الإنتاج الغذائي,برامج مفعله,31,67,الفصل التدريبي الخامس ,1,2, داجن-288,المشروع الإنتاجي,0,0
الكلية التقنية,دبلوم,تقنية الغذاء,تقنية الإنتاج الغذائي,برامج مفعله,31,67,الفصل التدريبي الخامس ,1,2,داجن-299,التدريب التعاوني,0,0
الكلية التقنية,دبلوم,تقنية الغذاء,تقنية الإنتاج الغذائي,برامج مفعله,31,67,الفصل التدريبي الرابع ,7,15,اسلك-201,السلوك الوظيفي والمستقبل المهني,2,0
الكلية التقنية,دبلوم,تقنية الغذاء,تقنية الإنتاج الغذائي,برامج مفعله,31,67,الفصل التدريبي الرابع ,7,15,اسلم-101,الدراسات الإسلامية,2,0
الكلية التقنية,دبلوم,تقنية الغذاء,تقنية الإنتاج الغذائي,برامج مفعله,31,67,الفصل التدريبي الرابع ,7,15,داجن-222,التفريخ الآلي,1,2
الكلية التقنية,دبلوم,تقنية الغذاء,تقنية الإنتاج الغذائي,برامج مفعله,31,67,الفصل التدريبي الرابع ,7,15,داجن-243,امراض الدواجن,2,2
الكلية التقنية,دبلوم,تقنية الغذاء,تقنية الإنتاج الغذائي,برامج مفعله,31,67,الفصل التدريبي الرابع ,7,15,داجن-253,رعاية وإنتاج الدجاج البياض,1,4
الكلية التقنية,دبلوم,تقنية الغذاء,تقنية الإنتاج الغذائي,برامج مفعله,31,67,الفصل التدريبي الرابع ,7,15,داجن-282,تقنية المجازر الآلية,1,2
الكلية التقنية,دبلوم,تقنية الغذاء,تقنية الإنتاج الغذائي,برامج مفعله,31,67,الفصل التدريبي الرابع ,7,15,داجن-291,تدريب ذاتي,0,2
كلية الاتصالات والإلكترونيات,دبلوم,التقنية الالكترونية,تقنية الأجهزة الطبية,برامج مفعله,33,70,الفصل التدريبي الأول ,7,18,اجدق-111,هندسة كهربائية-1,2,2
الكلية التقنية,دبلوم,التقنية الالكترونية,تقنية الأجهزة الطبية,برامج مفعله,33,70,الفصل التدريبي الأول ,7,18,اجدق-111,هندسة كهربائية-1,2,2
كلية الاتصالات والإلكترونيات,دبلوم,التقنية الالكترونية,تقنية الأجهزة الطبية,برامج مفعله,33,70,الفصل التدريبي الأول ,7,18,الكت-102,ورشة تأهيلية,0,4
الكلية التقنية,دبلوم,التقنية الالكترونية,تقنية الأجهزة الطبية,برامج مفعله,33,70,الفصل التدريبي الأول ,7,18,الكت-102,ورشة تأهيلية,0,4
الكلية التقنية,دبلوم,التقنية الالكترونية,تقنية الأجهزة الطبية,برامج مفعله,33,70,الفصل التدريبي الأول ,7,18,انجل-101,لغة إنجليزية (1),4,0
كلية الاتصالات والإلكترونيات,دبلوم,التقنية الالكترونية,تقنية الأجهزة الطبية,برامج مفعله,33,70,الفصل التدريبي الأول ,7,18,انجل-101,لغة إنجليزية (1),4,0
كلية الاتصالات والإلكترونيات,دبلوم,التقنية الالكترونية,تقنية الأجهزة الطبية,برامج مفعله,33,70,الفصل التدريبي الأول ,7,18,حاسب-101,مقدمة تطبيقات الحاسب,0,4
الكلية التقنية,دبلوم,التقنية الالكترونية,تقنية الأجهزة الطبية,برامج مفعله,33,70,الفصل التدريبي الأول ,7,18,حاسب-101,مقدمة تطبيقات الحاسب,0,4
الكلية التقنية,دبلوم,التقنية الالكترونية,تقنية الأجهزة الطبية,برامج مفعله,33,70,الفصل التدريبي الأول ,7,18,رياض-121,الرياضيات,4,0
كلية الاتصالات والإلكترونيات,دبلوم,التقنية الالكترونية,تقنية الأجهزة الطبية,برامج مفعله,33,70,الفصل التدريبي الأول ,7,18,رياض-121,الرياضيات,4,0
كلية الاتصالات والإلكترونيات,دبلوم,التقنية الالكترونية,تقنية الأجهزة الطبية,برامج مفعله,33,70,الفصل التدريبي الأول ,7,18,عربي-101,الكتابة الفنية,2,0
الكلية التقنية,دبلوم,التقنية الالكترونية,تقنية الأجهزة الطبية,برامج مفعله,33,70,الفصل التدريبي الأول ,7,18,عربي-101,الكتابة الفنية,2,0
كلية الاتصالات والإلكترونيات,دبلوم,التقنية الالكترونية,تقنية الأجهزة الطبية,برامج مفعله,33,70,الفصل التدريبي الأول ,7,18,فيزي-101,الفيزياء,2,2
الكلية التقنية,دبلوم,التقنية الالكترونية,تقنية الأجهزة الطبية,برامج مفعله,33,70,الفصل التدريبي الأول ,7,18,فيزي-101,الفيزياء,2,2
كلية الاتصالات والإلكترونيات,دبلوم,التقنية الالكترونية,تقنية الأجهزة الطبية,برامج مفعله,33,70,الفصل التدريبي الثالث ,8,17,اجطب-121,القياسات الطبية,1,2
الكلية التقنية,دبلوم,التقنية الالكترونية,تقنية الأجهزة الطبية,برامج مفعله,33,70,الفصل التدريبي الثالث ,8,17,اجطب-121,القياسات الطبية,1,2
كلية الاتصالات والإلكترونيات,دبلوم,التقنية الالكترونية,تقنية الأجهزة الطبية,برامج مفعله,33,70,الفصل التدريبي الثالث ,8,17,اجطب-211,علم الاحياء,2,0
الكلية التقنية,دبلوم,التقنية الالكترونية,تقنية الأجهزة الطبية,برامج مفعله,33,70,الفصل التدريبي الثالث ,8,17,اجطب-211,علم الاحياء,2,0
الكلية التقنية,دبلوم,التقنية الالكترونية,تقنية الأجهزة الطبية,برامج مفعله,33,70,الفصل التدريبي الثالث ,8,17,اجطب-251,اجهزة طبية (1),2,2
كلية الاتصالات والإلكترونيات,دبلوم,التقنية الالكترونية,تقنية الأجهزة الطبية,برامج مفعله,33,70,الفصل التدريبي الثالث ,8,17,اجطب-251,اجهزة طبية (1),2,2
كلية الاتصالات والإلكترونيات,دبلوم,التقنية الالكترونية,تقنية الأجهزة الطبية,برامج مفعله,33,70,الفصل التدريبي الثالث ,8,17,اجطب-261,ورشة الصيانة الطبية (1),0,2
الكلية التقنية,دبلوم,التقنية الالكترونية,تقنية الأجهزة الطبية,برامج مفعله,33,70,الفصل التدريبي الثالث ,8,17,اجطب-261,ورشة الصيانة الطبية (1),0,2
كلية الاتصالات والإلكترونيات,دبلوم,التقنية الالكترونية,تقنية الأجهزة الطبية,برامج مفعله,33,70,الفصل التدريبي الثالث ,8,17,الكت-232,معالجات ومتحكمات دقيقة,1,2
الكلية التقنية,دبلوم,التقنية الالكترونية,تقنية الأجهزة الطبية,برامج مفعله,33,70,الفصل التدريبي الثالث ,8,17,الكت-232,معالجات ومتحكمات دقيقة,1,2
الكلية التقنية,دبلوم,التقنية الالكترونية,تقنية الأجهزة الطبية,برامج مفعله,33,70,الفصل التدريبي الثالث ,8,17,الكت-242,دوائرالكترونية,1,2
كلية الاتصالات والإلكترونيات,دبلوم,التقنية الالكترونية,تقنية الأجهزة الطبية,برامج مفعله,33,70,الفصل التدريبي الثالث ,8,17,الكت-242,دوائرالكترونية,1,2
كلية الاتصالات والإلكترونيات,دبلوم,التقنية الالكترونية,تقنية الأجهزة الطبية,برامج مفعله,33,70,الفصل التدريبي الثالث ,8,17,انجل-103,لغة إنجليزية (3),4,0
الكلية التقنية,دبلوم,التقنية الالكترونية,تقنية الأجهزة الطبية,برامج مفعله,33,70,الفصل التدريبي الثالث ,8,17,انجل-103,لغة إنجليزية (3),4,0
كلية الاتصالات والإلكترونيات,دبلوم,التقنية الالكترونية,تقنية الأجهزة الطبية,برامج مفعله,33,70,الفصل التدريبي الثالث ,8,17,رياد-224,ريادة الاعمال  في مجال التقنيات الطبية,1,2
الكلية التقنية,دبلوم,التقنية الالكترونية,تقنية الأجهزة الطبية,برامج مفعله,33,70,الفصل التدريبي الثالث ,8,17,رياد-224,ريادة الاعمال  في مجال التقنيات الطبية,1,2
الكلية التقنية,دبلوم,التقنية الالكترونية,تقنية الأجهزة الطبية,برامج مفعله,33,70,الفصل التدريبي الثاني ,8,19,اجدق-112,هندسة كهربائية -2,2,2
كلية الاتصالات والإلكترونيات,دبلوم,التقنية الالكترونية,تقنية الأجهزة الطبية,برامج مفعله,33,70,الفصل التدريبي الثاني ,8,19,اجدق-112,هندسة كهربائية -2,2,2
كلية الاتصالات والإلكترونيات,دبلوم,التقنية الالكترونية,تقنية الأجهزة الطبية,برامج مفعله,33,70,الفصل التدريبي الثاني ,8,19,اجطب-171,المصطلحات الطبية,2,0
الكلية التقنية,دبلوم,التقنية الالكترونية,تقنية الأجهزة الطبية,برامج مفعله,33,70,الفصل التدريبي الثاني ,8,19,اجطب-171,المصطلحات الطبية,2,0
كلية الاتصالات والإلكترونيات,دبلوم,التقنية الالكترونية,تقنية الأجهزة الطبية,برامج مفعله,33,70,الفصل التدريبي الثاني ,8,19,الكت-103,ورشة الكترونيات أساسية,0,4
الكلية التقنية,دبلوم,التقنية الالكترونية,تقنية الأجهزة الطبية,برامج مفعله,33,70,الفصل التدريبي الثاني ,8,19,الكت-103,ورشة الكترونيات أساسية,0,4
كلية الاتصالات والإلكترونيات,دبلوم,التقنية الالكترونية,تقنية الأجهزة الطبية,برامج مفعله,33,70,الفصل التدريبي الثاني ,8,19,الكت-121,عناصر إلكترونية,1,2
الكلية التقنية,دبلوم,التقنية الالكترونية,تقنية الأجهزة الطبية,برامج مفعله,33,70,الفصل التدريبي الثاني ,8,19,الكت-121,عناصر إلكترونية,1,2
كلية الاتصالات والإلكترونيات,دبلوم,التقنية الالكترونية,تقنية الأجهزة الطبية,برامج مفعله,33,70,الفصل التدريبي الثاني ,8,19,الكت-141,دوائر رقمية,2,2
الكلية التقنية,دبلوم,التقنية الالكترونية,تقنية الأجهزة الطبية,برامج مفعله,33,70,الفصل التدريبي الثاني ,8,19,الكت-141,دوائر رقمية,2,2
كلية الاتصالات والإلكترونيات,دبلوم,التقنية الالكترونية,تقنية الأجهزة الطبية,برامج مفعله,33,70,الفصل التدريبي الثاني ,8,19,الكت-223,حساسات ومبدلات,1,2
الكلية التقنية,دبلوم,التقنية الالكترونية,تقنية الأجهزة الطبية,برامج مفعله,33,70,الفصل التدريبي الثاني ,8,19,الكت-223,حساسات ومبدلات,1,2
كلية الاتصالات والإلكترونيات,دبلوم,التقنية الالكترونية,تقنية الأجهزة الطبية,برامج مفعله,33,70,الفصل التدريبي الثاني ,8,19,انجل-102,لغة إنجليزية (2),4,0
الكلية التقنية,دبلوم,التقنية الالكترونية,تقنية الأجهزة الطبية,برامج مفعله,33,70,الفصل التدريبي الثاني ,8,19,انجل-102,لغة إنجليزية (2),4,0
كلية الاتصالات والإلكترونيات,دبلوم,التقنية الالكترونية,تقنية الأجهزة الطبية,برامج مفعله,33,70,الفصل التدريبي الثاني ,8,19,رياد-101,أساسيات ريادة الأعمال,2,0
الكلية التقنية,دبلوم,التقنية الالكترونية,تقنية الأجهزة الطبية,برامج مفعله,33,70,الفصل التدريبي الثاني ,8,19,رياد-101,أساسيات ريادة الأعمال,2,0
كلية الاتصالات والإلكترونيات,دبلوم,التقنية الالكترونية,تقنية الأجهزة الطبية,برامج مفعله,33,70,الفصل التدريبي الخامس ,1,2, اجطب-288,المشروع الإنتاجي,0,0
الكلية التقنية,دبلوم,التقنية الالكترونية,تقنية الأجهزة الطبية,برامج مفعله,33,70,الفصل التدريبي الخامس ,1,2, اجطب-288,المشروع الإنتاجي,0,0
كلية الاتصالات والإلكترونيات,دبلوم,التقنية الالكترونية,تقنية الأجهزة الطبية,برامج مفعله,33,70,الفصل التدريبي الخامس ,1,2,اجطب-299,التدريب التعاوني,0,0
الكلية التقنية,دبلوم,التقنية الالكترونية,تقنية الأجهزة الطبية,برامج مفعله,33,70,الفصل التدريبي الخامس ,1,2,اجطب-299,التدريب التعاوني,0,0
كلية الاتصالات والإلكترونيات,دبلوم,التقنية الالكترونية,تقنية الأجهزة الطبية,برامج مفعله,33,70,الفصل التدريبي الرابع ,9,14,اجطب-231,تطبيقات الحاسب بالطب,1,0
الكلية التقنية,دبلوم,التقنية الالكترونية,تقنية الأجهزة الطبية,برامج مفعله,33,70,الفصل التدريبي الرابع ,9,14,اجطب-231,تطبيقات الحاسب بالطب,1,0
الكلية التقنية,دبلوم,التقنية الالكترونية,تقنية الأجهزة الطبية,برامج مفعله,33,70,الفصل التدريبي الرابع ,9,14,اجطب-243,الكترونيات طبية,2,2
كلية الاتصالات والإلكترونيات,دبلوم,التقنية الالكترونية,تقنية الأجهزة الطبية,برامج مفعله,33,70,الفصل التدريبي الرابع ,9,14,اجطب-243,الكترونيات طبية,2,2
كلية الاتصالات والإلكترونيات,دبلوم,التقنية الالكترونية,تقنية الأجهزة الطبية,برامج مفعله,33,70,الفصل التدريبي الرابع ,9,14,اجطب-252,اجهزه طبية (2),1,2
الكلية التقنية,دبلوم,التقنية الالكترونية,تقنية الأجهزة الطبية,برامج مفعله,33,70,الفصل التدريبي الرابع ,9,14,اجطب-252,اجهزه طبية (2),1,2
كلية الاتصالات والإلكترونيات,دبلوم,التقنية الالكترونية,تقنية الأجهزة الطبية,برامج مفعله,33,70,الفصل التدريبي الرابع ,9,14,اجطب-253,أجهزة المعايرة الطبية,0,2
الكلية التقنية,دبلوم,التقنية الالكترونية,تقنية الأجهزة الطبية,برامج مفعله,33,70,الفصل التدريبي الرابع ,9,14,اجطب-253,أجهزة المعايرة الطبية,0,2
الكلية التقنية,دبلوم,التقنية الالكترونية,تقنية الأجهزة الطبية,برامج مفعله,33,70,الفصل التدريبي الرابع ,9,14,اجطب-255,آلات كهربائية,1,2
كلية الاتصالات والإلكترونيات,دبلوم,التقنية الالكترونية,تقنية الأجهزة الطبية,برامج مفعله,33,70,الفصل التدريبي الرابع ,9,14,اجطب-255,آلات كهربائية,1,2
الكلية التقنية,دبلوم,التقنية الالكترونية,تقنية الأجهزة الطبية,برامج مفعله,33,70,الفصل التدريبي الرابع ,9,14,اجطب-262,ورشة الصيانة الطبية (2),0,2
كلية الاتصالات والإلكترونيات,دبلوم,التقنية الالكترونية,تقنية الأجهزة الطبية,برامج مفعله,33,70,الفصل التدريبي الرابع ,9,14,اجطب-262,ورشة الصيانة الطبية (2),0,2
كلية الاتصالات والإلكترونيات,دبلوم,التقنية الالكترونية,تقنية الأجهزة الطبية,برامج مفعله,33,70,الفصل التدريبي الرابع ,9,14,اجطب-263,السلامة وادارة الصيانة الطبية,1,0
الكلية التقنية,دبلوم,التقنية الالكترونية,تقنية الأجهزة الطبية,برامج مفعله,33,70,الفصل التدريبي الرابع ,9,14,اجطب-263,السلامة وادارة الصيانة الطبية,1,0
الكلية التقنية,دبلوم,التقنية الالكترونية,تقنية الأجهزة الطبية,برامج مفعله,33,70,الفصل التدريبي الرابع ,9,14,اسلك-201,السلوك الوظيفي والمستقبل المهني,2,0
كلية الاتصالات والإلكترونيات,دبلوم,التقنية الالكترونية,تقنية الأجهزة الطبية,برامج مفعله,33,70,الفصل التدريبي الرابع ,9,14,اسلك-201,السلوك الوظيفي والمستقبل المهني,2,0
الكلية التقنية,دبلوم,التقنية الالكترونية,تقنية الأجهزة الطبية,برامج مفعله,33,70,الفصل التدريبي الرابع ,9,14,اسلم-101,الدراسات الإسلامية,2,0
كلية الاتصالات والإلكترونيات,دبلوم,التقنية الالكترونية,تقنية الأجهزة الطبية,برامج مفعله,33,70,الفصل التدريبي الرابع ,9,14,اسلم-101,الدراسات الإسلامية,2,0
الكلية التقنية,دبلوم,التقنية الكهربائية,تقنية الآلات كهربائية,برامج مفعله,31,69,الفصل التدريبي الأول ,8,17,انجل-101,لغة إنجليزية (1),4,0
كلية  التقنية التطبيقية,دبلوم,التقنية الكهربائية,تقنية الآلات كهربائية,برامج مفعله,31,69,الفصل التدريبي الأول ,8,17,انجل-101,لغة إنجليزية (1),4,0
كلية  التقنية التطبيقية,دبلوم,التقنية الكهربائية,تقنية الآلات كهربائية,برامج مفعله,31,69,الفصل التدريبي الأول ,8,17,حاسب-101,مقدمة تطبيقات الحاسب,0,4
الكلية التقنية,دبلوم,التقنية الكهربائية,تقنية الآلات كهربائية,برامج مفعله,31,69,الفصل التدريبي الأول ,8,17,حاسب-101,مقدمة تطبيقات الحاسب,0,4
كلية  التقنية التطبيقية,دبلوم,التقنية الكهربائية,تقنية الآلات كهربائية,برامج مفعله,31,69,الفصل التدريبي الأول ,8,17,رياض-121,الرياضيات,4,0
الكلية التقنية,دبلوم,التقنية الكهربائية,تقنية الآلات كهربائية,برامج مفعله,31,69,الفصل التدريبي الأول ,8,17,رياض-121,الرياضيات,4,0
الكلية التقنية,دبلوم,التقنية الكهربائية,تقنية الآلات كهربائية,برامج مفعله,31,69,الفصل التدريبي الأول ,8,17,فيزي-101,الفيزياء,2,2
كلية  التقنية التطبيقية,دبلوم,التقنية الكهربائية,تقنية الآلات كهربائية,برامج مفعله,31,69,الفصل التدريبي الأول ,8,17,فيزي-101,الفيزياء,2,2
الكلية التقنية,دبلوم,التقنية الكهربائية,تقنية الآلات كهربائية,برامج مفعله,31,69,الفصل التدريبي الأول ,8,17,كهرب-101,الرسم الفني الكهربائي,0,2
كلية  التقنية التطبيقية,دبلوم,التقنية الكهربائية,تقنية الآلات كهربائية,برامج مفعله,31,69,الفصل التدريبي الأول ,8,17,كهرب-101,الرسم الفني الكهربائي,0,2
كلية  التقنية التطبيقية,دبلوم,التقنية الكهربائية,تقنية الآلات كهربائية,برامج مفعله,31,69,الفصل التدريبي الأول ,8,17,كهرب-102,السلامة الصناعية,1,0
الكلية التقنية,دبلوم,التقنية الكهربائية,تقنية الآلات كهربائية,برامج مفعله,31,69,الفصل التدريبي الأول ,8,17,كهرب-102,السلامة الصناعية,1,0
الكلية التقنية,دبلوم,التقنية الكهربائية,تقنية الآلات كهربائية,برامج مفعله,31,69,الفصل التدريبي الأول ,8,17,كهرب-111,ورشة أساسيات الكهرباء,0,4
كلية  التقنية التطبيقية,دبلوم,التقنية الكهربائية,تقنية الآلات كهربائية,برامج مفعله,31,69,الفصل التدريبي الأول ,8,17,كهرب-111,ورشة أساسيات الكهرباء,0,4
الكلية التقنية,دبلوم,التقنية الكهربائية,تقنية الآلات كهربائية,برامج مفعله,31,69,الفصل التدريبي الأول ,8,17,كهرب-121,دوائر كهربائية-1,2,0
كلية  التقنية التطبيقية,دبلوم,التقنية الكهربائية,تقنية الآلات كهربائية,برامج مفعله,31,69,الفصل التدريبي الأول ,8,17,كهرب-121,دوائر كهربائية-1,2,0
الكلية التقنية,دبلوم,التقنية الكهربائية,تقنية الآلات كهربائية,برامج مفعله,31,69,الفصل التدريبي الثالث ,7,18,اسلم-101,الدراسات الإسلامية,2,0
كلية  التقنية التطبيقية,دبلوم,التقنية الكهربائية,تقنية الآلات كهربائية,برامج مفعله,31,69,الفصل التدريبي الثالث ,7,18,اسلم-101,الدراسات الإسلامية,2,0
الكلية التقنية,دبلوم,التقنية الكهربائية,تقنية الآلات كهربائية,برامج مفعله,31,69,الفصل التدريبي الثالث ,7,18,انجل-103,لغة إنجليزية (3),4,0
كلية  التقنية التطبيقية,دبلوم,التقنية الكهربائية,تقنية الآلات كهربائية,برامج مفعله,31,69,الفصل التدريبي الثالث ,7,18,انجل-103,لغة إنجليزية (3),4,0
الكلية التقنية,دبلوم,التقنية الكهربائية,تقنية الآلات كهربائية,برامج مفعله,31,69,الفصل التدريبي الثالث ,7,18,رياد-226,ريادة الاعمال في مجال الطاقة,1,2
كلية  التقنية التطبيقية,دبلوم,التقنية الكهربائية,تقنية الآلات كهربائية,برامج مفعله,31,69,الفصل التدريبي الثالث ,7,18,رياد-226,ريادة الاعمال في مجال الطاقة,1,2
الكلية التقنية,دبلوم,التقنية الكهربائية,تقنية الآلات كهربائية,برامج مفعله,31,69,الفصل التدريبي الثالث ,7,18,كهرآ-271,ورشة لف وصيانة المحركات الحثية ثلاثية الاوجه,0,4
كلية  التقنية التطبيقية,دبلوم,التقنية الكهربائية,تقنية الآلات كهربائية,برامج مفعله,31,69,الفصل التدريبي الثالث ,7,18,كهرآ-271,ورشة لف وصيانة المحركات الحثية ثلاثية الاوجه,0,4
كلية  التقنية التطبيقية,دبلوم,التقنية الكهربائية,تقنية الآلات كهربائية,برامج مفعله,31,69,الفصل التدريبي الثالث ,7,18,كهرب-224,الكترونيات القدرة,2,2
الكلية التقنية,دبلوم,التقنية الكهربائية,تقنية الآلات كهربائية,برامج مفعله,31,69,الفصل التدريبي الثالث ,7,18,كهرب-224,الكترونيات القدرة,2,2
الكلية التقنية,دبلوم,التقنية الكهربائية,تقنية الآلات كهربائية,برامج مفعله,31,69,الفصل التدريبي الثالث ,7,18,كهرب-232,آلات التيار المتردد,2,2
كلية  التقنية التطبيقية,دبلوم,التقنية الكهربائية,تقنية الآلات كهربائية,برامج مفعله,31,69,الفصل التدريبي الثالث ,7,18,كهرب-232,آلات التيار المتردد,2,2
كلية  التقنية التطبيقية,دبلوم,التقنية الكهربائية,تقنية الآلات كهربائية,برامج مفعله,31,69,الفصل التدريبي الثالث ,7,18,كهرب-242,تقنية التحكم الآلي,2,2
الكلية التقنية,دبلوم,التقنية الكهربائية,تقنية الآلات كهربائية,برامج مفعله,31,69,الفصل التدريبي الثالث ,7,18,كهرب-242,تقنية التحكم الآلي,2,2
كلية  التقنية التطبيقية,دبلوم,التقنية الكهربائية,تقنية الآلات كهربائية,برامج مفعله,31,69,الفصل التدريبي الثاني ,8,19,انجل-102,لغة إنجليزية (2),4,0
الكلية التقنية,دبلوم,التقنية الكهربائية,تقنية الآلات كهربائية,برامج مفعله,31,69,الفصل التدريبي الثاني ,8,19,انجل-102,لغة إنجليزية (2),4,0
الكلية التقنية,دبلوم,التقنية الكهربائية,تقنية الآلات كهربائية,برامج مفعله,31,69,الفصل التدريبي الثاني ,8,19,رياد-101,أساسيات ريادة الأعمال,2,0
كلية  التقنية التطبيقية,دبلوم,التقنية الكهربائية,تقنية الآلات كهربائية,برامج مفعله,31,69,الفصل التدريبي الثاني ,8,19,رياد-101,أساسيات ريادة الأعمال,2,0
الكلية التقنية,دبلوم,التقنية الكهربائية,تقنية الآلات كهربائية,برامج مفعله,31,69,الفصل التدريبي الثاني ,8,19,عربي-101,الكتابة الفنية,2,0
كلية  التقنية التطبيقية,دبلوم,التقنية الكهربائية,تقنية الآلات كهربائية,برامج مفعله,31,69,الفصل التدريبي الثاني ,8,19,عربي-101,الكتابة الفنية,2,0
الكلية التقنية,دبلوم,التقنية الكهربائية,تقنية الآلات كهربائية,برامج مفعله,31,69,الفصل التدريبي الثاني ,8,19,كهرآ-254,ورشة التركيبات الصناعية الخاصة,0,6
كلية  التقنية التطبيقية,دبلوم,التقنية الكهربائية,تقنية الآلات كهربائية,برامج مفعله,31,69,الفصل التدريبي الثاني ,8,19,كهرآ-254,ورشة التركيبات الصناعية الخاصة,0,6
كلية  التقنية التطبيقية,دبلوم,التقنية الكهربائية,تقنية الآلات كهربائية,برامج مفعله,31,69,الفصل التدريبي الثاني ,8,19,كهرب-122,دوائر كهربائية-2,2,0
الكلية التقنية,دبلوم,التقنية الكهربائية,تقنية الآلات كهربائية,برامج مفعله,31,69,الفصل التدريبي الثاني ,8,19,كهرب-122,دوائر كهربائية-2,2,0
كلية  التقنية التطبيقية,دبلوم,التقنية الكهربائية,تقنية الآلات كهربائية,برامج مفعله,31,69,الفصل التدريبي الثاني ,8,19,كهرب-123,أجهزة وقياسات كهربائية,0,2
الكلية التقنية,دبلوم,التقنية الكهربائية,تقنية الآلات كهربائية,برامج مفعله,31,69,الفصل التدريبي الثاني ,8,19,كهرب-123,أجهزة وقياسات كهربائية,0,2
الكلية التقنية,دبلوم,التقنية الكهربائية,تقنية الآلات كهربائية,برامج مفعله,31,69,الفصل التدريبي الثاني ,8,19,كهرب-131,آلات التيار المستمر والمحولات,2,2
كلية  التقنية التطبيقية,دبلوم,التقنية الكهربائية,تقنية الآلات كهربائية,برامج مفعله,31,69,الفصل التدريبي الثاني ,8,19,كهرب-131,آلات التيار المستمر والمحولات,2,2
الكلية التقنية,دبلوم,التقنية الكهربائية,تقنية الآلات كهربائية,برامج مفعله,31,69,الفصل التدريبي الثاني ,8,19,كهرب-141,تقنية التحكم المبرمج,2,2
كلية  التقنية التطبيقية,دبلوم,التقنية الكهربائية,تقنية الآلات كهربائية,برامج مفعله,31,69,الفصل التدريبي الثاني ,8,19,كهرب-141,تقنية التحكم المبرمج,2,2
الكلية التقنية,دبلوم,التقنية الكهربائية,تقنية الآلات كهربائية,برامج مفعله,31,69,الفصل التدريبي الخامس ,1,2, كهرآ-288,المشروع الإنتاجي,0,0
كلية  التقنية التطبيقية,دبلوم,التقنية الكهربائية,تقنية الآلات كهربائية,برامج مفعله,31,69,الفصل التدريبي الخامس ,1,2, كهرآ-288,المشروع الإنتاجي,0,0
كلية  التقنية التطبيقية,دبلوم,التقنية الكهربائية,تقنية الآلات كهربائية,برامج مفعله,31,69,الفصل التدريبي الخامس ,1,2,كهرآ-299,التدريب التعاوني,0,0
الكلية التقنية,دبلوم,التقنية الكهربائية,تقنية الآلات كهربائية,برامج مفعله,31,69,الفصل التدريبي الخامس ,1,2,كهرآ-299,التدريب التعاوني,0,0
كلية  التقنية التطبيقية,دبلوم,التقنية الكهربائية,تقنية الآلات كهربائية,برامج مفعله,31,69,الفصل التدريبي الرابع ,7,13,اسلك-201,السلوك الوظيفي والمستقبل المهني,2,0
الكلية التقنية,دبلوم,التقنية الكهربائية,تقنية الآلات كهربائية,برامج مفعله,31,69,الفصل التدريبي الرابع ,7,13,اسلك-201,السلوك الوظيفي والمستقبل المهني,2,0
الكلية التقنية,دبلوم,التقنية الكهربائية,تقنية الآلات كهربائية,برامج مفعله,31,69,الفصل التدريبي الرابع ,7,13,كهرآ-234,الآلات الكهربائية الصغيرة,2,0
كلية  التقنية التطبيقية,دبلوم,التقنية الكهربائية,تقنية الآلات كهربائية,برامج مفعله,31,69,الفصل التدريبي الرابع ,7,13,كهرآ-234,الآلات الكهربائية الصغيرة,2,0
كلية  التقنية التطبيقية,دبلوم,التقنية الكهربائية,تقنية الآلات كهربائية,برامج مفعله,31,69,الفصل التدريبي الرابع ,7,13,كهرآ-242,التحكم الالكتروني في الالات,1,2
الكلية التقنية,دبلوم,التقنية الكهربائية,تقنية الآلات كهربائية,برامج مفعله,31,69,الفصل التدريبي الرابع ,7,13,كهرآ-242,التحكم الالكتروني في الالات,1,2
الكلية التقنية,دبلوم,التقنية الكهربائية,تقنية الآلات كهربائية,برامج مفعله,31,69,الفصل التدريبي الرابع ,7,13,كهرآ-245,التحريك الكهربائي,2,0
كلية  التقنية التطبيقية,دبلوم,التقنية الكهربائية,تقنية الآلات كهربائية,برامج مفعله,31,69,الفصل التدريبي الرابع ,7,13,كهرآ-245,التحريك الكهربائي,2,0
الكلية التقنية,دبلوم,التقنية الكهربائية,تقنية الآلات كهربائية,برامج مفعله,31,69,الفصل التدريبي الرابع ,7,13,كهرآ-266,محطات التوليد وطرق الحماية,2,2
كلية  التقنية التطبيقية,دبلوم,التقنية الكهربائية,تقنية الآلات كهربائية,برامج مفعله,31,69,الفصل التدريبي الرابع ,7,13,كهرآ-266,محطات التوليد وطرق الحماية,2,2
كلية  التقنية التطبيقية,دبلوم,التقنية الكهربائية,تقنية الآلات كهربائية,برامج مفعله,31,69,الفصل التدريبي الرابع ,7,13,كهرآ-272,ورشة لف وإصلاح الآلات احادية ا,0,4
الكلية التقنية,دبلوم,التقنية الكهربائية,تقنية الآلات كهربائية,برامج مفعله,31,69,الفصل التدريبي الرابع ,7,13,كهرآ-272,ورشة لف وإصلاح الآلات احادية ا,0,4
الكلية التقنية,دبلوم,التقنية الكهربائية,تقنية الآلات كهربائية,برامج مفعله,31,69,الفصل التدريبي الرابع ,7,13,كهرب-244,ورشة التحكم في المحركات الكهرب,0,4
كلية  التقنية التطبيقية,دبلوم,التقنية الكهربائية,تقنية الآلات كهربائية,برامج مفعله,31,69,الفصل التدريبي الرابع ,7,13,كهرب-244,ورشة التحكم في المحركات الكهرب,0,4
الكلية التقنية,دبلوم,الحاسب وتقنية المعلومات,تقنية البرمجة وتطوير الويب,برامج مفعله,27,71,الفصل التدريبي الأول ,6,17,انجل-101,لغة إنجليزية (1),4,0
كلية  التقنية التطبيقية,دبلوم,الحاسب وتقنية المعلومات,تقنية البرمجة وتطوير الويب,برامج مفعله,27,71,الفصل التدريبي الأول ,6,17,انجل-101,لغة إنجليزية (1),4,0
كلية الاتصالات والمعلومات,دبلوم,الحاسب وتقنية المعلومات,تقنية البرمجة وتطوير الويب,برامج مفعله,27,71,الفصل التدريبي الأول ,6,17,انجل-101,لغة إنجليزية (1),4,0
كلية الاتصالات والمعلومات,دبلوم,الحاسب وتقنية المعلومات,تقنية البرمجة وتطوير الويب,برامج مفعله,27,71,الفصل التدريبي الأول ,6,17,برمج-101,الخوارزميات والمنطق,2,2
كلية  التقنية التطبيقية,دبلوم,الحاسب وتقنية المعلومات,تقنية البرمجة وتطوير الويب,برامج مفعله,27,71,الفصل التدريبي الأول ,6,17,برمج-101,الخوارزميات والمنطق,2,2
الكلية التقنية,دبلوم,الحاسب وتقنية المعلومات,تقنية البرمجة وتطوير الويب,برامج مفعله,27,71,الفصل التدريبي الأول ,6,17,برمج-101,الخوارزميات والمنطق,2,2
كلية الاتصالات والمعلومات,دبلوم,الحاسب وتقنية المعلومات,تقنية البرمجة وتطوير الويب,برامج مفعله,27,71,الفصل التدريبي الأول ,6,17,حاسب-101,مقدمة تطبيقات الحاسب,0,4
كلية  التقنية التطبيقية,دبلوم,الحاسب وتقنية المعلومات,تقنية البرمجة وتطوير الويب,برامج مفعله,27,71,الفصل التدريبي الأول ,6,17,حاسب-101,مقدمة تطبيقات الحاسب,0,4
الكلية التقنية,دبلوم,الحاسب وتقنية المعلومات,تقنية البرمجة وتطوير الويب,برامج مفعله,27,71,الفصل التدريبي الأول ,6,17,حاسب-101,مقدمة تطبيقات الحاسب,0,4
كلية الاتصالات والمعلومات,دبلوم,الحاسب وتقنية المعلومات,تقنية البرمجة وتطوير الويب,برامج مفعله,27,71,الفصل التدريبي الأول ,6,17,حاسب-121,تجميع الحاسب وتشغيله,1,4
الكلية التقنية,دبلوم,الحاسب وتقنية المعلومات,تقنية البرمجة وتطوير الويب,برامج مفعله,27,71,الفصل التدريبي الأول ,6,17,حاسب-121,تجميع الحاسب وتشغيله,1,4
كلية  التقنية التطبيقية,دبلوم,الحاسب وتقنية المعلومات,تقنية البرمجة وتطوير الويب,برامج مفعله,27,71,الفصل التدريبي الأول ,6,17,حاسب-121,تجميع الحاسب وتشغيله,1,4
كلية الاتصالات والمعلومات,دبلوم,الحاسب وتقنية المعلومات,تقنية البرمجة وتطوير الويب,برامج مفعله,27,71,الفصل التدريبي الأول ,6,17,رياض-101,الرياضيات,4,0
الكلية التقنية,دبلوم,الحاسب وتقنية المعلومات,تقنية البرمجة وتطوير الويب,برامج مفعله,27,71,الفصل التدريبي الأول ,6,17,رياض-101,الرياضيات,4,0
كلية  التقنية التطبيقية,دبلوم,الحاسب وتقنية المعلومات,تقنية البرمجة وتطوير الويب,برامج مفعله,27,71,الفصل التدريبي الأول ,6,17,رياض-101,الرياضيات,4,0
كلية الاتصالات والمعلومات,دبلوم,الحاسب وتقنية المعلومات,تقنية البرمجة وتطوير الويب,برامج مفعله,27,71,الفصل التدريبي الأول ,6,17,فيزي-101,الفيزياء,2,2
كلية  التقنية التطبيقية,دبلوم,الحاسب وتقنية المعلومات,تقنية البرمجة وتطوير الويب,برامج مفعله,27,71,الفصل التدريبي الأول ,6,17,فيزي-101,الفيزياء,2,2
الكلية التقنية,دبلوم,الحاسب وتقنية المعلومات,تقنية البرمجة وتطوير الويب,برامج مفعله,27,71,الفصل التدريبي الأول ,6,17,فيزي-101,الفيزياء,2,2
كلية الاتصالات والمعلومات,دبلوم,الحاسب وتقنية المعلومات,تقنية البرمجة وتطوير الويب,برامج مفعله,27,71,الفصل التدريبي الثالث ,6,18,انجل-103,لغة إنجليزية (3),4,0
كلية  التقنية التطبيقية,دبلوم,الحاسب وتقنية المعلومات,تقنية البرمجة وتطوير الويب,برامج مفعله,27,71,الفصل التدريبي الثالث ,6,18,انجل-103,لغة إنجليزية (3),4,0
الكلية التقنية,دبلوم,الحاسب وتقنية المعلومات,تقنية البرمجة وتطوير الويب,برامج مفعله,27,71,الفصل التدريبي الثالث ,6,18,انجل-103,لغة إنجليزية (3),4,0
كلية الاتصالات والمعلومات,دبلوم,الحاسب وتقنية المعلومات,تقنية البرمجة وتطوير الويب,برامج مفعله,27,71,الفصل التدريبي الثالث ,6,18,برمج-212,برمجة الحاسب,2,4
الكلية التقنية,دبلوم,الحاسب وتقنية المعلومات,تقنية البرمجة وتطوير الويب,برامج مفعله,27,71,الفصل التدريبي الثالث ,6,18,برمج-212,برمجة الحاسب,2,4
كلية  التقنية التطبيقية,دبلوم,الحاسب وتقنية المعلومات,تقنية البرمجة وتطوير الويب,برامج مفعله,27,71,الفصل التدريبي الثالث ,6,18,برمج-212,برمجة الحاسب,2,4
كلية  التقنية التطبيقية,دبلوم,الحاسب وتقنية المعلومات,تقنية البرمجة وتطوير الويب,برامج مفعله,27,71,الفصل التدريبي الثالث ,6,18,برمج-222,برمجة قواعد البيانات,1,4
الكلية التقنية,دبلوم,الحاسب وتقنية المعلومات,تقنية البرمجة وتطوير الويب,برامج مفعله,27,71,الفصل التدريبي الثالث ,6,18,برمج-222,برمجة قواعد البيانات,1,4
كلية الاتصالات والمعلومات,دبلوم,الحاسب وتقنية المعلومات,تقنية البرمجة وتطوير الويب,برامج مفعله,27,71,الفصل التدريبي الثالث ,6,18,برمج-222,برمجة قواعد البيانات,1,4
كلية  التقنية التطبيقية,دبلوم,الحاسب وتقنية المعلومات,تقنية البرمجة وتطوير الويب,برامج مفعله,27,71,الفصل التدريبي الثالث ,6,18,برمج-232,برمجة الانترنت,2,4
الكلية التقنية,دبلوم,الحاسب وتقنية المعلومات,تقنية البرمجة وتطوير الويب,برامج مفعله,27,71,الفصل التدريبي الثالث ,6,18,برمج-232,برمجة الانترنت,2,4
كلية الاتصالات والمعلومات,دبلوم,الحاسب وتقنية المعلومات,تقنية البرمجة وتطوير الويب,برامج مفعله,27,71,الفصل التدريبي الثالث ,6,18,برمج-232,برمجة الانترنت,2,4
الكلية التقنية,دبلوم,الحاسب وتقنية المعلومات,تقنية البرمجة وتطوير الويب,برامج مفعله,27,71,الفصل التدريبي الثالث ,6,18,برمج-241,هندسة البرمجيات,1,2
كلية الاتصالات والمعلومات,دبلوم,الحاسب وتقنية المعلومات,تقنية البرمجة وتطوير الويب,برامج مفعله,27,71,الفصل التدريبي الثالث ,6,18,برمج-241,هندسة البرمجيات,1,2
كلية  التقنية التطبيقية,دبلوم,الحاسب وتقنية المعلومات,تقنية البرمجة وتطوير الويب,برامج مفعله,27,71,الفصل التدريبي الثالث ,6,18,برمج-241,هندسة البرمجيات,1,2
الكلية التقنية,دبلوم,الحاسب وتقنية المعلومات,تقنية البرمجة وتطوير الويب,برامج مفعله,27,71,الفصل التدريبي الثالث ,6,18,رياد-212,ريادة اعمال الحاسب وتقنية المعلومات,1,2
كلية الاتصالات والمعلومات,دبلوم,الحاسب وتقنية المعلومات,تقنية البرمجة وتطوير الويب,برامج مفعله,27,71,الفصل التدريبي الثالث ,6,18,رياد-212,ريادة اعمال الحاسب وتقنية المعلومات,1,2
كلية  التقنية التطبيقية,دبلوم,الحاسب وتقنية المعلومات,تقنية البرمجة وتطوير الويب,برامج مفعله,27,71,الفصل التدريبي الثالث ,6,18,رياد-212,ريادة اعمال الحاسب وتقنية المعلومات,1,2
الكلية التقنية,دبلوم,الحاسب وتقنية المعلومات,تقنية البرمجة وتطوير الويب,برامج مفعله,27,71,الفصل التدريبي الثاني ,7,18,انجل-102,لغة إنجليزية (2),4,0
كلية الاتصالات والمعلومات,دبلوم,الحاسب وتقنية المعلومات,تقنية البرمجة وتطوير الويب,برامج مفعله,27,71,الفصل التدريبي الثاني ,7,18,انجل-102,لغة إنجليزية (2),4,0
كلية  التقنية التطبيقية,دبلوم,الحاسب وتقنية المعلومات,تقنية البرمجة وتطوير الويب,برامج مفعله,27,71,الفصل التدريبي الثاني ,7,18,انجل-102,لغة إنجليزية (2),4,0
الكلية التقنية,دبلوم,الحاسب وتقنية المعلومات,تقنية البرمجة وتطوير الويب,برامج مفعله,27,71,الفصل التدريبي الثاني ,7,18,برمج-111,أساسيات برمجة الحاسب,2,4
كلية الاتصالات والمعلومات,دبلوم,الحاسب وتقنية المعلومات,تقنية البرمجة وتطوير الويب,برامج مفعله,27,71,الفصل التدريبي الثاني ,7,18,برمج-111,أساسيات برمجة الحاسب,2,4
كلية  التقنية التطبيقية,دبلوم,الحاسب وتقنية المعلومات,تقنية البرمجة وتطوير الويب,برامج مفعله,27,71,الفصل التدريبي الثاني ,7,18,برمج-111,أساسيات برمجة الحاسب,2,4
كلية الاتصالات والمعلومات,دبلوم,الحاسب وتقنية المعلومات,تقنية البرمجة وتطوير الويب,برامج مفعله,27,71,الفصل التدريبي الثاني ,7,18,برمج-121,مبادئ قواعد البيانات,1,2
كلية  التقنية التطبيقية,دبلوم,الحاسب وتقنية المعلومات,تقنية البرمجة وتطوير الويب,برامج مفعله,27,71,الفصل التدريبي الثاني ,7,18,برمج-121,مبادئ قواعد البيانات,1,2
الكلية التقنية,دبلوم,الحاسب وتقنية المعلومات,تقنية البرمجة وتطوير الويب,برامج مفعله,27,71,الفصل التدريبي الثاني ,7,18,برمج-121,مبادئ قواعد البيانات,1,2
الكلية التقنية,دبلوم,الحاسب وتقنية المعلومات,تقنية البرمجة وتطوير الويب,برامج مفعله,27,71,الفصل التدريبي الثاني ,7,18,برمج-131,مبادئ برمجة صفحات الانترنت,2,2
كلية الاتصالات والمعلومات,دبلوم,الحاسب وتقنية المعلومات,تقنية البرمجة وتطوير الويب,برامج مفعله,27,71,الفصل التدريبي الثاني ,7,18,برمج-131,مبادئ برمجة صفحات الانترنت,2,2
كلية  التقنية التطبيقية,دبلوم,الحاسب وتقنية المعلومات,تقنية البرمجة وتطوير الويب,برامج مفعله,27,71,الفصل التدريبي الثاني ,7,18,برمج-131,مبادئ برمجة صفحات الانترنت,2,2
كلية  التقنية التطبيقية,دبلوم,الحاسب وتقنية المعلومات,تقنية البرمجة وتطوير الويب,برامج مفعله,27,71,الفصل التدريبي الثاني ,7,18,حاسب-102,تطبيقات الحاسب المتقدمة,0,4
كلية الاتصالات والمعلومات,دبلوم,الحاسب وتقنية المعلومات,تقنية البرمجة وتطوير الويب,برامج مفعله,27,71,الفصل التدريبي الثاني ,7,18,حاسب-102,تطبيقات الحاسب المتقدمة,0,4
الكلية التقنية,دبلوم,الحاسب وتقنية المعلومات,تقنية البرمجة وتطوير الويب,برامج مفعله,27,71,الفصل التدريبي الثاني ,7,18,حاسب-102,تطبيقات الحاسب المتقدمة,0,4
كلية الاتصالات والمعلومات,دبلوم,الحاسب وتقنية المعلومات,تقنية البرمجة وتطوير الويب,برامج مفعله,27,71,الفصل التدريبي الثاني ,7,18,رياد-101,أساسيات ريادة الأعمال,2,0
الكلية التقنية,دبلوم,الحاسب وتقنية المعلومات,تقنية البرمجة وتطوير الويب,برامج مفعله,27,71,الفصل التدريبي الثاني ,7,18,رياد-101,أساسيات ريادة الأعمال,2,0
كلية  التقنية التطبيقية,دبلوم,الحاسب وتقنية المعلومات,تقنية البرمجة وتطوير الويب,برامج مفعله,27,71,الفصل التدريبي الثاني ,7,18,رياد-101,أساسيات ريادة الأعمال,2,0
الكلية التقنية,دبلوم,الحاسب وتقنية المعلومات,تقنية البرمجة وتطوير الويب,برامج مفعله,27,71,الفصل التدريبي الثاني ,7,18,عربي-101,الكتابة الفنية,2,0
كلية  التقنية التطبيقية,دبلوم,الحاسب وتقنية المعلومات,تقنية البرمجة وتطوير الويب,برامج مفعله,27,71,الفصل التدريبي الثاني ,7,18,عربي-101,الكتابة الفنية,2,0
كلية الاتصالات والمعلومات,دبلوم,الحاسب وتقنية المعلومات,تقنية البرمجة وتطوير الويب,برامج مفعله,27,71,الفصل التدريبي الثاني ,7,18,عربي-101,الكتابة الفنية,2,0
الكلية التقنية,دبلوم,الحاسب وتقنية المعلومات,تقنية البرمجة وتطوير الويب,برامج مفعله,27,71,الفصل التدريبي الخامس ,1,2, برمج-288,المشروع الإنتاجي,0,0
كلية الاتصالات والمعلومات,دبلوم,الحاسب وتقنية المعلومات,تقنية البرمجة وتطوير الويب,برامج مفعله,27,71,الفصل التدريبي الخامس ,1,2, برمج-288,المشروع الإنتاجي,0,0
كلية  التقنية التطبيقية,دبلوم,الحاسب وتقنية المعلومات,تقنية البرمجة وتطوير الويب,برامج مفعله,27,71,الفصل التدريبي الخامس ,1,2, برمج-299,التدريب التعاوني,0,0
كلية  التقنية التطبيقية,دبلوم,الحاسب وتقنية المعلومات,تقنية البرمجة وتطوير الويب,برامج مفعله,27,71,الفصل التدريبي الخامس ,1,2,برمج-288,المشروع الإنتاجي,0,0
الكلية التقنية,دبلوم,الحاسب وتقنية المعلومات,تقنية البرمجة وتطوير الويب,برامج مفعله,27,71,الفصل التدريبي الخامس ,1,2,برمج-299,التدريب التعاوني,0,0
كلية الاتصالات والمعلومات,دبلوم,الحاسب وتقنية المعلومات,تقنية البرمجة وتطوير الويب,برامج مفعله,27,71,الفصل التدريبي الخامس ,1,2,برمج-299,التدريب التعاوني,0,0
الكلية التقنية,دبلوم,الحاسب وتقنية المعلومات,تقنية البرمجة وتطوير الويب,برامج مفعله,27,71,الفصل التدريبي الرابع ,7,16,اسلك-201,السلوك الوظيفي والمستقبل المهني,2,0
كلية الاتصالات والمعلومات,دبلوم,الحاسب وتقنية المعلومات,تقنية البرمجة وتطوير الويب,برامج مفعله,27,71,الفصل التدريبي الرابع ,7,16,اسلك-201,السلوك الوظيفي والمستقبل المهني,2,0
كلية  التقنية التطبيقية,دبلوم,الحاسب وتقنية المعلومات,تقنية البرمجة وتطوير الويب,برامج مفعله,27,71,الفصل التدريبي الرابع ,7,16,اسلك-201,السلوك الوظيفي والمستقبل المهني,2,0
كلية الاتصالات والمعلومات,دبلوم,الحاسب وتقنية المعلومات,تقنية البرمجة وتطوير الويب,برامج مفعله,27,71,الفصل التدريبي الرابع ,7,16,اسلم-101,الدراسات الإسلامية,2,0
الكلية التقنية,دبلوم,الحاسب وتقنية المعلومات,تقنية البرمجة وتطوير الويب,برامج مفعله,27,71,الفصل التدريبي الرابع ,7,16,اسلم-101,الدراسات الإسلامية,2,0
كلية  التقنية التطبيقية,دبلوم,الحاسب وتقنية المعلومات,تقنية البرمجة وتطوير الويب,برامج مفعله,27,71,الفصل التدريبي الرابع ,7,16,اسلم-101,الدراسات الإسلامية,2,0
الكلية التقنية,دبلوم,الحاسب وتقنية المعلومات,تقنية البرمجة وتطوير الويب,برامج مفعله,27,71,الفصل التدريبي الرابع ,7,16,انجل-204,لغة إنجليزية (4 ),4,0
كلية  التقنية التطبيقية,دبلوم,الحاسب وتقنية المعلومات,تقنية البرمجة وتطوير الويب,برامج مفعله,27,71,الفصل التدريبي الرابع ,7,16,انجل-204,لغة إنجليزية (4 ),4,0
كلية الاتصالات والمعلومات,دبلوم,الحاسب وتقنية المعلومات,تقنية البرمجة وتطوير الويب,برامج مفعله,27,71,الفصل التدريبي الرابع ,7,16,انجل-204,لغة إنجليزية (4 ),4,0
كلية  التقنية التطبيقية,دبلوم,الحاسب وتقنية المعلومات,تقنية البرمجة وتطوير الويب,برامج مفعله,27,71,الفصل التدريبي الرابع ,7,16,برمج-234,تقنيات الانترنت المتقدمة,1,2
الكلية التقنية,دبلوم,الحاسب وتقنية المعلومات,تقنية البرمجة وتطوير الويب,برامج مفعله,27,71,الفصل التدريبي الرابع ,7,16,برمج-234,تقنيات الانترنت المتقدمة,1,2
كلية الاتصالات والمعلومات,دبلوم,الحاسب وتقنية المعلومات,تقنية البرمجة وتطوير الويب,برامج مفعله,27,71,الفصل التدريبي الرابع ,7,16,برمج-234,تقنيات الانترنت المتقدمة,1,2
الكلية التقنية,دبلوم,الحاسب وتقنية المعلومات,تقنية البرمجة وتطوير الويب,برامج مفعله,27,71,الفصل التدريبي الرابع ,7,16,برمج-251,برمجة الأجهزة الذكية,2,4
كلية الاتصالات والمعلومات,دبلوم,الحاسب وتقنية المعلومات,تقنية البرمجة وتطوير الويب,برامج مفعله,27,71,الفصل التدريبي الرابع ,7,16,برمج-251,برمجة الأجهزة الذكية,2,4
كلية  التقنية التطبيقية,دبلوم,الحاسب وتقنية المعلومات,تقنية البرمجة وتطوير الويب,برامج مفعله,27,71,الفصل التدريبي الرابع ,7,16,برمج-251,برمجة الأجهزة الذكية,2,4
كلية  التقنية التطبيقية,دبلوم,الحاسب وتقنية المعلومات,تقنية البرمجة وتطوير الويب,برامج مفعله,27,71,الفصل التدريبي الرابع ,7,16,برمج-295,مشروع,1,2
الكلية التقنية,دبلوم,الحاسب وتقنية المعلومات,تقنية البرمجة وتطوير الويب,برامج مفعله,27,71,الفصل التدريبي الرابع ,7,16,برمج-295,مشروع,1,2
كلية الاتصالات والمعلومات,دبلوم,الحاسب وتقنية المعلومات,تقنية البرمجة وتطوير الويب,برامج مفعله,27,71,الفصل التدريبي الرابع ,7,16,برمج-295,مشروع,1,2
الكلية التقنية,دبلوم,الحاسب وتقنية المعلومات,تقنية البرمجة وتطوير الويب,برامج مفعله,27,71,الفصل التدريبي الرابع ,7,16,حاسب-280,التأهيل للشهادات الاحترافية,1,0
كلية الاتصالات والمعلومات,دبلوم,الحاسب وتقنية المعلومات,تقنية البرمجة وتطوير الويب,برامج مفعله,27,71,الفصل التدريبي الرابع ,7,16,حاسب-280,التأهيل للشهادات الاحترافية,1,0
كلية  التقنية التطبيقية,دبلوم,الحاسب وتقنية المعلومات,تقنية البرمجة وتطوير الويب,برامج مفعله,27,71,الفصل التدريبي الرابع ,7,16,حاسب-280,التأهيل للشهادات الاحترافية,1,0
الكلية التقنية,دبلوم,التقنية الميكانيكية,تقنية التبريد وتكييف الهواء,برامج مفعله,30,71,الفصل التدريبي الأول ,8,19,انجل-101,لغة إنجليزية (1),4,0
الكلية التقنية,دبلوم,التقنية الميكانيكية,تقنية التبريد وتكييف الهواء,برامج مفعله,30,71,الفصل التدريبي الأول ,8,19,حاسب-101,مقدمة تطبيقات الحاسب,0,4
الكلية التقنية,دبلوم,التقنية الميكانيكية,تقنية التبريد وتكييف الهواء,برامج مفعله,30,71,الفصل التدريبي الأول ,8,19,رياض-121,الرياضيات,4,0
الكلية التقنية,دبلوم,التقنية الميكانيكية,تقنية التبريد وتكييف الهواء,برامج مفعله,30,71,الفصل التدريبي الأول ,8,19,فيزي-101,الفيزياء,2,2
الكلية التقنية,دبلوم,التقنية الميكانيكية,تقنية التبريد وتكييف الهواء,برامج مفعله,30,71,الفصل التدريبي الأول ,8,19,مبرد-101,السلامة المهنية,1,0
الكلية التقنية,دبلوم,التقنية الميكانيكية,تقنية التبريد وتكييف الهواء,برامج مفعله,30,71,الفصل التدريبي الأول ,8,19,مبرد-111,القياسات,0,2
الكلية التقنية,دبلوم,التقنية الميكانيكية,تقنية التبريد وتكييف الهواء,برامج مفعله,30,71,الفصل التدريبي الأول ,8,19,مبرد-112,أساسيات الحراريات و الموائع,4,0
الكلية التقنية,دبلوم,التقنية الميكانيكية,تقنية التبريد وتكييف الهواء,برامج مفعله,30,71,الفصل التدريبي الأول ,8,19,مبرد-113,أسس التقنية الكهربائية والإلكترونية للتبريد,2,2
الكلية التقنية,دبلوم,التقنية الميكانيكية,تقنية التبريد وتكييف الهواء,برامج مفعله,30,71,الفصل التدريبي الثالث ,6,15,انجل-103,لغة إنجليزية (3),4,0
الكلية التقنية,دبلوم,التقنية الميكانيكية,تقنية التبريد وتكييف الهواء,برامج مفعله,30,71,الفصل التدريبي الثالث ,6,15,رياد-236,ريادة اعمال التبريد والتكييف,1,2
الكلية التقنية,دبلوم,التقنية الميكانيكية,تقنية التبريد وتكييف الهواء,برامج مفعله,30,71,الفصل التدريبي الثالث ,6,15,مبرد-203,ورشة التبريد التجاري,0,4
الكلية التقنية,دبلوم,التقنية الميكانيكية,تقنية التبريد وتكييف الهواء,برامج مفعله,30,71,الفصل التدريبي الثالث ,6,15,مبرد-232,نظم ومعدات التبريد,2,2
الكلية التقنية,دبلوم,التقنية الميكانيكية,تقنية التبريد وتكييف الهواء,برامج مفعله,30,71,الفصل التدريبي الثالث ,6,15,مبرد-233,نظم ومعدات تكييف الهواء,2,2
الكلية التقنية,دبلوم,التقنية الميكانيكية,تقنية التبريد وتكييف الهواء,برامج مفعله,30,71,الفصل التدريبي الثالث ,6,15,مبرد-242,الرسم الفني للتبريد وتكييف الهواء,0,4
الكلية التقنية,دبلوم,التقنية الميكانيكية,تقنية التبريد وتكييف الهواء,برامج مفعله,30,71,الفصل التدريبي الثاني ,8,19,انجل-102,لغة إنجليزية (2),4,0
الكلية التقنية,دبلوم,التقنية الميكانيكية,تقنية التبريد وتكييف الهواء,برامج مفعله,30,71,الفصل التدريبي الثاني ,8,19,رياد-101,أساسيات ريادة الأعمال,2,0
الكلية التقنية,دبلوم,التقنية الميكانيكية,تقنية التبريد وتكييف الهواء,برامج مفعله,30,71,الفصل التدريبي الثاني ,8,19,عربي-101,الكتابة الفنية,2,0
الكلية التقنية,دبلوم,التقنية الميكانيكية,تقنية التبريد وتكييف الهواء,برامج مفعله,30,71,الفصل التدريبي الثاني ,8,19,مبرد-102,ورشة اساسيات تقنية التبريد وتكييف الهواء,0,6
الكلية التقنية,دبلوم,التقنية الميكانيكية,تقنية التبريد وتكييف الهواء,برامج مفعله,30,71,الفصل التدريبي الثاني ,8,19,مبرد-121,أساسيات تقنية التبريد,2,2
الكلية التقنية,دبلوم,التقنية الميكانيكية,تقنية التبريد وتكييف الهواء,برامج مفعله,30,71,الفصل التدريبي الثاني ,8,19,مبرد-122,أساسيات تقنية تكييف الهواء,2,2
الكلية التقنية,دبلوم,التقنية الميكانيكية,تقنية التبريد وتكييف الهواء,برامج مفعله,30,71,الفصل التدريبي الثاني ,8,19,مبرد-131,أساسيات التحكم في أنظمة التبريد وتكييف الهواء,1,2
الكلية التقنية,دبلوم,التقنية الميكانيكية,تقنية التبريد وتكييف الهواء,برامج مفعله,30,71,الفصل التدريبي الثاني ,8,19,مبرد-141,رسم هندسي,0,2
الكلية التقنية,دبلوم,التقنية الميكانيكية,تقنية التبريد وتكييف الهواء,برامج مفعله,30,71,الفصل التدريبي الخامس ,1,2, مبرد-288,المشروع الإنتاجي,0,0
الكلية التقنية,دبلوم,التقنية الميكانيكية,تقنية التبريد وتكييف الهواء,برامج مفعله,30,71,الفصل التدريبي الخامس ,1,2,مبرد-299,التدريب التعاوني,0,0
الكلية التقنية,دبلوم,التقنية الميكانيكية,تقنية التبريد وتكييف الهواء,برامج مفعله,30,71,الفصل التدريبي الرابع ,7,16,اسلك-201,السلوك الوظيفي والمستقبل المهني,2,0
الكلية التقنية,دبلوم,التقنية الميكانيكية,تقنية التبريد وتكييف الهواء,برامج مفعله,30,71,الفصل التدريبي الرابع ,7,16,اسلم-101,الدراسات الإسلامية,2,0
الكلية التقنية,دبلوم,التقنية الميكانيكية,تقنية التبريد وتكييف الهواء,برامج مفعله,30,71,الفصل التدريبي الرابع ,7,16,مبرد-204,ورشة تكيف الهواء,0,4
الكلية التقنية,دبلوم,التقنية الميكانيكية,تقنية التبريد وتكييف الهواء,برامج مفعله,30,71,الفصل التدريبي الرابع ,7,16,مبرد-234,أنظمة التحكم في التبريد وتكييف الهواء,2,2
الكلية التقنية,دبلوم,التقنية الميكانيكية,تقنية التبريد وتكييف الهواء,برامج مفعله,30,71,الفصل التدريبي الرابع ,7,16,مبرد-243,تطبيقات الحاسب الآلي في التبريد وتكييف الهواء,0,2
الكلية التقنية,دبلوم,التقنية الميكانيكية,تقنية التبريد وتكييف الهواء,برامج مفعله,30,71,الفصل التدريبي الرابع ,7,16,مبرد-261,تكيف الهواء المركزي,2,2
الكلية التقنية,دبلوم,التقنية الميكانيكية,تقنية التبريد وتكييف الهواء,برامج مفعله,30,71,الفصل التدريبي الرابع ,7,16,مبرد-271,صيانة أنظمة التبريد وتكييف الهواء,1,4
الكلية التقنية,دبلوم,تقنية الاعمال,تقنية التجارة الالكترونية,برامج مفعله,28,68,الفصل التدريبي الأول ,7,18,ادار-101,مبادئ إدارة الأعمال,4,0
الكلية التقنية,دبلوم,تقنية الاعمال,تقنية التجارة الالكترونية,برامج مفعله,28,68,الفصل التدريبي الأول ,7,18,انجل-111,لغة إنجليزية (1),4,0
الكلية التقنية,دبلوم,تقنية الاعمال,تقنية التجارة الالكترونية,برامج مفعله,28,68,الفصل التدريبي الأول ,7,18,تجار-101,مفاهيم التجارة الإلكترونية,2,0
الكلية التقنية,دبلوم,تقنية الاعمال,تقنية التجارة الالكترونية,برامج مفعله,28,68,الفصل التدريبي الأول ,7,18,تسوق-111,مبادئ التسويق,4,0
الكلية التقنية,دبلوم,تقنية الاعمال,تقنية التجارة الالكترونية,برامج مفعله,28,68,الفصل التدريبي الأول ,7,18,حاسب-101,مقدمة تطبيقات الحاسب,0,4
الكلية التقنية,دبلوم,تقنية الاعمال,تقنية التجارة الالكترونية,برامج مفعله,28,68,الفصل التدريبي الأول ,7,18,رياض-101,الرياضيات,4,0
الكلية التقنية,دبلوم,تقنية الاعمال,تقنية التجارة الالكترونية,برامج مفعله,28,68,الفصل التدريبي الأول ,7,18,عربي-101,الكتابة الفنية,2,0
الكلية التقنية,دبلوم,تقنية الاعمال,تقنية التجارة الالكترونية,برامج مفعله,28,68,الفصل التدريبي الثالث ,7,17,انجل-113,لغة إنجليزية (3),4,0
الكلية التقنية,دبلوم,تقنية الاعمال,تقنية التجارة الالكترونية,برامج مفعله,28,68,الفصل التدريبي الثالث ,7,17,برمج-232,برمجة الانترنت,2,4
الكلية التقنية,دبلوم,تقنية الاعمال,تقنية التجارة الالكترونية,برامج مفعله,28,68,الفصل التدريبي الثالث ,7,17,تجار-111,تحليل وتصميم النظم,3,0
الكلية التقنية,دبلوم,تقنية الاعمال,تقنية التجارة الالكترونية,برامج مفعله,28,68,الفصل التدريبي الثالث ,7,17,تجار-201,إستراتيجيات الأعمال الإلكتروني,2,0
الكلية التقنية,دبلوم,تقنية الاعمال,تقنية التجارة الالكترونية,برامج مفعله,28,68,الفصل التدريبي الثالث ,7,17,تجار-202,إدارة المشاريع,3,0
الكلية التقنية,دبلوم,تقنية الاعمال,تقنية التجارة الالكترونية,برامج مفعله,28,68,الفصل التدريبي الثالث ,7,17,تجار-203,أخلاقيات وقانون التجارة الإلكت,2,0
الكلية التقنية,دبلوم,تقنية الاعمال,تقنية التجارة الالكترونية,برامج مفعله,28,68,الفصل التدريبي الثالث ,7,17,رياد-264,ريادة الاعمال في مجال التجاره والتسويق,1,2
الكلية التقنية,دبلوم,تقنية الاعمال,تقنية التجارة الالكترونية,برامج مفعله,28,68,الفصل التدريبي الثاني ,6,17,انجل-112,لغة إنجليزية (2),4,0
الكلية التقنية,دبلوم,تقنية الاعمال,تقنية التجارة الالكترونية,برامج مفعله,28,68,الفصل التدريبي الثاني ,6,17,برمج-131,مبادئ برمجة صفحات الانترنت,2,2
الكلية التقنية,دبلوم,تقنية الاعمال,تقنية التجارة الالكترونية,برامج مفعله,28,68,الفصل التدريبي الثاني ,6,17,تسوق-261,التسويق الإلكتروني,1,2
الكلية التقنية,دبلوم,تقنية الاعمال,تقنية التجارة الالكترونية,برامج مفعله,28,68,الفصل التدريبي الثاني ,6,17,رياد-101,أساسيات ريادة الأعمال,2,0
الكلية التقنية,دبلوم,تقنية الاعمال,تقنية التجارة الالكترونية,برامج مفعله,28,68,الفصل التدريبي الثاني ,6,17,محسب-101,مبادئ المحاسبة,4,0
الكلية التقنية,دبلوم,تقنية الاعمال,تقنية التجارة الالكترونية,برامج مفعله,28,68,الفصل التدريبي الثاني ,6,17,ملتي-141,التصميم المرئي-1,2,4
الكلية التقنية,دبلوم,تقنية الاعمال,تقنية التجارة الالكترونية,برامج مفعله,28,68,الفصل التدريبي الخامس ,1,2, تجار-288,المشروع الإنتاجي,0,0
الكلية التقنية,دبلوم,تقنية الاعمال,تقنية التجارة الالكترونية,برامج مفعله,28,68,الفصل التدريبي الخامس ,1,2,تجار-299,التدريب التعاوني,0,0
الكلية التقنية,دبلوم,تقنية الاعمال,تقنية التجارة الالكترونية,برامج مفعله,28,68,الفصل التدريبي الرابع ,7,14,اسلك-201,السلوك الوظيفي والمستقبل المهني,2,0
الكلية التقنية,دبلوم,تقنية الاعمال,تقنية التجارة الالكترونية,برامج مفعله,28,68,الفصل التدريبي الرابع ,7,14,اسلم-101,الدراسات الإسلامية,2,0
الكلية التقنية,دبلوم,تقنية الاعمال,تقنية التجارة الالكترونية,برامج مفعله,28,68,الفصل التدريبي الرابع ,7,14,تجار-211,تصميم الجرافيك,0,4
الكلية التقنية,دبلوم,تقنية الاعمال,تقنية التجارة الالكترونية,برامج مفعله,28,68,الفصل التدريبي الرابع ,7,14,تجار-212,إدارة سلسلة التوريد,2,0
الكلية التقنية,دبلوم,تقنية الاعمال,تقنية التجارة الالكترونية,برامج مفعله,28,68,الفصل التدريبي الرابع ,7,14,تجار-213,ريادة أعمال التجارة الإلكتروني,3,0
الكلية التقنية,دبلوم,تقنية الاعمال,تقنية التجارة الالكترونية,برامج مفعله,28,68,الفصل التدريبي الرابع ,7,14,تجار-214,التجارة الإلكترونية في الإجهزة,0,4
الكلية التقنية,دبلوم,تقنية الاعمال,تقنية التجارة الالكترونية,برامج مفعله,28,68,الفصل التدريبي الرابع ,7,14,تجار-215,موضوعات مختارة في التجارة,3,0
الكلية التقنية,دبلوم,تقنية التزيين والتجميل,تقنية التجميل والعناية بالبشرة,برامج مفعله,24,60,الفصل التدريبي الأول ,8,19,انجل-111,لغة إنجليزية (1),4,0
الكلية التقنية,دبلوم,تقنية التزيين والتجميل,تقنية التجميل والعناية بالبشرة,برامج مفعله,24,60,الفصل التدريبي الأول ,8,19,تجمل-101,السلامة المهنية,2,0
الكلية التقنية,دبلوم,تقنية التزيين والتجميل,تقنية التجميل والعناية بالبشرة,برامج مفعله,24,60,الفصل التدريبي الأول ,8,19,تجمل-111,أحياء التجميل,2,0
الكلية التقنية,دبلوم,تقنية التزيين والتجميل,تقنية التجميل والعناية بالبشرة,برامج مفعله,24,60,الفصل التدريبي الأول ,8,19,تجمل-121,كيمياء التجميل,3,0
الكلية التقنية,دبلوم,تقنية التزيين والتجميل,تقنية التجميل والعناية بالبشرة,برامج مفعله,24,60,الفصل التدريبي الأول ,8,19,تجمل-271,إدارة مراكز التجميل,2,0
الكلية التقنية,دبلوم,تقنية التزيين والتجميل,تقنية التجميل والعناية بالبشرة,برامج مفعله,24,60,الفصل التدريبي الأول ,8,19,حاسب-101,مقدمة تطبيقات الحاسب,0,4
الكلية التقنية,دبلوم,تقنية التزيين والتجميل,تقنية التجميل والعناية بالبشرة,برامج مفعله,24,60,الفصل التدريبي الأول ,8,19,رياض-101,الرياضيات,4,0
الكلية التقنية,دبلوم,تقنية التزيين والتجميل,تقنية التجميل والعناية بالبشرة,برامج مفعله,24,60,الفصل التدريبي الأول ,8,19,عربي-101,الكتابة الفنية,2,0
الكلية التقنية,دبلوم,تقنية التزيين والتجميل,تقنية التجميل والعناية بالبشرة,برامج مفعله,24,60,الفصل التدريبي الثالث ,5,13,انجل-113,لغة إنجليزية (3),4,0
الكلية التقنية,دبلوم,تقنية التزيين والتجميل,تقنية التجميل والعناية بالبشرة,برامج مفعله,24,60,الفصل التدريبي الثالث ,5,13,تزين-111,العناية باليدين والقدمين,0,4
الكلية التقنية,دبلوم,تقنية التزيين والتجميل,تقنية التجميل والعناية بالبشرة,برامج مفعله,24,60,الفصل التدريبي الثالث ,5,13,تزين-231,المكياج,1,4
الكلية التقنية,دبلوم,تقنية التزيين والتجميل,تقنية التجميل والعناية بالبشرة,برامج مفعله,24,60,الفصل التدريبي الثالث ,5,13,تزين-241,البشرة الشاملة,1,4
الكلية التقنية,دبلوم,تقنية التزيين والتجميل,تقنية التجميل والعناية بالبشرة,برامج مفعله,24,60,الفصل التدريبي الثالث ,5,13,رياد-252,ريادة اعمال تجميل والعناية بالشعر,1,2
الكلية التقنية,دبلوم,تقنية التزيين والتجميل,تقنية التجميل والعناية بالبشرة,برامج مفعله,24,60,الفصل التدريبي الثاني ,6,15,اسلم-101,الدراسات الإسلامية,2,0
الكلية التقنية,دبلوم,تقنية التزيين والتجميل,تقنية التجميل والعناية بالبشرة,برامج مفعله,24,60,الفصل التدريبي الثاني ,6,15,انجل-112,لغة إنجليزية (2),4,0
الكلية التقنية,دبلوم,تقنية التزيين والتجميل,تقنية التجميل والعناية بالبشرة,برامج مفعله,24,60,الفصل التدريبي الثاني ,6,15,تزين-121,أسس العناية بالبشرة والماكياج,1,4
الكلية التقنية,دبلوم,تقنية التزيين والتجميل,تقنية التجميل والعناية بالبشرة,برامج مفعله,24,60,الفصل التدريبي الثاني ,6,15,تسرح-111,أسس العناية بالشعر,1,4
الكلية التقنية,دبلوم,تقنية التزيين والتجميل,تقنية التجميل والعناية بالبشرة,برامج مفعله,24,60,الفصل التدريبي الثاني ,6,15,حاسب-102,تطبيقات الحاسب المتقدمة,0,4
الكلية التقنية,دبلوم,تقنية التزيين والتجميل,تقنية التجميل والعناية بالبشرة,برامج مفعله,24,60,الفصل التدريبي الثاني ,6,15,رياد-101,أساسيات ريادة الأعمال,2,0
الكلية التقنية,دبلوم,تقنية التزيين والتجميل,تقنية التجميل والعناية بالبشرة,برامج مفعله,24,60,الفصل التدريبي الخامس ,1,2, تزين-288,المشروع الإنتاجي,0,0
الكلية التقنية,دبلوم,تقنية التزيين والتجميل,تقنية التجميل والعناية بالبشرة,برامج مفعله,24,60,الفصل التدريبي الخامس ,1,2,تزين-299,التدريب التعاوني,0,0
الكلية التقنية,دبلوم,تقنية التزيين والتجميل,تقنية التجميل والعناية بالبشرة,برامج مفعله,24,60,الفصل التدريبي الرابع ,4,11,اسلك-201,السلوك الوظيفي والمستقبل المهني,2,0
الكلية التقنية,دبلوم,تقنية التزيين والتجميل,تقنية التجميل والعناية بالبشرة,برامج مفعله,24,60,الفصل التدريبي الرابع ,4,11,تزين-224,المكياج الإعلامي,1,4
الكلية التقنية,دبلوم,تقنية التزيين والتجميل,تقنية التجميل والعناية بالبشرة,برامج مفعله,24,60,الفصل التدريبي الرابع ,4,11,تزين-244,معالجات الوجه المتقدمة,1,4
الكلية التقنية,دبلوم,تقنية التزيين والتجميل,تقنية التجميل والعناية بالبشرة,برامج مفعله,24,60,الفصل التدريبي الرابع ,4,11,تزين-251,معالجات الجسم,1,4
الكلية التقنية,دبلوم,تقنية الاعمال,تقنية التسويق والابتكار,برامج مفعله,28,65,الفصل التدريبي الأول ,7,18,ادار-101,مبادئ إدارة الأعمال,4,0
الكلية التقنية,دبلوم,تقنية الاعمال,تقنية التسويق والابتكار,برامج مفعله,28,65,الفصل التدريبي الأول ,7,18,اسلم-101,الدراسات الإسلامية,2,0
الكلية التقنية,دبلوم,تقنية الاعمال,تقنية التسويق والابتكار,برامج مفعله,28,65,الفصل التدريبي الأول ,7,18,انجل-111,لغة إنجليزية (1),4,0
الكلية التقنية,دبلوم,تقنية الاعمال,تقنية التسويق والابتكار,برامج مفعله,28,65,الفصل التدريبي الأول ,7,18,تسوق-111,مبادئ التسويق,4,0
الكلية التقنية,دبلوم,تقنية الاعمال,تقنية التسويق والابتكار,برامج مفعله,28,65,الفصل التدريبي الأول ,7,18,حاسب-101,مقدمة تطبيقات الحاسب,0,4
الكلية التقنية,دبلوم,تقنية الاعمال,تقنية التسويق والابتكار,برامج مفعله,28,65,الفصل التدريبي الأول ,7,18,رياض-101,الرياضيات,4,0
الكلية التقنية,دبلوم,تقنية الاعمال,تقنية التسويق والابتكار,برامج مفعله,28,65,الفصل التدريبي الأول ,7,18,عربي-101,الكتابة الفنية,2,0
الكلية التقنية,دبلوم,تقنية الاعمال,تقنية التسويق والابتكار,برامج مفعله,28,65,الفصل التدريبي الثالث ,7,16,ادار-271,إدارة الجودة الشاملة,3,0
الكلية التقنية,دبلوم,تقنية الاعمال,تقنية التسويق والابتكار,برامج مفعله,28,65,الفصل التدريبي الثالث ,7,16,اقصد-101,مقدمة في الأقتصاد,3,0
الكلية التقنية,دبلوم,تقنية الاعمال,تقنية التسويق والابتكار,برامج مفعله,28,65,الفصل التدريبي الثالث ,7,16,انجل-113,لغة إنجليزية (3),4,0
الكلية التقنية,دبلوم,تقنية الاعمال,تقنية التسويق والابتكار,برامج مفعله,28,65,الفصل التدريبي الثالث ,7,16,تسوق-121,قنوات التوزيع,4,0
الكلية التقنية,دبلوم,تقنية الاعمال,تقنية التسويق والابتكار,برامج مفعله,28,65,الفصل التدريبي الثالث ,7,16,تسوق-122,ترويج المنتجات,3,0
الكلية التقنية,دبلوم,تقنية الاعمال,تقنية التسويق والابتكار,برامج مفعله,28,65,الفصل التدريبي الثالث ,7,16,تسوق-232,مهارات البيع (2),4,0
الكلية التقنية,دبلوم,تقنية الاعمال,تقنية التسويق والابتكار,برامج مفعله,28,65,الفصل التدريبي الثالث ,7,16,رياد-264,ريادة الاعمال في مجال التجاره والتسويق,1,2
الكلية التقنية,دبلوم,تقنية الاعمال,تقنية التسويق والابتكار,برامج مفعله,28,65,الفصل التدريبي الثاني ,7,17,احصا-101,مقدمة في الإحصاء,3,0
الكلية التقنية,دبلوم,تقنية الاعمال,تقنية التسويق والابتكار,برامج مفعله,28,65,الفصل التدريبي الثاني ,7,17,انجل-112,لغة إنجليزية (2),4,0
الكلية التقنية,دبلوم,تقنية الاعمال,تقنية التسويق والابتكار,برامج مفعله,28,65,الفصل التدريبي الثاني ,7,17,تسوق-131,مهارات البيع (1),4,0
الكلية التقنية,دبلوم,تقنية الاعمال,تقنية التسويق والابتكار,برامج مفعله,28,65,الفصل التدريبي الثاني ,7,17,تسوق-241,سلوك المستهلك,4,0
الكلية التقنية,دبلوم,تقنية الاعمال,تقنية التسويق والابتكار,برامج مفعله,28,65,الفصل التدريبي الثاني ,7,17,حاسب-102,تطبيقات الحاسب المتقدمة,0,4
الكلية التقنية,دبلوم,تقنية الاعمال,تقنية التسويق والابتكار,برامج مفعله,28,65,الفصل التدريبي الثاني ,7,17,رياد-101,أساسيات ريادة الأعمال,2,0
الكلية التقنية,دبلوم,تقنية الاعمال,تقنية التسويق والابتكار,برامج مفعله,28,65,الفصل التدريبي الثاني ,7,17,محسب-101,مبادئ المحاسبة,4,0
الكلية التقنية,دبلوم,تقنية الاعمال,تقنية التسويق والابتكار,برامج مفعله,28,65,الفصل التدريبي الخامس ,1,2, تسوق-288,المشروع الإنتاجي,0,0
الكلية التقنية,دبلوم,تقنية الاعمال,تقنية التسويق والابتكار,برامج مفعله,28,65,الفصل التدريبي الخامس ,1,2,تسوق-299,التدريب التعاوني,0,0
الكلية التقنية,دبلوم,تقنية الاعمال,تقنية التسويق والابتكار,برامج مفعله,28,65,الفصل التدريبي الرابع ,6,12,اسلك-201,السلوك الوظيفي والمستقبل المهني,2,0
الكلية التقنية,دبلوم,تقنية الاعمال,تقنية التسويق والابتكار,برامج مفعله,28,65,الفصل التدريبي الرابع ,6,12,تسوق-242,خدمة العملاء,4,0
الكلية التقنية,دبلوم,تقنية الاعمال,تقنية التسويق والابتكار,برامج مفعله,28,65,الفصل التدريبي الرابع ,6,12,تسوق-251,تطبيقات تسويقية على الحاسب,0,4
الكلية التقنية,دبلوم,تقنية الاعمال,تقنية التسويق والابتكار,برامج مفعله,28,65,الفصل التدريبي الرابع ,6,12,تسوق-261,التسويق الإلكتروني,1,2
الكلية التقنية,دبلوم,تقنية الاعمال,تقنية التسويق والابتكار,برامج مفعله,28,65,الفصل التدريبي الرابع ,6,12,تسوق-271,بحوث التسويق,4,0
الكلية التقنية,دبلوم,تقنية الاعمال,تقنية التسويق والابتكار,برامج مفعله,28,65,الفصل التدريبي الرابع ,6,12,تسوق-285,موضوعات مختارة,3,0
الكلية التقنية,دبلوم,تقنية العمارة والتصميم,تقنية التصميم الداخلي,برامج مفعله,29,66,الفصل التدريبي الأول ,7,17,انجل-111,لغة إنجليزية (1),4,0
الكلية التقنية,دبلوم,تقنية العمارة والتصميم,تقنية التصميم الداخلي,برامج مفعله,29,66,الفصل التدريبي الأول ,7,17,حاسب-101,مقدمة تطبيقات الحاسب,0,4
الكلية التقنية,دبلوم,تقنية العمارة والتصميم,تقنية التصميم الداخلي,برامج مفعله,29,66,الفصل التدريبي الأول ,7,17,داخل-101,أسس و عناصر التصميم الداخلي,2,2
الكلية التقنية,دبلوم,تقنية العمارة والتصميم,تقنية التصميم الداخلي,برامج مفعله,29,66,الفصل التدريبي الأول ,7,17,داخل-121,مقدمة في التصميم الداخلي,2,0
الكلية التقنية,دبلوم,تقنية العمارة والتصميم,تقنية التصميم الداخلي,برامج مفعله,29,66,الفصل التدريبي الأول ,7,17,داخل-123,نظريات الألوان,2,0
الكلية التقنية,دبلوم,تقنية العمارة والتصميم,تقنية التصميم الداخلي,برامج مفعله,29,66,الفصل التدريبي الأول ,7,17,رياض-101,الرياضيات,4,0
الكلية التقنية,دبلوم,تقنية العمارة والتصميم,تقنية التصميم الداخلي,برامج مفعله,29,66,الفصل التدريبي الأول ,7,17,عربي-101,الكتابة الفنية,2,0
الكلية التقنية,دبلوم,تقنية العمارة والتصميم,تقنية التصميم الداخلي,برامج مفعله,29,66,الفصل التدريبي الثالث ,7,16,اسلم-101,الدراسات الإسلامية,2,0
الكلية التقنية,دبلوم,تقنية العمارة والتصميم,تقنية التصميم الداخلي,برامج مفعله,29,66,الفصل التدريبي الثالث ,7,16,انجل-113,لغة إنجليزية (3),4,0
الكلية التقنية,دبلوم,تقنية العمارة والتصميم,تقنية التصميم الداخلي,برامج مفعله,29,66,الفصل التدريبي الثالث ,7,16,داخل-132,مبادئ و أسس الإضاءة,2,0
الكلية التقنية,دبلوم,تقنية العمارة والتصميم,تقنية التصميم الداخلي,برامج مفعله,29,66,الفصل التدريبي الثالث ,7,16,داخل-203,أستوديو التصميم الداخلي 2,0,6
الكلية التقنية,دبلوم,تقنية العمارة والتصميم,تقنية التصميم الداخلي,برامج مفعله,29,66,الفصل التدريبي الثالث ,7,16,داخل-212,التصميم ثلاثي الأبعاد بالحاسب,0,6
الكلية التقنية,دبلوم,تقنية العمارة والتصميم,تقنية التصميم الداخلي,برامج مفعله,29,66,الفصل التدريبي الثالث ,7,16,داخل-233,إنشاء المباني و(معايير البناء,2,0
الكلية التقنية,دبلوم,تقنية العمارة والتصميم,تقنية التصميم الداخلي,برامج مفعله,29,66,الفصل التدريبي الثالث ,7,16,رياد-284,ريادة الاعمال في مجال الهندسة المعمارية,1,2
الكلية التقنية,دبلوم,تقنية العمارة والتصميم,تقنية التصميم الداخلي,برامج مفعله,29,66,الفصل التدريبي الثاني ,7,16,انجل-112,لغة إنجليزية (2),4,0
الكلية التقنية,دبلوم,تقنية العمارة والتصميم,تقنية التصميم الداخلي,برامج مفعله,29,66,الفصل التدريبي الثاني ,7,16,داخل-102,أستوديو التصميم الداخلي1,0,6
الكلية التقنية,دبلوم,تقنية العمارة والتصميم,تقنية التصميم الداخلي,برامج مفعله,29,66,الفصل التدريبي الثاني ,7,16,داخل-111,التصميم ثنائي الأبعاد بالحاسب,0,4
الكلية التقنية,دبلوم,تقنية العمارة والتصميم,تقنية التصميم الداخلي,برامج مفعله,29,66,الفصل التدريبي الثاني ,7,16,داخل-122,تاريخ العمارة و التصميم الداخل,3,0
الكلية التقنية,دبلوم,تقنية العمارة والتصميم,تقنية التصميم الداخلي,برامج مفعله,29,66,الفصل التدريبي الثاني ,7,16,داخل-131,المواد والتشطيبات,4,0
الكلية التقنية,دبلوم,تقنية العمارة والتصميم,تقنية التصميم الداخلي,برامج مفعله,29,66,الفصل التدريبي الثاني ,7,16,داخل-206,تصميم الأثاث,1,2
الكلية التقنية,دبلوم,تقنية العمارة والتصميم,تقنية التصميم الداخلي,برامج مفعله,29,66,الفصل التدريبي الثاني ,7,16,رياد-101,أساسيات ريادة الأعمال,2,0
الكلية التقنية,دبلوم,تقنية العمارة والتصميم,تقنية التصميم الداخلي,برامج مفعله,29,66,الفصل التدريبي الخامس ,1,2, داخل-288,المشروع الإنتاجي,0,0
الكلية التقنية,دبلوم,تقنية العمارة والتصميم,تقنية التصميم الداخلي,برامج مفعله,29,66,الفصل التدريبي الخامس ,1,2,داخل-299,التدريب التعاوني,0,0
الكلية التقنية,دبلوم,تقنية العمارة والتصميم,تقنية التصميم الداخلي,برامج مفعله,29,66,الفصل التدريبي الرابع ,7,15,اسلك-201,السلوك الوظيفي والمستقبل المهني,2,0
الكلية التقنية,دبلوم,تقنية العمارة والتصميم,تقنية التصميم الداخلي,برامج مفعله,29,66,الفصل التدريبي الرابع ,7,15,داخل-204,أستوديو التصميم الداخلي 3,0,6
الكلية التقنية,دبلوم,تقنية العمارة والتصميم,تقنية التصميم الداخلي,برامج مفعله,29,66,الفصل التدريبي الرابع ,7,15,داخل-205,تخطيط المساحات الخارجية,1,2
الكلية التقنية,دبلوم,تقنية العمارة والتصميم,تقنية التصميم الداخلي,برامج مفعله,29,66,الفصل التدريبي الرابع ,7,15,داخل-213,ملف الإنجاز الرقمي,2,0
الكلية التقنية,دبلوم,تقنية العمارة والتصميم,تقنية التصميم الداخلي,برامج مفعله,29,66,الفصل التدريبي الرابع ,7,15,داخل-225,نظريات التصميم,2,0
الكلية التقنية,دبلوم,تقنية العمارة والتصميم,تقنية التصميم الداخلي,برامج مفعله,29,66,الفصل التدريبي الرابع ,7,15,داخل-235,الرسومات التنفيذية,0,6
الكلية التقنية,دبلوم,تقنية العمارة والتصميم,تقنية التصميم الداخلي,برامج مفعله,29,66,الفصل التدريبي الرابع ,7,15,داخل-241,الممارسات المهنية,2,0
كلية  التقنية التطبيقية,دبلوم,التقنية الميكانيكية,تقنية التصنيع,برامج مفعله,29,68,الفصل التدريبي الأول ,8,18,اسلم-101,الدراسات الإسلامية,2,0
الكلية التقنية,دبلوم,التقنية الميكانيكية,تقنية التصنيع,برامج مفعله,29,68,الفصل التدريبي الأول ,8,18,اسلم-101,الدراسات الإسلامية,2,0
الكلية التقنية,دبلوم,التقنية الميكانيكية,تقنية التصنيع,برامج مفعله,29,68,الفصل التدريبي الأول ,8,18,انجل-101,لغة إنجليزية (1),4,0
كلية  التقنية التطبيقية,دبلوم,التقنية الميكانيكية,تقنية التصنيع,برامج مفعله,29,68,الفصل التدريبي الأول ,8,18,انجل-101,لغة إنجليزية (1),4,0
الكلية التقنية,دبلوم,التقنية الميكانيكية,تقنية التصنيع,برامج مفعله,29,68,الفصل التدريبي الأول ,8,18,حاسب-101,مقدمة تطبيقات الحاسب,0,4
كلية  التقنية التطبيقية,دبلوم,التقنية الميكانيكية,تقنية التصنيع,برامج مفعله,29,68,الفصل التدريبي الأول ,8,18,حاسب-101,مقدمة تطبيقات الحاسب,0,4
الكلية التقنية,دبلوم,التقنية الميكانيكية,تقنية التصنيع,برامج مفعله,29,68,الفصل التدريبي الأول ,8,18,رياض-121,الرياضيات,4,0
كلية  التقنية التطبيقية,دبلوم,التقنية الميكانيكية,تقنية التصنيع,برامج مفعله,29,68,الفصل التدريبي الأول ,8,18,رياض-121,الرياضيات,4,0
كلية  التقنية التطبيقية,دبلوم,التقنية الميكانيكية,تقنية التصنيع,برامج مفعله,29,68,الفصل التدريبي الأول ,8,18,عربي-101,الكتابة الفنية,2,0
الكلية التقنية,دبلوم,التقنية الميكانيكية,تقنية التصنيع,برامج مفعله,29,68,الفصل التدريبي الأول ,8,18,عربي-101,الكتابة الفنية,2,0
كلية  التقنية التطبيقية,دبلوم,التقنية الميكانيكية,تقنية التصنيع,برامج مفعله,29,68,الفصل التدريبي الأول ,8,18,فيزي-101,الفيزياء,2,2
الكلية التقنية,دبلوم,التقنية الميكانيكية,تقنية التصنيع,برامج مفعله,29,68,الفصل التدريبي الأول ,8,18,فيزي-101,الفيزياء,2,2
الكلية التقنية,دبلوم,التقنية الميكانيكية,تقنية التصنيع,برامج مفعله,29,68,الفصل التدريبي الأول ,8,18,منتج-101,ورشة تأسيسية,0,4
كلية  التقنية التطبيقية,دبلوم,التقنية الميكانيكية,تقنية التصنيع,برامج مفعله,29,68,الفصل التدريبي الأول ,8,18,منتج-101,ورشة تأسيسية,0,4
الكلية التقنية,دبلوم,التقنية الميكانيكية,تقنية التصنيع,برامج مفعله,29,68,الفصل التدريبي الأول ,8,18,منتج-111,سلامة صناعية,1,0
كلية  التقنية التطبيقية,دبلوم,التقنية الميكانيكية,تقنية التصنيع,برامج مفعله,29,68,الفصل التدريبي الأول ,8,18,منتج-111,سلامة صناعية,1,0
الكلية التقنية,دبلوم,التقنية الميكانيكية,تقنية التصنيع,برامج مفعله,29,68,الفصل التدريبي الثالث ,6,15,انجل-103,لغة إنجليزية (3),4,0
كلية  التقنية التطبيقية,دبلوم,التقنية الميكانيكية,تقنية التصنيع,برامج مفعله,29,68,الفصل التدريبي الثالث ,6,15,انجل-103,لغة إنجليزية (3),4,0
الكلية التقنية,دبلوم,التقنية الميكانيكية,تقنية التصنيع,برامج مفعله,29,68,الفصل التدريبي الثالث ,6,15,رياد-234,ريادة الاعمال في مجال الميكانيكا  والتصنيع,1,2
كلية  التقنية التطبيقية,دبلوم,التقنية الميكانيكية,تقنية التصنيع,برامج مفعله,29,68,الفصل التدريبي الثالث ,6,15,رياد-234,ريادة الاعمال في مجال الميكانيكا  والتصنيع,1,2
الكلية التقنية,دبلوم,التقنية الميكانيكية,تقنية التصنيع,برامج مفعله,29,68,الفصل التدريبي الثالث ,6,15,منتج-232,رسم فني,0,4
كلية  التقنية التطبيقية,دبلوم,التقنية الميكانيكية,تقنية التصنيع,برامج مفعله,29,68,الفصل التدريبي الثالث ,6,15,منتج-232,رسم فني,0,4
الكلية التقنية,دبلوم,التقنية الميكانيكية,تقنية التصنيع,برامج مفعله,29,68,الفصل التدريبي الثالث ,6,15,منتج-233,CADالرسم بمساعدة الحاسب,0,4
كلية  التقنية التطبيقية,دبلوم,التقنية الميكانيكية,تقنية التصنيع,برامج مفعله,29,68,الفصل التدريبي الثالث ,6,15,منتج-233,CADالرسم بمساعدة الحاسب,0,4
الكلية التقنية,دبلوم,التقنية الميكانيكية,تقنية التصنيع,برامج مفعله,29,68,الفصل التدريبي الثالث ,6,15,منتج-246,اختبار مواد,2,2
كلية  التقنية التطبيقية,دبلوم,التقنية الميكانيكية,تقنية التصنيع,برامج مفعله,29,68,الفصل التدريبي الثالث ,6,15,منتج-246,اختبار مواد,2,2
الكلية التقنية,دبلوم,التقنية الميكانيكية,تقنية التصنيع,برامج مفعله,29,68,الفصل التدريبي الثالث ,6,15,منتج-252,تقنية التفريز والجلخ السطحي,1,4
كلية  التقنية التطبيقية,دبلوم,التقنية الميكانيكية,تقنية التصنيع,برامج مفعله,29,68,الفصل التدريبي الثالث ,6,15,منتج-252,تقنية التفريز والجلخ السطحي,1,4
الكلية التقنية,دبلوم,التقنية الميكانيكية,تقنية التصنيع,برامج مفعله,29,68,الفصل التدريبي الثاني ,7,19,انجل-102,لغة إنجليزية (2),4,0
كلية  التقنية التطبيقية,دبلوم,التقنية الميكانيكية,تقنية التصنيع,برامج مفعله,29,68,الفصل التدريبي الثاني ,7,19,انجل-102,لغة إنجليزية (2),4,0
الكلية التقنية,دبلوم,التقنية الميكانيكية,تقنية التصنيع,برامج مفعله,29,68,الفصل التدريبي الثاني ,7,19,رياد-101,أساسيات ريادة الأعمال,2,0
كلية  التقنية التطبيقية,دبلوم,التقنية الميكانيكية,تقنية التصنيع,برامج مفعله,29,68,الفصل التدريبي الثاني ,7,19,رياد-101,أساسيات ريادة الأعمال,2,0
الكلية التقنية,دبلوم,التقنية الميكانيكية,تقنية التصنيع,برامج مفعله,29,68,الفصل التدريبي الثاني ,7,19,منتج-121,أساسيات التحكم النيوماتي والهيدروليكي,2,2
كلية  التقنية التطبيقية,دبلوم,التقنية الميكانيكية,تقنية التصنيع,برامج مفعله,29,68,الفصل التدريبي الثاني ,7,19,منتج-121,أساسيات التحكم النيوماتي والهيدروليكي,2,2
كلية  التقنية التطبيقية,دبلوم,التقنية الميكانيكية,تقنية التصنيع,برامج مفعله,29,68,الفصل التدريبي الثاني ,7,19,منتج-131,الرسم الهندسي,0,4
الكلية التقنية,دبلوم,التقنية الميكانيكية,تقنية التصنيع,برامج مفعله,29,68,الفصل التدريبي الثاني ,7,19,منتج-131,الرسم الهندسي,0,4
الكلية التقنية,دبلوم,التقنية الميكانيكية,تقنية التصنيع,برامج مفعله,29,68,الفصل التدريبي الثاني ,7,19,منتج-141,قياسات,2,2
كلية  التقنية التطبيقية,دبلوم,التقنية الميكانيكية,تقنية التصنيع,برامج مفعله,29,68,الفصل التدريبي الثاني ,7,19,منتج-141,قياسات,2,2
كلية  التقنية التطبيقية,دبلوم,التقنية الميكانيكية,تقنية التصنيع,برامج مفعله,29,68,الفصل التدريبي الثاني ,7,19,منتج-145,علم المواد,2,2
الكلية التقنية,دبلوم,التقنية الميكانيكية,تقنية التصنيع,برامج مفعله,29,68,الفصل التدريبي الثاني ,7,19,منتج-145,علم المواد,2,2
الكلية التقنية,دبلوم,التقنية الميكانيكية,تقنية التصنيع,برامج مفعله,29,68,الفصل التدريبي الثاني ,7,19,منتج-251,تقنية الخراطة والجلخ الاسطواني,1,4
كلية  التقنية التطبيقية,دبلوم,التقنية الميكانيكية,تقنية التصنيع,برامج مفعله,29,68,الفصل التدريبي الثاني ,7,19,منتج-251,تقنية الخراطة والجلخ الاسطواني,1,4
الكلية التقنية,دبلوم,التقنية الميكانيكية,تقنية التصنيع,برامج مفعله,29,68,الفصل التدريبي الخامس ,1,2, منتج-288,المشروع الإنتاجي,0,0
كلية  التقنية التطبيقية,دبلوم,التقنية الميكانيكية,تقنية التصنيع,برامج مفعله,29,68,الفصل التدريبي الخامس ,1,2, منتج-299,التدريب التعاوني,0,0
كلية  التقنية التطبيقية,دبلوم,التقنية الميكانيكية,تقنية التصنيع,برامج مفعله,29,68,الفصل التدريبي الخامس ,1,2,منتج-288,المشروع الإنتاجي,0,0
الكلية التقنية,دبلوم,التقنية الميكانيكية,تقنية التصنيع,برامج مفعله,29,68,الفصل التدريبي الخامس ,1,2,منتج-299,التدريب التعاوني,0,0
كلية  التقنية التطبيقية,دبلوم,التقنية الميكانيكية,تقنية التصنيع,برامج مفعله,29,68,الفصل التدريبي الرابع ,7,15,اسلك-201,السلوك الوظيفي والمستقبل المهني,2,0
الكلية التقنية,دبلوم,التقنية الميكانيكية,تقنية التصنيع,برامج مفعله,29,68,الفصل التدريبي الرابع ,7,15,اسلك-201,السلوك الوظيفي والمستقبل المهني,2,0
الكلية التقنية,دبلوم,التقنية الميكانيكية,تقنية التصنيع,برامج مفعله,29,68,الفصل التدريبي الرابع ,7,15,منتج-234,التصميم والتصنيع بالحاسب CAD/C,0,3
كلية  التقنية التطبيقية,دبلوم,التقنية الميكانيكية,تقنية التصنيع,برامج مفعله,29,68,الفصل التدريبي الرابع ,7,15,منتج-234,التصميم والتصنيع بالحاسب CAD/C,0,3
كلية  التقنية التطبيقية,دبلوم,التقنية الميكانيكية,تقنية التصنيع,برامج مفعله,29,68,الفصل التدريبي الرابع ,7,15,منتج-235, CNCتحكم رقمي بالحاسب,0,4
الكلية التقنية,دبلوم,التقنية الميكانيكية,تقنية التصنيع,برامج مفعله,29,68,الفصل التدريبي الرابع ,7,15,منتج-235, CNCتحكم رقمي بالحاسب,0,4
كلية  التقنية التطبيقية,دبلوم,التقنية الميكانيكية,تقنية التصنيع,برامج مفعله,29,68,الفصل التدريبي الرابع ,7,15,منتج-261,نظم تصنيع,2,0
الكلية التقنية,دبلوم,التقنية الميكانيكية,تقنية التصنيع,برامج مفعله,29,68,الفصل التدريبي الرابع ,7,15,منتج-261,نظم تصنيع,2,0
كلية  التقنية التطبيقية,دبلوم,التقنية الميكانيكية,تقنية التصنيع,برامج مفعله,29,68,الفصل التدريبي الرابع ,7,15,منتج-271,تقنية لحام,1,4
الكلية التقنية,دبلوم,التقنية الميكانيكية,تقنية التصنيع,برامج مفعله,29,68,الفصل التدريبي الرابع ,7,15,منتج-271,تقنية لحام,1,4
الكلية التقنية,دبلوم,التقنية الميكانيكية,تقنية التصنيع,برامج مفعله,29,68,الفصل التدريبي الرابع ,7,15,منتج-272,تقنية تشكيل,1,4
كلية  التقنية التطبيقية,دبلوم,التقنية الميكانيكية,تقنية التصنيع,برامج مفعله,29,68,الفصل التدريبي الرابع ,7,15,منتج-272,تقنية تشكيل,1,4
الكلية التقنية,دبلوم,التقنية الميكانيكية,تقنية التصنيع,برامج مفعله,29,68,الفصل التدريبي الرابع ,7,15,منتج-281,ضبط الجودة,2,0
كلية  التقنية التطبيقية,دبلوم,التقنية الميكانيكية,تقنية التصنيع,برامج مفعله,29,68,الفصل التدريبي الرابع ,7,15,منتج-281,ضبط الجودة,2,0
الكلية التقنية,دبلوم,تقنية الغذاء,تقنية التصنيع الغذائي,برامج مفعله,29,63,الفصل التدريبي الأول ,7,16,انجل-101,لغة إنجليزية (1),4,0
الكلية التقنية,دبلوم,تقنية الغذاء,تقنية التصنيع الغذائي,برامج مفعله,29,63,الفصل التدريبي الأول ,7,16,حاسب-101,مقدمة تطبيقات الحاسب,0,4
الكلية التقنية,دبلوم,تقنية الغذاء,تقنية التصنيع الغذائي,برامج مفعله,29,63,الفصل التدريبي الأول ,7,16,رياض-101,الرياضيات,4,0
الكلية التقنية,دبلوم,تقنية الغذاء,تقنية التصنيع الغذائي,برامج مفعله,29,63,الفصل التدريبي الأول ,7,16,غذاء-111,أسس تقنيات هندسية,1,2
الكلية التقنية,دبلوم,تقنية الغذاء,تقنية التصنيع الغذائي,برامج مفعله,29,63,الفصل التدريبي الأول ,7,16,غذاء-131,الاحياء الدقيقة في الاغذية,1,2
الكلية التقنية,دبلوم,تقنية الغذاء,تقنية التصنيع الغذائي,برامج مفعله,29,63,الفصل التدريبي الأول ,7,16,غذاء-201,سلامة صناعية,1,0
الكلية التقنية,دبلوم,تقنية الغذاء,تقنية التصنيع الغذائي,برامج مفعله,29,63,الفصل التدريبي الأول ,7,16,فيزي-101,الفيزياء,2,2
الكلية التقنية,دبلوم,تقنية الغذاء,تقنية التصنيع الغذائي,برامج مفعله,29,63,الفصل التدريبي الثالث ,6,16,انجل-103,لغة إنجليزية (3),4,0
الكلية التقنية,دبلوم,تقنية الغذاء,تقنية التصنيع الغذائي,برامج مفعله,29,63,الفصل التدريبي الثالث ,6,16,رياد-242,ريادة الاعمال في مجال الاغذية,1,2
الكلية التقنية,دبلوم,تقنية الغذاء,تقنية التصنيع الغذائي,برامج مفعله,29,63,الفصل التدريبي الثالث ,6,16,غذاء-241,تصنيع غذائي-1,1,4
الكلية التقنية,دبلوم,تقنية الغذاء,تقنية التصنيع الغذائي,برامج مفعله,29,63,الفصل التدريبي الثالث ,6,16,غذاء-262,الوحدات الحرارية المتكاملة,2,2
الكلية التقنية,دبلوم,تقنية الغذاء,تقنية التصنيع الغذائي,برامج مفعله,29,63,الفصل التدريبي الثالث ,6,16,غذاء-271,ضبط جودة الاغذية,2,2
الكلية التقنية,دبلوم,تقنية الغذاء,تقنية التصنيع الغذائي,برامج مفعله,29,63,الفصل التدريبي الثالث ,6,16,غذاء-281,الوحدات الميكانيكية المتكاملة,3,0
الكلية التقنية,دبلوم,تقنية الغذاء,تقنية التصنيع الغذائي,برامج مفعله,29,63,الفصل التدريبي الثاني ,8,17,انجل-102,لغة إنجليزية (2),4,0
الكلية التقنية,دبلوم,تقنية الغذاء,تقنية التصنيع الغذائي,برامج مفعله,29,63,الفصل التدريبي الثاني ,8,17,رياد-101,أساسيات ريادة الأعمال,2,0
الكلية التقنية,دبلوم,تقنية الغذاء,تقنية التصنيع الغذائي,برامج مفعله,29,63,الفصل التدريبي الثاني ,8,17,عربي-101,الكتابة الفنية,2,0
الكلية التقنية,دبلوم,تقنية الغذاء,تقنية التصنيع الغذائي,برامج مفعله,29,63,الفصل التدريبي الثاني ,8,17,غذاء-112,أسس علوم الاغذية,1,2
الكلية التقنية,دبلوم,تقنية الغذاء,تقنية التصنيع الغذائي,برامج مفعله,29,63,الفصل التدريبي الثاني ,8,17,غذاء-121,تحليل الاغذية,1,2
الكلية التقنية,دبلوم,تقنية الغذاء,تقنية التصنيع الغذائي,برامج مفعله,29,63,الفصل التدريبي الثاني ,8,17,غذاء-123,أسس هندسة التصنيع الغذائي,2,0
الكلية التقنية,دبلوم,تقنية الغذاء,تقنية التصنيع الغذائي,برامج مفعله,29,63,الفصل التدريبي الثاني ,8,17,غذاء-161,انتقال حرارة وموائع,2,0
الكلية التقنية,دبلوم,تقنية الغذاء,تقنية التصنيع الغذائي,برامج مفعله,29,63,الفصل التدريبي الثاني ,8,17,غذاء-222,الشئون الصحية في التصنيع الغذا,2,0
الكلية التقنية,دبلوم,تقنية الغذاء,تقنية التصنيع الغذائي,برامج مفعله,29,63,الفصل التدريبي الخامس ,1,2, غذاء-288,المشروع الإنتاجي,0,0
الكلية التقنية,دبلوم,تقنية الغذاء,تقنية التصنيع الغذائي,برامج مفعله,29,63,الفصل التدريبي الخامس ,1,2,غذاء-299,التدريب التعاوني,0,0
الكلية التقنية,دبلوم,تقنية الغذاء,تقنية التصنيع الغذائي,برامج مفعله,29,63,الفصل التدريبي الرابع ,7,16,اسلك-201,السلوك الوظيفي والمستقبل المهني,2,0
الكلية التقنية,دبلوم,تقنية الغذاء,تقنية التصنيع الغذائي,برامج مفعله,29,63,الفصل التدريبي الرابع ,7,16,اسلم-101,الدراسات الإسلامية,2,0
الكلية التقنية,دبلوم,تقنية الغذاء,تقنية التصنيع الغذائي,برامج مفعله,29,63,الفصل التدريبي الرابع ,7,16,غذاء-242,تصنيع التمور,1,2
الكلية التقنية,دبلوم,تقنية الغذاء,تقنية التصنيع الغذائي,برامج مفعله,29,63,الفصل التدريبي الرابع ,7,16,غذاء-243,تصنيع غذائي-2,1,4
الكلية التقنية,دبلوم,تقنية الغذاء,تقنية التصنيع الغذائي,برامج مفعله,29,63,الفصل التدريبي الرابع ,7,16,غذاء-244,تعبئة وتغليف الاغذية,1,2
الكلية التقنية,دبلوم,تقنية الغذاء,تقنية التصنيع الغذائي,برامج مفعله,29,63,الفصل التدريبي الرابع ,7,16,غذاء-251,التحكم الالي في التصنيع الغذائ,2,0
الكلية التقنية,دبلوم,تقنية الغذاء,تقنية التصنيع الغذائي,برامج مفعله,29,63,الفصل التدريبي الرابع ,7,16,غذاء-263,المعاملات الحرارية,2,2
الكلية التقنية,دبلوم,تقنية الاعمال,تقنية الخدمات اللوجستية,برامج مفعله,31,66,الفصل التدريبي الأول ,8,18,ادار-101,مبادئ إدارة الأعمال,4,0
الكلية التقنية,دبلوم,تقنية الاعمال,تقنية الخدمات اللوجستية,برامج مفعله,31,66,الفصل التدريبي الأول ,8,18,انجل-111,لغة إنجليزية (1),4,0
الكلية التقنية,دبلوم,تقنية الاعمال,تقنية الخدمات اللوجستية,برامج مفعله,31,66,الفصل التدريبي الأول ,8,18,حاسب-101,مقدمة تطبيقات الحاسب,0,4
الكلية التقنية,دبلوم,تقنية الاعمال,تقنية الخدمات اللوجستية,برامج مفعله,31,66,الفصل التدريبي الأول ,8,18,رياض-101,الرياضيات,4,0
الكلية التقنية,دبلوم,تقنية الاعمال,تقنية الخدمات اللوجستية,برامج مفعله,31,66,الفصل التدريبي الأول ,8,18,عربي-101,الكتابة الفنية,2,0
الكلية التقنية,دبلوم,تقنية الاعمال,تقنية الخدمات اللوجستية,برامج مفعله,31,66,الفصل التدريبي الأول ,8,18,لوجس-101,مقدمة في اللوجستيات,4,0
الكلية التقنية,دبلوم,تقنية الاعمال,تقنية الخدمات اللوجستية,برامج مفعله,31,66,الفصل التدريبي الأول ,8,18,لوجس-131,مبادئ القانون التجاري,2,0
الكلية التقنية,دبلوم,تقنية الاعمال,تقنية الخدمات اللوجستية,برامج مفعله,31,66,الفصل التدريبي الأول ,8,18,لوجس-235,الأمن والسلامة,1,0
الكلية التقنية,دبلوم,تقنية الاعمال,تقنية الخدمات اللوجستية,برامج مفعله,31,66,الفصل التدريبي الثالث ,8,15,انجل-113,لغة إنجليزية (3),4,0
الكلية التقنية,دبلوم,تقنية الاعمال,تقنية الخدمات اللوجستية,برامج مفعله,31,66,الفصل التدريبي الثالث ,8,15,رياد-262,ريادة الاعمال في مجال الإدارة,1,2
الكلية التقنية,دبلوم,تقنية الاعمال,تقنية الخدمات اللوجستية,برامج مفعله,31,66,الفصل التدريبي الثالث ,8,15,لوجس-132,السياسات الحكومية,2,0
الكلية التقنية,دبلوم,تقنية الاعمال,تقنية الخدمات اللوجستية,برامج مفعله,31,66,الفصل التدريبي الثالث ,8,15,لوجس-211,إدارة التعبئة والتغليف,3,0
الكلية التقنية,دبلوم,تقنية الاعمال,تقنية الخدمات اللوجستية,برامج مفعله,31,66,الفصل التدريبي الثالث ,8,15,لوجس-221,إدارة المشتريات والمواد,3,0
الكلية التقنية,دبلوم,تقنية الاعمال,تقنية الخدمات اللوجستية,برامج مفعله,31,66,الفصل التدريبي الثالث ,8,15,لوجس-222,إدارة عمليات الإنتاج,3,0
الكلية التقنية,دبلوم,تقنية الاعمال,تقنية الخدمات اللوجستية,برامج مفعله,31,66,الفصل التدريبي الثالث ,8,15,لوجس-223,مبادئ الإدارة المالية,3,0
الكلية التقنية,دبلوم,تقنية الاعمال,تقنية الخدمات اللوجستية,برامج مفعله,31,66,الفصل التدريبي الثالث ,8,15,لوجس-233,الأخلاقيات والمسؤولية الإجتماع,2,0
الكلية التقنية,دبلوم,تقنية الاعمال,تقنية الخدمات اللوجستية,برامج مفعله,31,66,الفصل التدريبي الثاني ,7,18,احصا-101,مقدمة في الإحصاء,3,0
الكلية التقنية,دبلوم,تقنية الاعمال,تقنية الخدمات اللوجستية,برامج مفعله,31,66,الفصل التدريبي الثاني ,7,18,انجل-112,لغة إنجليزية (2),4,0
الكلية التقنية,دبلوم,تقنية الاعمال,تقنية الخدمات اللوجستية,برامج مفعله,31,66,الفصل التدريبي الثاني ,7,18,تسوق-111,مبادئ التسويق,4,0
الكلية التقنية,دبلوم,تقنية الاعمال,تقنية الخدمات اللوجستية,برامج مفعله,31,66,الفصل التدريبي الثاني ,7,18,رياد-101,أساسيات ريادة الأعمال,2,0
الكلية التقنية,دبلوم,تقنية الاعمال,تقنية الخدمات اللوجستية,برامج مفعله,31,66,الفصل التدريبي الثاني ,7,18,لوجس-102,إدارة اللوجستيات,3,0
الكلية التقنية,دبلوم,تقنية الاعمال,تقنية الخدمات اللوجستية,برامج مفعله,31,66,الفصل التدريبي الثاني ,7,18,لوجس-103,إدارة سلاسل الإمداد والتوريد,3,0
الكلية التقنية,دبلوم,تقنية الاعمال,تقنية الخدمات اللوجستية,برامج مفعله,31,66,الفصل التدريبي الثاني ,7,18,محسب-101,مبادئ المحاسبة,4,0
الكلية التقنية,دبلوم,تقنية الاعمال,تقنية الخدمات اللوجستية,برامج مفعله,31,66,الفصل التدريبي الخامس ,1,2, لوجس-288,المشروع الإنتاجي,0,0
الكلية التقنية,دبلوم,تقنية الاعمال,تقنية الخدمات اللوجستية,برامج مفعله,31,66,الفصل التدريبي الخامس ,1,2,لوجس-299,التدريب التعاوني,0,0
الكلية التقنية,دبلوم,تقنية الاعمال,تقنية الخدمات اللوجستية,برامج مفعله,31,66,الفصل التدريبي الرابع ,7,13,اسلك-201,السلوك الوظيفي والمستقبل المهني,2,0
الكلية التقنية,دبلوم,تقنية الاعمال,تقنية الخدمات اللوجستية,برامج مفعله,31,66,الفصل التدريبي الرابع ,7,13,اسلم-101,الدراسات الإسلامية,2,0
الكلية التقنية,دبلوم,تقنية الاعمال,تقنية الخدمات اللوجستية,برامج مفعله,31,66,الفصل التدريبي الرابع ,7,13,لوجس-212,إدارة قنوات التوزيع والنقل,3,0
الكلية التقنية,دبلوم,تقنية الاعمال,تقنية الخدمات اللوجستية,برامج مفعله,31,66,الفصل التدريبي الرابع ,7,13,لوجس-234,إدارة الصراعات والمفاوضات والأزمات,2,0
الكلية التقنية,دبلوم,تقنية الاعمال,تقنية الخدمات اللوجستية,برامج مفعله,31,66,الفصل التدريبي الرابع ,7,13,لوجس-241,استراتيجية الأعمال اللوجستية والتخطيط,3,0
الكلية التقنية,دبلوم,تقنية الاعمال,تقنية الخدمات اللوجستية,برامج مفعله,31,66,الفصل التدريبي الرابع ,7,13,لوجس-242,تطبيقات في اللوجستيات وسلاسل الإمداد,0,4
الكلية التقنية,دبلوم,تقنية الاعمال,تقنية الخدمات اللوجستية,برامج مفعله,31,66,الفصل التدريبي الرابع ,7,13,لوجس-243,إدارة الجودة في اللوجستيات,3,0
الكلية التقنية,دبلوم,الحاسب وتقنية المعلومات,تقنية الدعم الفني للحاسب,برامج مفعله,26,70,الفصل التدريبي الأول ,6,16,الكت-102,ورشة تأهيلية,0,4
كلية  التقنية التطبيقية,دبلوم,الحاسب وتقنية المعلومات,تقنية الدعم الفني للحاسب,برامج مفعله,26,70,الفصل التدريبي الأول ,6,16,الكت-102,ورشة تأهيلية,0,4
كلية الاتصالات والإلكترونيات,دبلوم,الحاسب وتقنية المعلومات,تقنية الدعم الفني للحاسب,برامج مفعله,26,70,الفصل التدريبي الأول ,6,16,الكت-102,ورشة تأهيلية,0,4
الكلية التقنية,دبلوم,الحاسب وتقنية المعلومات,تقنية الدعم الفني للحاسب,برامج مفعله,26,70,الفصل التدريبي الأول ,6,16,انجل-101,لغة إنجليزية (1),4,0
كلية الاتصالات والإلكترونيات,دبلوم,الحاسب وتقنية المعلومات,تقنية الدعم الفني للحاسب,برامج مفعله,26,70,الفصل التدريبي الأول ,6,16,انجل-101,لغة إنجليزية (1),4,0
كلية  التقنية التطبيقية,دبلوم,الحاسب وتقنية المعلومات,تقنية الدعم الفني للحاسب,برامج مفعله,26,70,الفصل التدريبي الأول ,6,16,انجل-101,لغة إنجليزية (1),4,0
الكلية التقنية,دبلوم,الحاسب وتقنية المعلومات,تقنية الدعم الفني للحاسب,برامج مفعله,26,70,الفصل التدريبي الأول ,6,16,حاسب-101,مقدمة تطبيقات الحاسب,0,4
كلية الاتصالات والإلكترونيات,دبلوم,الحاسب وتقنية المعلومات,تقنية الدعم الفني للحاسب,برامج مفعله,26,70,الفصل التدريبي الأول ,6,16,حاسب-101,مقدمة تطبيقات الحاسب,0,4
كلية  التقنية التطبيقية,دبلوم,الحاسب وتقنية المعلومات,تقنية الدعم الفني للحاسب,برامج مفعله,26,70,الفصل التدريبي الأول ,6,16,حاسب-101,مقدمة تطبيقات الحاسب,0,4
الكلية التقنية,دبلوم,الحاسب وتقنية المعلومات,تقنية الدعم الفني للحاسب,برامج مفعله,26,70,الفصل التدريبي الأول ,6,16,حاسب-121,تجميع الحاسب وتشغيله,1,4
كلية الاتصالات والإلكترونيات,دبلوم,الحاسب وتقنية المعلومات,تقنية الدعم الفني للحاسب,برامج مفعله,26,70,الفصل التدريبي الأول ,6,16,حاسب-121,تجميع الحاسب وتشغيله,1,4
كلية  التقنية التطبيقية,دبلوم,الحاسب وتقنية المعلومات,تقنية الدعم الفني للحاسب,برامج مفعله,26,70,الفصل التدريبي الأول ,6,16,حاسب-121,تجميع الحاسب وتشغيله,1,4
كلية  التقنية التطبيقية,دبلوم,الحاسب وتقنية المعلومات,تقنية الدعم الفني للحاسب,برامج مفعله,26,70,الفصل التدريبي الأول ,6,16,رياض-101,الرياضيات,4,0
كلية الاتصالات والإلكترونيات,دبلوم,الحاسب وتقنية المعلومات,تقنية الدعم الفني للحاسب,برامج مفعله,26,70,الفصل التدريبي الأول ,6,16,رياض-101,الرياضيات,4,0
الكلية التقنية,دبلوم,الحاسب وتقنية المعلومات,تقنية الدعم الفني للحاسب,برامج مفعله,26,70,الفصل التدريبي الأول ,6,16,رياض-101,الرياضيات,4,0
كلية  التقنية التطبيقية,دبلوم,الحاسب وتقنية المعلومات,تقنية الدعم الفني للحاسب,برامج مفعله,26,70,الفصل التدريبي الأول ,6,16,فيزي-101,الفيزياء,2,2
الكلية التقنية,دبلوم,الحاسب وتقنية المعلومات,تقنية الدعم الفني للحاسب,برامج مفعله,26,70,الفصل التدريبي الأول ,6,16,فيزي-101,الفيزياء,2,2
كلية الاتصالات والإلكترونيات,دبلوم,الحاسب وتقنية المعلومات,تقنية الدعم الفني للحاسب,برامج مفعله,26,70,الفصل التدريبي الأول ,6,16,فيزي-101,الفيزياء,2,2
الكلية التقنية,دبلوم,الحاسب وتقنية المعلومات,تقنية الدعم الفني للحاسب,برامج مفعله,26,70,الفصل التدريبي الثالث ,5,17,انجل-103,لغة إنجليزية (3),4,0
كلية  التقنية التطبيقية,دبلوم,الحاسب وتقنية المعلومات,تقنية الدعم الفني للحاسب,برامج مفعله,26,70,الفصل التدريبي الثالث ,5,17,انجل-103,لغة إنجليزية (3),4,0
كلية الاتصالات والإلكترونيات,دبلوم,الحاسب وتقنية المعلومات,تقنية الدعم الفني للحاسب,برامج مفعله,26,70,الفصل التدريبي الثالث ,5,17,انجل-103,لغة إنجليزية (3),4,0
الكلية التقنية,دبلوم,الحاسب وتقنية المعلومات,تقنية الدعم الفني للحاسب,برامج مفعله,26,70,الفصل التدريبي الثالث ,5,17,برمج-111,أساسيات برمجة الحاسب,2,4
كلية  التقنية التطبيقية,دبلوم,الحاسب وتقنية المعلومات,تقنية الدعم الفني للحاسب,برامج مفعله,26,70,الفصل التدريبي الثالث ,5,17,برمج-111,أساسيات برمجة الحاسب,2,4
كلية الاتصالات والإلكترونيات,دبلوم,الحاسب وتقنية المعلومات,تقنية الدعم الفني للحاسب,برامج مفعله,26,70,الفصل التدريبي الثالث ,5,17,برمج-111,أساسيات برمجة الحاسب,2,4
كلية الاتصالات والإلكترونيات,دبلوم,الحاسب وتقنية المعلومات,تقنية الدعم الفني للحاسب,برامج مفعله,26,70,الفصل التدريبي الثالث ,5,17,داعم-151,نظم التشغيل (1),2,4
كلية  التقنية التطبيقية,دبلوم,الحاسب وتقنية المعلومات,تقنية الدعم الفني للحاسب,برامج مفعله,26,70,الفصل التدريبي الثالث ,5,17,داعم-151,نظم التشغيل (1),2,4
الكلية التقنية,دبلوم,الحاسب وتقنية المعلومات,تقنية الدعم الفني للحاسب,برامج مفعله,26,70,الفصل التدريبي الثالث ,5,17,داعم-151,نظم التشغيل (1),2,4
كلية الاتصالات والإلكترونيات,دبلوم,الحاسب وتقنية المعلومات,تقنية الدعم الفني للحاسب,برامج مفعله,26,70,الفصل التدريبي الثالث ,5,17,رياد-212,ريادة اعمال الحاسب وتقنية المعلومات,1,2
الكلية التقنية,دبلوم,الحاسب وتقنية المعلومات,تقنية الدعم الفني للحاسب,برامج مفعله,26,70,الفصل التدريبي الثالث ,5,17,رياد-212,ريادة اعمال الحاسب وتقنية المعلومات,1,2
كلية  التقنية التطبيقية,دبلوم,الحاسب وتقنية المعلومات,تقنية الدعم الفني للحاسب,برامج مفعله,26,70,الفصل التدريبي الثالث ,5,17,رياد-212,ريادة اعمال الحاسب وتقنية المعلومات,1,2
كلية  التقنية التطبيقية,دبلوم,الحاسب وتقنية المعلومات,تقنية الدعم الفني للحاسب,برامج مفعله,26,70,الفصل التدريبي الثالث ,5,17,شبكا-121,التوجيه والتحويل (1),2,4
الكلية التقنية,دبلوم,الحاسب وتقنية المعلومات,تقنية الدعم الفني للحاسب,برامج مفعله,26,70,الفصل التدريبي الثالث ,5,17,شبكا-121,التوجيه والتحويل (1),2,4
كلية الاتصالات والإلكترونيات,دبلوم,الحاسب وتقنية المعلومات,تقنية الدعم الفني للحاسب,برامج مفعله,26,70,الفصل التدريبي الثالث ,5,17,شبكا-121,التوجيه والتحويل (1),2,4
كلية الاتصالات والإلكترونيات,دبلوم,الحاسب وتقنية المعلومات,تقنية الدعم الفني للحاسب,برامج مفعله,26,70,الفصل التدريبي الثاني ,7,18,اسلم-101,الدراسات الإسلامية,2,0
الكلية التقنية,دبلوم,الحاسب وتقنية المعلومات,تقنية الدعم الفني للحاسب,برامج مفعله,26,70,الفصل التدريبي الثاني ,7,18,اسلم-101,الدراسات الإسلامية,2,0
كلية  التقنية التطبيقية,دبلوم,الحاسب وتقنية المعلومات,تقنية الدعم الفني للحاسب,برامج مفعله,26,70,الفصل التدريبي الثاني ,7,18,اسلم-101,الدراسات الإسلامية,2,0
الكلية التقنية,دبلوم,الحاسب وتقنية المعلومات,تقنية الدعم الفني للحاسب,برامج مفعله,26,70,الفصل التدريبي الثاني ,7,18,انجل-102,لغة إنجليزية (2),4,0
كلية  التقنية التطبيقية,دبلوم,الحاسب وتقنية المعلومات,تقنية الدعم الفني للحاسب,برامج مفعله,26,70,الفصل التدريبي الثاني ,7,18,انجل-102,لغة إنجليزية (2),4,0
كلية الاتصالات والإلكترونيات,دبلوم,الحاسب وتقنية المعلومات,تقنية الدعم الفني للحاسب,برامج مفعله,26,70,الفصل التدريبي الثاني ,7,18,انجل-102,لغة إنجليزية (2),4,0
كلية  التقنية التطبيقية,دبلوم,الحاسب وتقنية المعلومات,تقنية الدعم الفني للحاسب,برامج مفعله,26,70,الفصل التدريبي الثاني ,7,18,حاسب-102,تطبيقات الحاسب المتقدمة,0,4
كلية الاتصالات والإلكترونيات,دبلوم,الحاسب وتقنية المعلومات,تقنية الدعم الفني للحاسب,برامج مفعله,26,70,الفصل التدريبي الثاني ,7,18,حاسب-102,تطبيقات الحاسب المتقدمة,0,4
الكلية التقنية,دبلوم,الحاسب وتقنية المعلومات,تقنية الدعم الفني للحاسب,برامج مفعله,26,70,الفصل التدريبي الثاني ,7,18,حاسب-102,تطبيقات الحاسب المتقدمة,0,4
الكلية التقنية,دبلوم,الحاسب وتقنية المعلومات,تقنية الدعم الفني للحاسب,برامج مفعله,26,70,الفصل التدريبي الثاني ,7,18,داعم-111,دوائر رقمية,2,2
كلية  التقنية التطبيقية,دبلوم,الحاسب وتقنية المعلومات,تقنية الدعم الفني للحاسب,برامج مفعله,26,70,الفصل التدريبي الثاني ,7,18,داعم-111,دوائر رقمية,2,2
كلية الاتصالات والإلكترونيات,دبلوم,الحاسب وتقنية المعلومات,تقنية الدعم الفني للحاسب,برامج مفعله,26,70,الفصل التدريبي الثاني ,7,18,داعم-111,دوائر رقمية,2,2
كلية الاتصالات والإلكترونيات,دبلوم,الحاسب وتقنية المعلومات,تقنية الدعم الفني للحاسب,برامج مفعله,26,70,الفصل التدريبي الثاني ,7,18,رياد-101,أساسيات ريادة الأعمال,2,0
كلية  التقنية التطبيقية,دبلوم,الحاسب وتقنية المعلومات,تقنية الدعم الفني للحاسب,برامج مفعله,26,70,الفصل التدريبي الثاني ,7,18,رياد-101,أساسيات ريادة الأعمال,2,0
الكلية التقنية,دبلوم,الحاسب وتقنية المعلومات,تقنية الدعم الفني للحاسب,برامج مفعله,26,70,الفصل التدريبي الثاني ,7,18,رياد-101,أساسيات ريادة الأعمال,2,0
الكلية التقنية,دبلوم,الحاسب وتقنية المعلومات,تقنية الدعم الفني للحاسب,برامج مفعله,26,70,الفصل التدريبي الثاني ,7,18,شبكا-111,مبادئ شبكات الحاسب,3,2
كلية الاتصالات والإلكترونيات,دبلوم,الحاسب وتقنية المعلومات,تقنية الدعم الفني للحاسب,برامج مفعله,26,70,الفصل التدريبي الثاني ,7,18,شبكا-111,مبادئ شبكات الحاسب,3,2
كلية  التقنية التطبيقية,دبلوم,الحاسب وتقنية المعلومات,تقنية الدعم الفني للحاسب,برامج مفعله,26,70,الفصل التدريبي الثاني ,7,18,شبكا-111,مبادئ شبكات الحاسب,3,2
كلية الاتصالات والإلكترونيات,دبلوم,الحاسب وتقنية المعلومات,تقنية الدعم الفني للحاسب,برامج مفعله,26,70,الفصل التدريبي الثاني ,7,18,عربي-101,الكتابة الفنية,2,0
الكلية التقنية,دبلوم,الحاسب وتقنية المعلومات,تقنية الدعم الفني للحاسب,برامج مفعله,26,70,الفصل التدريبي الثاني ,7,18,عربي-101,الكتابة الفنية,2,0
كلية  التقنية التطبيقية,دبلوم,الحاسب وتقنية المعلومات,تقنية الدعم الفني للحاسب,برامج مفعله,26,70,الفصل التدريبي الثاني ,7,18,عربي-101,الكتابة الفنية,2,0
الكلية التقنية,دبلوم,الحاسب وتقنية المعلومات,تقنية الدعم الفني للحاسب,برامج مفعله,26,70,الفصل التدريبي الخامس ,1,2, داعم-288,المشروع الإنتاجي,0,0
كلية  التقنية التطبيقية,دبلوم,الحاسب وتقنية المعلومات,تقنية الدعم الفني للحاسب,برامج مفعله,26,70,الفصل التدريبي الخامس ,1,2, داعم-288,المشروع الإنتاجي,0,0
كلية الاتصالات والإلكترونيات,دبلوم,الحاسب وتقنية المعلومات,تقنية الدعم الفني للحاسب,برامج مفعله,26,70,الفصل التدريبي الخامس ,1,2, داعم-288,المشروع الإنتاجي,0,0
كلية  التقنية التطبيقية,دبلوم,الحاسب وتقنية المعلومات,تقنية الدعم الفني للحاسب,برامج مفعله,26,70,الفصل التدريبي الخامس ,1,2,داعم-299,التدريب التعاوني,0,0
كلية الاتصالات والإلكترونيات,دبلوم,الحاسب وتقنية المعلومات,تقنية الدعم الفني للحاسب,برامج مفعله,26,70,الفصل التدريبي الخامس ,1,2,داعم-299,التدريب التعاوني,0,0
الكلية التقنية,دبلوم,الحاسب وتقنية المعلومات,تقنية الدعم الفني للحاسب,برامج مفعله,26,70,الفصل التدريبي الخامس ,1,2,داعم-299,التدريب التعاوني,0,0
الكلية التقنية,دبلوم,الحاسب وتقنية المعلومات,تقنية الدعم الفني للحاسب,برامج مفعله,26,70,الفصل التدريبي الرابع ,7,17,اسلك-201,السلوك الوظيفي والمستقبل المهني,2,0
كلية الاتصالات والإلكترونيات,دبلوم,الحاسب وتقنية المعلومات,تقنية الدعم الفني للحاسب,برامج مفعله,26,70,الفصل التدريبي الرابع ,7,17,اسلك-201,السلوك الوظيفي والمستقبل المهني,2,0
كلية  التقنية التطبيقية,دبلوم,الحاسب وتقنية المعلومات,تقنية الدعم الفني للحاسب,برامج مفعله,26,70,الفصل التدريبي الرابع ,7,17,اسلك-201,السلوك الوظيفي والمستقبل المهني,2,0
الكلية التقنية,دبلوم,الحاسب وتقنية المعلومات,تقنية الدعم الفني للحاسب,برامج مفعله,26,70,الفصل التدريبي الرابع ,7,17,انجل-204,لغة إنجليزية (4 ),4,0
كلية الاتصالات والإلكترونيات,دبلوم,الحاسب وتقنية المعلومات,تقنية الدعم الفني للحاسب,برامج مفعله,26,70,الفصل التدريبي الرابع ,7,17,انجل-204,لغة إنجليزية (4 ),4,0
كلية  التقنية التطبيقية,دبلوم,الحاسب وتقنية المعلومات,تقنية الدعم الفني للحاسب,برامج مفعله,26,70,الفصل التدريبي الرابع ,7,17,انجل-204,لغة إنجليزية (4 ),4,0
الكلية التقنية,دبلوم,الحاسب وتقنية المعلومات,تقنية الدعم الفني للحاسب,برامج مفعله,26,70,الفصل التدريبي الرابع ,7,17,حاسب-280,التأهيل للشهادات الاحترافية,1,0
كلية  التقنية التطبيقية,دبلوم,الحاسب وتقنية المعلومات,تقنية الدعم الفني للحاسب,برامج مفعله,26,70,الفصل التدريبي الرابع ,7,17,حاسب-280,التأهيل للشهادات الاحترافية,1,0
كلية الاتصالات والإلكترونيات,دبلوم,الحاسب وتقنية المعلومات,تقنية الدعم الفني للحاسب,برامج مفعله,26,70,الفصل التدريبي الرابع ,7,17,حاسب-280,التأهيل للشهادات الاحترافية,1,0
الكلية التقنية,دبلوم,الحاسب وتقنية المعلومات,تقنية الدعم الفني للحاسب,برامج مفعله,26,70,الفصل التدريبي الرابع ,7,17,داعم-221,مهارات الدعم الفني,0,4
كلية  التقنية التطبيقية,دبلوم,الحاسب وتقنية المعلومات,تقنية الدعم الفني للحاسب,برامج مفعله,26,70,الفصل التدريبي الرابع ,7,17,داعم-221,مهارات الدعم الفني,0,4
كلية الاتصالات والإلكترونيات,دبلوم,الحاسب وتقنية المعلومات,تقنية الدعم الفني للحاسب,برامج مفعله,26,70,الفصل التدريبي الرابع ,7,17,داعم-221,مهارات الدعم الفني,0,4
كلية  التقنية التطبيقية,دبلوم,الحاسب وتقنية المعلومات,تقنية الدعم الفني للحاسب,برامج مفعله,26,70,الفصل التدريبي الرابع ,7,17,داعم-252,نظم التشغيل (2),2,4
الكلية التقنية,دبلوم,الحاسب وتقنية المعلومات,تقنية الدعم الفني للحاسب,برامج مفعله,26,70,الفصل التدريبي الرابع ,7,17,داعم-252,نظم التشغيل (2),2,4
كلية الاتصالات والإلكترونيات,دبلوم,الحاسب وتقنية المعلومات,تقنية الدعم الفني للحاسب,برامج مفعله,26,70,الفصل التدريبي الرابع ,7,17,داعم-252,نظم التشغيل (2),2,4
كلية الاتصالات والإلكترونيات,دبلوم,الحاسب وتقنية المعلومات,تقنية الدعم الفني للحاسب,برامج مفعله,26,70,الفصل التدريبي الرابع ,7,17,داعم-295,مشروع,1,2
كلية  التقنية التطبيقية,دبلوم,الحاسب وتقنية المعلومات,تقنية الدعم الفني للحاسب,برامج مفعله,26,70,الفصل التدريبي الرابع ,7,17,داعم-295,مشروع,1,2
الكلية التقنية,دبلوم,الحاسب وتقنية المعلومات,تقنية الدعم الفني للحاسب,برامج مفعله,26,70,الفصل التدريبي الرابع ,7,17,داعم-295,مشروع,1,2
الكلية التقنية,دبلوم,الحاسب وتقنية المعلومات,تقنية الدعم الفني للحاسب,برامج مفعله,26,70,الفصل التدريبي الرابع ,7,17,شبكا-231,مقدمة في أمن الشبكات,2,2
كلية الاتصالات والإلكترونيات,دبلوم,الحاسب وتقنية المعلومات,تقنية الدعم الفني للحاسب,برامج مفعله,26,70,الفصل التدريبي الرابع ,7,17,شبكا-231,مقدمة في أمن الشبكات,2,2
كلية  التقنية التطبيقية,دبلوم,الحاسب وتقنية المعلومات,تقنية الدعم الفني للحاسب,برامج مفعله,26,70,الفصل التدريبي الرابع ,7,17,شبكا-231,مقدمة في أمن الشبكات,2,2
الكلية التقنية,دبلوم,التقنية الالكترونية,تقنية الروبوتات والذكاء الاصطن,برامج مفعله,35,70,الفصل التدريبي الأول ,8,19,اجدق-111,هندسة كهربائية-1,2,2
الكلية التقنية,دبلوم,التقنية الالكترونية,تقنية الروبوتات والذكاء الاصطن,برامج مفعله,35,70,الفصل التدريبي الأول ,8,19,الكت-101,سلامة صناعية,1,0
الكلية التقنية,دبلوم,التقنية الالكترونية,تقنية الروبوتات والذكاء الاصطن,برامج مفعله,35,70,الفصل التدريبي الأول ,8,19,الكت-102,ورشة تأهيلية,0,4
الكلية التقنية,دبلوم,التقنية الالكترونية,تقنية الروبوتات والذكاء الاصطن,برامج مفعله,35,70,الفصل التدريبي الأول ,8,19,انجل-101,لغة إنجليزية (1),4,0
الكلية التقنية,دبلوم,التقنية الالكترونية,تقنية الروبوتات والذكاء الاصطن,برامج مفعله,35,70,الفصل التدريبي الأول ,8,19,حاسب-101,مقدمة تطبيقات الحاسب,0,4
الكلية التقنية,دبلوم,التقنية الالكترونية,تقنية الروبوتات والذكاء الاصطن,برامج مفعله,35,70,الفصل التدريبي الأول ,8,19,رياض-121,الرياضيات,4,0
الكلية التقنية,دبلوم,التقنية الالكترونية,تقنية الروبوتات والذكاء الاصطن,برامج مفعله,35,70,الفصل التدريبي الأول ,8,19,عربي-101,الكتابة الفنية,2,0
الكلية التقنية,دبلوم,التقنية الالكترونية,تقنية الروبوتات والذكاء الاصطن,برامج مفعله,35,70,الفصل التدريبي الأول ,8,19,فيزي-101,الفيزياء,2,2
الكلية التقنية,دبلوم,التقنية الالكترونية,تقنية الروبوتات والذكاء الاصطن,برامج مفعله,35,70,الفصل التدريبي الثالث ,8,14,اجدق-122,اساسيات البرمجة,0,2
الكلية التقنية,دبلوم,التقنية الالكترونية,تقنية الروبوتات والذكاء الاصطن,برامج مفعله,35,70,الفصل التدريبي الثالث ,8,14,الكت-223,حساسات ومبدلات,1,2
الكلية التقنية,دبلوم,التقنية الالكترونية,تقنية الروبوتات والذكاء الاصطن,برامج مفعله,35,70,الفصل التدريبي الثالث ,8,14,الكت-242,دوائرالكترونية,1,2
الكلية التقنية,دبلوم,التقنية الالكترونية,تقنية الروبوتات والذكاء الاصطن,برامج مفعله,35,70,الفصل التدريبي الثالث ,8,14,انجل-103,لغة إنجليزية (3),4,0
الكلية التقنية,دبلوم,التقنية الالكترونية,تقنية الروبوتات والذكاء الاصطن,برامج مفعله,35,70,الفصل التدريبي الثالث ,8,14,ربوت-113,ورشة الرسم الميكانيكي,0,2
الكلية التقنية,دبلوم,التقنية الالكترونية,تقنية الروبوتات والذكاء الاصطن,برامج مفعله,35,70,الفصل التدريبي الثالث ,8,14,ربوت-124,أساسيات الروبوت(2),1,2
الكلية التقنية,دبلوم,التقنية الالكترونية,تقنية الروبوتات والذكاء الاصطن,برامج مفعله,35,70,الفصل التدريبي الثالث ,8,14,ربوت-204,أنظمة تشغيل الروبوتات,0,2
الكلية التقنية,دبلوم,التقنية الالكترونية,تقنية الروبوتات والذكاء الاصطن,برامج مفعله,35,70,الفصل التدريبي الثالث ,8,14,رياد-222,ريادة اعمال الالكترونيات,1,2
الكلية التقنية,دبلوم,التقنية الالكترونية,تقنية الروبوتات والذكاء الاصطن,برامج مفعله,35,70,الفصل التدريبي الثاني ,9,21,اجدق-112,هندسة كهربائية -2,2,2
الكلية التقنية,دبلوم,التقنية الالكترونية,تقنية الروبوتات والذكاء الاصطن,برامج مفعله,35,70,الفصل التدريبي الثاني ,9,21,اجدق-121,دوائر رقمية,1,2
الكلية التقنية,دبلوم,التقنية الالكترونية,تقنية الروبوتات والذكاء الاصطن,برامج مفعله,35,70,الفصل التدريبي الثاني ,9,21,الكت-121,عناصر إلكترونية,1,2
الكلية التقنية,دبلوم,التقنية الالكترونية,تقنية الروبوتات والذكاء الاصطن,برامج مفعله,35,70,الفصل التدريبي الثاني ,9,21,الكت-131,التحليل الهندسي,2,0
الكلية التقنية,دبلوم,التقنية الالكترونية,تقنية الروبوتات والذكاء الاصطن,برامج مفعله,35,70,الفصل التدريبي الثاني ,9,21,انجل-102,لغة إنجليزية (2),4,0
الكلية التقنية,دبلوم,التقنية الالكترونية,تقنية الروبوتات والذكاء الاصطن,برامج مفعله,35,70,الفصل التدريبي الثاني ,9,21,برمج-101,الخوارزميات والمنطق,2,2
الكلية التقنية,دبلوم,التقنية الالكترونية,تقنية الروبوتات والذكاء الاصطن,برامج مفعله,35,70,الفصل التدريبي الثاني ,9,21,ربوت-114,أساسيات الروبوت(1),1,2
الكلية التقنية,دبلوم,التقنية الالكترونية,تقنية الروبوتات والذكاء الاصطن,برامج مفعله,35,70,الفصل التدريبي الثاني ,9,21,ربوت-121,مقدمة في الذكاء الاصطناعي,2,0
الكلية التقنية,دبلوم,التقنية الالكترونية,تقنية الروبوتات والذكاء الاصطن,برامج مفعله,35,70,الفصل التدريبي الثاني ,9,21,رياد-101,أساسيات ريادة الأعمال,2,0
الكلية التقنية,دبلوم,التقنية الالكترونية,تقنية الروبوتات والذكاء الاصطن,برامج مفعله,35,70,الفصل التدريبي الخامس ,1,2, ربوت-288,المشروع الإنتاجي,0,0
الكلية التقنية,دبلوم,التقنية الالكترونية,تقنية الروبوتات والذكاء الاصطن,برامج مفعله,35,70,الفصل التدريبي الخامس ,1,2,ربوت-299,التدريب التعاوني,0,0
الكلية التقنية,دبلوم,التقنية الالكترونية,تقنية الروبوتات والذكاء الاصطن,برامج مفعله,35,70,الفصل التدريبي الرابع ,9,14,اسلك-201,السلوك الوظيفي والمستقبل المهني,2,0
الكلية التقنية,دبلوم,التقنية الالكترونية,تقنية الروبوتات والذكاء الاصطن,برامج مفعله,35,70,الفصل التدريبي الرابع ,9,14,اسلم-101,الدراسات الإسلامية,2,0
الكلية التقنية,دبلوم,التقنية الالكترونية,تقنية الروبوتات والذكاء الاصطن,برامج مفعله,35,70,الفصل التدريبي الرابع ,9,14,الكت-233,تحكم آلى,1,2
الكلية التقنية,دبلوم,التقنية الالكترونية,تقنية الروبوتات والذكاء الاصطن,برامج مفعله,35,70,الفصل التدريبي الرابع ,9,14,ربوت-122,اساسيات برمجة الربوتات,0,2
الكلية التقنية,دبلوم,التقنية الالكترونية,تقنية الروبوتات والذكاء الاصطن,برامج مفعله,35,70,الفصل التدريبي الرابع ,9,14,ربوت-203,برمجة الذكاء الاصطناعي,1,2
الكلية التقنية,دبلوم,التقنية الالكترونية,تقنية الروبوتات والذكاء الاصطن,برامج مفعله,35,70,الفصل التدريبي الرابع ,9,14,ربوت-205,ورشة الروبوتات الصناعية,0,2
الكلية التقنية,دبلوم,التقنية الالكترونية,تقنية الروبوتات والذكاء الاصطن,برامج مفعله,35,70,الفصل التدريبي الرابع ,9,14,ربوت-206,ورشة الأنظمة المدمجة,0,2
الكلية التقنية,دبلوم,التقنية الالكترونية,تقنية الروبوتات والذكاء الاصطن,برامج مفعله,35,70,الفصل التدريبي الرابع ,9,14,ربوت-212,تطبيقات الروبوتات المتقدمة,0,2
الكلية التقنية,دبلوم,التقنية الالكترونية,تقنية الروبوتات والذكاء الاصطن,برامج مفعله,35,70,الفصل التدريبي الرابع ,9,14,ربوت-291,مشروع,1,2
كلية السياحة و الفندقة,دبلوم,تقنية البيئة,تقنية السلامة والصحة المهنية,برامج مفعله,32,67,الفصل التدريبي الأول ,7,16,انجل-101,لغة إنجليزية (1),4,0
الكلية التقنية,دبلوم,تقنية البيئة,تقنية السلامة والصحة المهنية,برامج مفعله,32,67,الفصل التدريبي الأول ,7,16,انجل-101,لغة إنجليزية (1),4,0
كلية السياحة و الفندقة,دبلوم,تقنية البيئة,تقنية السلامة والصحة المهنية,برامج مفعله,32,67,الفصل التدريبي الأول ,7,16,حاسب-101,مقدمة تطبيقات الحاسب,0,4
الكلية التقنية,دبلوم,تقنية البيئة,تقنية السلامة والصحة المهنية,برامج مفعله,32,67,الفصل التدريبي الأول ,7,16,حاسب-101,مقدمة تطبيقات الحاسب,0,4
كلية السياحة و الفندقة,دبلوم,تقنية البيئة,تقنية السلامة والصحة المهنية,برامج مفعله,32,67,الفصل التدريبي الأول ,7,16,حامي-111,مدخل إلي علم البيئة,2,0
الكلية التقنية,دبلوم,تقنية البيئة,تقنية السلامة والصحة المهنية,برامج مفعله,32,67,الفصل التدريبي الأول ,7,16,حامي-111,مدخل إلي علم البيئة,2,0
كلية السياحة و الفندقة,دبلوم,تقنية البيئة,تقنية السلامة والصحة المهنية,برامج مفعله,32,67,الفصل التدريبي الأول ,7,16,رياض-101,الرياضيات,4,0
الكلية التقنية,دبلوم,تقنية البيئة,تقنية السلامة والصحة المهنية,برامج مفعله,32,67,الفصل التدريبي الأول ,7,16,رياض-101,الرياضيات,4,0
الكلية التقنية,دبلوم,تقنية البيئة,تقنية السلامة والصحة المهنية,برامج مفعله,32,67,الفصل التدريبي الأول ,7,16,سلام-111,مقدمة في السلامة والصحة المهنية,1,0
كلية السياحة و الفندقة,دبلوم,تقنية البيئة,تقنية السلامة والصحة المهنية,برامج مفعله,32,67,الفصل التدريبي الأول ,7,16,سلام-111,مقدمة في السلامة والصحة المهنية,1,0
كلية السياحة و الفندقة,دبلوم,تقنية البيئة,تقنية السلامة والصحة المهنية,برامج مفعله,32,67,الفصل التدريبي الأول ,7,16,عربي-101,الكتابة الفنية,2,0
الكلية التقنية,دبلوم,تقنية البيئة,تقنية السلامة والصحة المهنية,برامج مفعله,32,67,الفصل التدريبي الأول ,7,16,عربي-101,الكتابة الفنية,2,0
الكلية التقنية,دبلوم,تقنية البيئة,تقنية السلامة والصحة المهنية,برامج مفعله,32,67,الفصل التدريبي الأول ,7,16,كيمي-111,كيمياء,2,2
كلية السياحة و الفندقة,دبلوم,تقنية البيئة,تقنية السلامة والصحة المهنية,برامج مفعله,32,67,الفصل التدريبي الأول ,7,16,كيمي-111,كيمياء,2,2
كلية السياحة و الفندقة,دبلوم,تقنية البيئة,تقنية السلامة والصحة المهنية,برامج مفعله,32,67,الفصل التدريبي الثالث ,7,14,انجل-103,لغة إنجليزية (3),4,0
الكلية التقنية,دبلوم,تقنية البيئة,تقنية السلامة والصحة المهنية,برامج مفعله,32,67,الفصل التدريبي الثالث ,7,14,انجل-103,لغة إنجليزية (3),4,0
الكلية التقنية,دبلوم,تقنية البيئة,تقنية السلامة والصحة المهنية,برامج مفعله,32,67,الفصل التدريبي الثالث ,7,14,رياد-244,ريادة الاعمال في مجال البيئة,1,2
كلية السياحة و الفندقة,دبلوم,تقنية البيئة,تقنية السلامة والصحة المهنية,برامج مفعله,32,67,الفصل التدريبي الثالث ,7,14,رياد-244,ريادة الاعمال في مجال البيئة,1,2
الكلية التقنية,دبلوم,تقنية البيئة,تقنية السلامة والصحة المهنية,برامج مفعله,32,67,الفصل التدريبي الثالث ,7,14,سلام-121,علم السموم,1,2
كلية السياحة و الفندقة,دبلوم,تقنية البيئة,تقنية السلامة والصحة المهنية,برامج مفعله,32,67,الفصل التدريبي الثالث ,7,14,سلام-121,علم السموم,1,2
كلية السياحة و الفندقة,دبلوم,تقنية البيئة,تقنية السلامة والصحة المهنية,برامج مفعله,32,67,الفصل التدريبي الثالث ,7,14,سلام-142,المخاطر في الإنشاءات,1,2
الكلية التقنية,دبلوم,تقنية البيئة,تقنية السلامة والصحة المهنية,برامج مفعله,32,67,الفصل التدريبي الثالث ,7,14,سلام-142,المخاطر في الإنشاءات,1,2
الكلية التقنية,دبلوم,تقنية البيئة,تقنية السلامة والصحة المهنية,برامج مفعله,32,67,الفصل التدريبي الثالث ,7,14,سلام-251,مكافحة الحرائق,1,2
كلية السياحة و الفندقة,دبلوم,تقنية البيئة,تقنية السلامة والصحة المهنية,برامج مفعله,32,67,الفصل التدريبي الثالث ,7,14,سلام-251,مكافحة الحرائق,1,2
كلية السياحة و الفندقة,دبلوم,تقنية البيئة,تقنية السلامة والصحة المهنية,برامج مفعله,32,67,الفصل التدريبي الثالث ,7,14,سلام-252,الاستجابة للطوارئ,1,2
الكلية التقنية,دبلوم,تقنية البيئة,تقنية السلامة والصحة المهنية,برامج مفعله,32,67,الفصل التدريبي الثالث ,7,14,سلام-252,الاستجابة للطوارئ,1,2
الكلية التقنية,دبلوم,تقنية البيئة,تقنية السلامة والصحة المهنية,برامج مفعله,32,67,الفصل التدريبي الثالث ,7,14,سلام-272,أنظمة ولوائح السلامة والصحة المهنية,1,0
كلية السياحة و الفندقة,دبلوم,تقنية البيئة,تقنية السلامة والصحة المهنية,برامج مفعله,32,67,الفصل التدريبي الثالث ,7,14,سلام-272,أنظمة ولوائح السلامة والصحة المهنية,1,0
كلية السياحة و الفندقة,دبلوم,تقنية البيئة,تقنية السلامة والصحة المهنية,برامج مفعله,32,67,الفصل التدريبي الثاني ,8,19,احصا-111,مقدمة في علم الاحصاء,3,0
الكلية التقنية,دبلوم,تقنية البيئة,تقنية السلامة والصحة المهنية,برامج مفعله,32,67,الفصل التدريبي الثاني ,8,19,احصا-111,مقدمة في علم الاحصاء,3,0
كلية السياحة و الفندقة,دبلوم,تقنية البيئة,تقنية السلامة والصحة المهنية,برامج مفعله,32,67,الفصل التدريبي الثاني ,8,19,احيا-111,الأحياء الدقيقة والطفيليات,2,2
الكلية التقنية,دبلوم,تقنية البيئة,تقنية السلامة والصحة المهنية,برامج مفعله,32,67,الفصل التدريبي الثاني ,8,19,احيا-111,الأحياء الدقيقة والطفيليات,2,2
كلية السياحة و الفندقة,دبلوم,تقنية البيئة,تقنية السلامة والصحة المهنية,برامج مفعله,32,67,الفصل التدريبي الثاني ,8,19,اسلم-101,الدراسات الإسلامية,2,0
الكلية التقنية,دبلوم,تقنية البيئة,تقنية السلامة والصحة المهنية,برامج مفعله,32,67,الفصل التدريبي الثاني ,8,19,اسلم-101,الدراسات الإسلامية,2,0
كلية السياحة و الفندقة,دبلوم,تقنية البيئة,تقنية السلامة والصحة المهنية,برامج مفعله,32,67,الفصل التدريبي الثاني ,8,19,انجل-102,لغة إنجليزية (2),4,0
الكلية التقنية,دبلوم,تقنية البيئة,تقنية السلامة والصحة المهنية,برامج مفعله,32,67,الفصل التدريبي الثاني ,8,19,انجل-102,لغة إنجليزية (2),4,0
كلية السياحة و الفندقة,دبلوم,تقنية البيئة,تقنية السلامة والصحة المهنية,برامج مفعله,32,67,الفصل التدريبي الثاني ,8,19,رياد-101,أساسيات ريادة الأعمال,2,0
الكلية التقنية,دبلوم,تقنية البيئة,تقنية السلامة والصحة المهنية,برامج مفعله,32,67,الفصل التدريبي الثاني ,8,19,رياد-101,أساسيات ريادة الأعمال,2,0
كلية السياحة و الفندقة,دبلوم,تقنية البيئة,تقنية السلامة والصحة المهنية,برامج مفعله,32,67,الفصل التدريبي الثاني ,8,19,سلام-141,المخاطر في الصناعة,1,2
الكلية التقنية,دبلوم,تقنية البيئة,تقنية السلامة والصحة المهنية,برامج مفعله,32,67,الفصل التدريبي الثاني ,8,19,سلام-141,المخاطر في الصناعة,1,2
الكلية التقنية,دبلوم,تقنية البيئة,تقنية السلامة والصحة المهنية,برامج مفعله,32,67,الفصل التدريبي الثاني ,8,19,سلام-171,نظام إدارة السلامة والصحة المهنية,2,0
كلية السياحة و الفندقة,دبلوم,تقنية البيئة,تقنية السلامة والصحة المهنية,برامج مفعله,32,67,الفصل التدريبي الثاني ,8,19,سلام-171,نظام إدارة السلامة والصحة المهنية,2,0
كلية السياحة و الفندقة,دبلوم,تقنية البيئة,تقنية السلامة والصحة المهنية,برامج مفعله,32,67,الفصل التدريبي الثاني ,8,19,سلام-223,السلامة المرورية,2,0
الكلية التقنية,دبلوم,تقنية البيئة,تقنية السلامة والصحة المهنية,برامج مفعله,32,67,الفصل التدريبي الثاني ,8,19,سلام-223,السلامة المرورية,2,0
كلية السياحة و الفندقة,دبلوم,تقنية البيئة,تقنية السلامة والصحة المهنية,برامج مفعله,32,67,الفصل التدريبي الخامس ,1,2, سلام-288,المشروع الإنتاجي,0,0
الكلية التقنية,دبلوم,تقنية البيئة,تقنية السلامة والصحة المهنية,برامج مفعله,32,67,الفصل التدريبي الخامس ,1,2, سلام-288,المشروع الإنتاجي,0,0
كلية السياحة و الفندقة,دبلوم,تقنية البيئة,تقنية السلامة والصحة المهنية,برامج مفعله,32,67,الفصل التدريبي الخامس ,1,2,سلام-299,التدريب التعاوني,0,0
الكلية التقنية,دبلوم,تقنية البيئة,تقنية السلامة والصحة المهنية,برامج مفعله,32,67,الفصل التدريبي الخامس ,1,2,سلام-299,التدريب التعاوني,0,0
الكلية التقنية,دبلوم,تقنية البيئة,تقنية السلامة والصحة المهنية,برامج مفعله,32,67,الفصل التدريبي الرابع ,9,16,اسلك-201,السلوك الوظيفي والمستقبل المهني,2,0
كلية السياحة و الفندقة,دبلوم,تقنية البيئة,تقنية السلامة والصحة المهنية,برامج مفعله,32,67,الفصل التدريبي الرابع ,9,16,اسلك-201,السلوك الوظيفي والمستقبل المهني,2,0
الكلية التقنية,دبلوم,تقنية البيئة,تقنية السلامة والصحة المهنية,برامج مفعله,32,67,الفصل التدريبي الرابع ,9,16,حامي-281,تحليل البيانات باستخدام تطبيقات الحاسب الالي,0,2
كلية السياحة و الفندقة,دبلوم,تقنية البيئة,تقنية السلامة والصحة المهنية,برامج مفعله,32,67,الفصل التدريبي الرابع ,9,16,حامي-281,تحليل البيانات باستخدام تطبيقات الحاسب الالي,0,2
كلية السياحة و الفندقة,دبلوم,تقنية البيئة,تقنية السلامة والصحة المهنية,برامج مفعله,32,67,الفصل التدريبي الرابع ,9,16,سلام-211,العوامل البشرية,1,0
الكلية التقنية,دبلوم,تقنية البيئة,تقنية السلامة والصحة المهنية,برامج مفعله,32,67,الفصل التدريبي الرابع ,9,16,سلام-211,العوامل البشرية,1,0
كلية السياحة و الفندقة,دبلوم,تقنية البيئة,تقنية السلامة والصحة المهنية,برامج مفعله,32,67,الفصل التدريبي الرابع ,9,16,سلام-222,سلامة بيئة العمل,2,0
الكلية التقنية,دبلوم,تقنية البيئة,تقنية السلامة والصحة المهنية,برامج مفعله,32,67,الفصل التدريبي الرابع ,9,16,سلام-222,سلامة بيئة العمل,2,0
الكلية التقنية,دبلوم,تقنية البيئة,تقنية السلامة والصحة المهنية,برامج مفعله,32,67,الفصل التدريبي الرابع ,9,16,سلام-231,الصحة المهنية,2,0
كلية السياحة و الفندقة,دبلوم,تقنية البيئة,تقنية السلامة والصحة المهنية,برامج مفعله,32,67,الفصل التدريبي الرابع ,9,16,سلام-231,الصحة المهنية,2,0
الكلية التقنية,دبلوم,تقنية البيئة,تقنية السلامة والصحة المهنية,برامج مفعله,32,67,الفصل التدريبي الرابع ,9,16,سلام-253,الإخلاء و الإسعافات الأولية,1,2
كلية السياحة و الفندقة,دبلوم,تقنية البيئة,تقنية السلامة والصحة المهنية,برامج مفعله,32,67,الفصل التدريبي الرابع ,9,16,سلام-253,الإخلاء و الإسعافات الأولية,1,2
الكلية التقنية,دبلوم,تقنية البيئة,تقنية السلامة والصحة المهنية,برامج مفعله,32,67,الفصل التدريبي الرابع ,9,16,سلام-273,التحقيق في الحوادث,2,0
كلية السياحة و الفندقة,دبلوم,تقنية البيئة,تقنية السلامة والصحة المهنية,برامج مفعله,32,67,الفصل التدريبي الرابع ,9,16,سلام-273,التحقيق في الحوادث,2,0
الكلية التقنية,دبلوم,تقنية البيئة,تقنية السلامة والصحة المهنية,برامج مفعله,32,67,الفصل التدريبي الرابع ,9,16,سلام-274,التفتيش الميداني,1,2
كلية السياحة و الفندقة,دبلوم,تقنية البيئة,تقنية السلامة والصحة المهنية,برامج مفعله,32,67,الفصل التدريبي الرابع ,9,16,سلام-274,التفتيش الميداني,1,2
الكلية التقنية,دبلوم,تقنية البيئة,تقنية السلامة والصحة المهنية,برامج مفعله,32,67,الفصل التدريبي الرابع ,9,16,سلام-291,مشروع,1,2
كلية السياحة و الفندقة,دبلوم,تقنية البيئة,تقنية السلامة والصحة المهنية,برامج مفعله,32,67,الفصل التدريبي الرابع ,9,16,سلام-291,مشروع,1,2
الكلية التقنية,دبلوم,التقنية الكهربائية,تقنية الطاقة المتجددة,برامج مفعله,33,70,الفصل التدريبي الأول ,8,17,انجل-101,لغة إنجليزية (1),4,0
الكلية التقنية,دبلوم,التقنية الكهربائية,تقنية الطاقة المتجددة,برامج مفعله,33,70,الفصل التدريبي الأول ,8,17,حاسب-101,مقدمة تطبيقات الحاسب,0,4
الكلية التقنية,دبلوم,التقنية الكهربائية,تقنية الطاقة المتجددة,برامج مفعله,33,70,الفصل التدريبي الأول ,8,17,رياض-121,الرياضيات,4,0
الكلية التقنية,دبلوم,التقنية الكهربائية,تقنية الطاقة المتجددة,برامج مفعله,33,70,الفصل التدريبي الأول ,8,17,فيزي-101,الفيزياء,2,2
الكلية التقنية,دبلوم,التقنية الكهربائية,تقنية الطاقة المتجددة,برامج مفعله,33,70,الفصل التدريبي الأول ,8,17,كهرب-101,الرسم الفني الكهربائي,0,2
الكلية التقنية,دبلوم,التقنية الكهربائية,تقنية الطاقة المتجددة,برامج مفعله,33,70,الفصل التدريبي الأول ,8,17,كهرب-102,السلامة الصناعية,1,0
الكلية التقنية,دبلوم,التقنية الكهربائية,تقنية الطاقة المتجددة,برامج مفعله,33,70,الفصل التدريبي الأول ,8,17,كهرب-111,ورشة أساسيات الكهرباء,0,4
الكلية التقنية,دبلوم,التقنية الكهربائية,تقنية الطاقة المتجددة,برامج مفعله,33,70,الفصل التدريبي الأول ,8,17,كهرب-121,دوائر كهربائية-1,2,0
الكلية التقنية,دبلوم,التقنية الكهربائية,تقنية الطاقة المتجددة,برامج مفعله,33,70,الفصل التدريبي الثالث ,8,19,اسلم-101,الدراسات الإسلامية,2,0
الكلية التقنية,دبلوم,التقنية الكهربائية,تقنية الطاقة المتجددة,برامج مفعله,33,70,الفصل التدريبي الثالث ,8,19,انجل-103,لغة إنجليزية (3),4,0
الكلية التقنية,دبلوم,التقنية الكهربائية,تقنية الطاقة المتجددة,برامج مفعله,33,70,الفصل التدريبي الثالث ,8,19,رياد-226,ريادة الاعمال في مجال الطاقة,1,2
الكلية التقنية,دبلوم,التقنية الكهربائية,تقنية الطاقة المتجددة,برامج مفعله,33,70,الفصل التدريبي الثالث ,8,19,كهرب-141,تقنية التحكم المبرمج,2,2
الكلية التقنية,دبلوم,التقنية الكهربائية,تقنية الطاقة المتجددة,برامج مفعله,33,70,الفصل التدريبي الثالث ,8,19,كهرب-224,الكترونيات القدرة,2,2
الكلية التقنية,دبلوم,التقنية الكهربائية,تقنية الطاقة المتجددة,برامج مفعله,33,70,الفصل التدريبي الثالث ,8,19,كهرب-232,آلات التيار المتردد,2,2
الكلية التقنية,دبلوم,التقنية الكهربائية,تقنية الطاقة المتجددة,برامج مفعله,33,70,الفصل التدريبي الثالث ,8,19,كهرط-125,تحويل وتخزين الطاقة,1,0
الكلية التقنية,دبلوم,التقنية الكهربائية,تقنية الطاقة المتجددة,برامج مفعله,33,70,الفصل التدريبي الثالث ,8,19,كهرط-230,نظم الطاقة الشمسية الكهربائية,1,2
الكلية التقنية,دبلوم,التقنية الكهربائية,تقنية الطاقة المتجددة,برامج مفعله,33,70,الفصل التدريبي الثاني ,9,18,انجل-102,لغة إنجليزية (2),4,0
الكلية التقنية,دبلوم,التقنية الكهربائية,تقنية الطاقة المتجددة,برامج مفعله,33,70,الفصل التدريبي الثاني ,9,18,رياد-101,أساسيات ريادة الأعمال,2,0
الكلية التقنية,دبلوم,التقنية الكهربائية,تقنية الطاقة المتجددة,برامج مفعله,33,70,الفصل التدريبي الثاني ,9,18,عربي-101,الكتابة الفنية,2,0
الكلية التقنية,دبلوم,التقنية الكهربائية,تقنية الطاقة المتجددة,برامج مفعله,33,70,الفصل التدريبي الثاني ,9,18,فيزي-121,أشباه الموصلات,2,0
الكلية التقنية,دبلوم,التقنية الكهربائية,تقنية الطاقة المتجددة,برامج مفعله,33,70,الفصل التدريبي الثاني ,9,18,كهرب-122,دوائر كهربائية-2,2,0
الكلية التقنية,دبلوم,التقنية الكهربائية,تقنية الطاقة المتجددة,برامج مفعله,33,70,الفصل التدريبي الثاني ,9,18,كهرب-123,أجهزة وقياسات كهربائية,0,2
الكلية التقنية,دبلوم,التقنية الكهربائية,تقنية الطاقة المتجددة,برامج مفعله,33,70,الفصل التدريبي الثاني ,9,18,كهرب-131,آلات التيار المستمر والمحولات,2,2
الكلية التقنية,دبلوم,التقنية الكهربائية,تقنية الطاقة المتجددة,برامج مفعله,33,70,الفصل التدريبي الثاني ,9,18,كهرط-124,مصادر الطاقة المتجددة,2,0
الكلية التقنية,دبلوم,التقنية الكهربائية,تقنية الطاقة المتجددة,برامج مفعله,33,70,الفصل التدريبي الثاني ,9,18,مبرد-112,أساسيات الحراريات و الموائع,4,0
الكلية التقنية,دبلوم,التقنية الكهربائية,تقنية الطاقة المتجددة,برامج مفعله,33,70,الفصل التدريبي الخامس ,1,2, كهرط-288,المشروع الإنتاجي,0,0
الكلية التقنية,دبلوم,التقنية الكهربائية,تقنية الطاقة المتجددة,برامج مفعله,33,70,الفصل التدريبي الخامس ,1,2,كهرط-299,التدريب التعاوني,0,0
الكلية التقنية,دبلوم,التقنية الكهربائية,تقنية الطاقة المتجددة,برامج مفعله,33,70,الفصل التدريبي الرابع ,7,14,اسلك-201,السلوك الوظيفي والمستقبل المهني,2,0
الكلية التقنية,دبلوم,التقنية الكهربائية,تقنية الطاقة المتجددة,برامج مفعله,33,70,الفصل التدريبي الرابع ,7,14,كهرب-242,تقنية التحكم الآلي,2,2
الكلية التقنية,دبلوم,التقنية الكهربائية,تقنية الطاقة المتجددة,برامج مفعله,33,70,الفصل التدريبي الرابع ,7,14,كهرب-244,ورشة التحكم في المحركات الكهرب,0,4
الكلية التقنية,دبلوم,التقنية الكهربائية,تقنية الطاقة المتجددة,برامج مفعله,33,70,الفصل التدريبي الرابع ,7,14,كهرط-245,التوزيع الكهربائي وطرق الحماية,1,2
الكلية التقنية,دبلوم,التقنية الكهربائية,تقنية الطاقة المتجددة,برامج مفعله,33,70,الفصل التدريبي الرابع ,7,14,كهرط-246,نظم طاقة الرياح الكهربائية,1,2
الكلية التقنية,دبلوم,التقنية الكهربائية,تقنية الطاقة المتجددة,برامج مفعله,33,70,الفصل التدريبي الرابع ,7,14,كهرط-247,ورشة تركيبات الطاقة المتجددة,0,4
الكلية التقنية,دبلوم,التقنية الكهربائية,تقنية الطاقة المتجددة,برامج مفعله,33,70,الفصل التدريبي الرابع ,7,14,كهرق-233,مختبر القوي الكهربائية,0,2
الكلية التقنية,دبلوم,تقنية التزيين والتجميل,تقنية العناية بالشعر,برامج مفعله,25,63,الفصل التدريبي الأول ,8,19,انجل-111,لغة إنجليزية (1),4,0
الكلية التقنية,دبلوم,تقنية التزيين والتجميل,تقنية العناية بالشعر,برامج مفعله,25,63,الفصل التدريبي الأول ,8,19,تجمل-101,السلامة المهنية,2,0
الكلية التقنية,دبلوم,تقنية التزيين والتجميل,تقنية العناية بالشعر,برامج مفعله,25,63,الفصل التدريبي الأول ,8,19,تجمل-111,أحياء التجميل,2,0
الكلية التقنية,دبلوم,تقنية التزيين والتجميل,تقنية العناية بالشعر,برامج مفعله,25,63,الفصل التدريبي الأول ,8,19,تجمل-121,كيمياء التجميل,3,0
الكلية التقنية,دبلوم,تقنية التزيين والتجميل,تقنية العناية بالشعر,برامج مفعله,25,63,الفصل التدريبي الأول ,8,19,تجمل-271,إدارة مراكز التجميل,2,0
الكلية التقنية,دبلوم,تقنية التزيين والتجميل,تقنية العناية بالشعر,برامج مفعله,25,63,الفصل التدريبي الأول ,8,19,حاسب-101,مقدمة تطبيقات الحاسب,0,4
الكلية التقنية,دبلوم,تقنية التزيين والتجميل,تقنية العناية بالشعر,برامج مفعله,25,63,الفصل التدريبي الأول ,8,19,رياض-101,الرياضيات,4,0
الكلية التقنية,دبلوم,تقنية التزيين والتجميل,تقنية العناية بالشعر,برامج مفعله,25,63,الفصل التدريبي الأول ,8,19,عربي-101,الكتابة الفنية,2,0
الكلية التقنية,دبلوم,تقنية التزيين والتجميل,تقنية العناية بالشعر,برامج مفعله,25,63,الفصل التدريبي الثالث ,5,14,انجل-113,لغة إنجليزية (3),4,0
الكلية التقنية,دبلوم,تقنية التزيين والتجميل,تقنية العناية بالشعر,برامج مفعله,25,63,الفصل التدريبي الثالث ,5,14,تسرح-211,أساسيات قص الشعر,1,4
الكلية التقنية,دبلوم,تقنية التزيين والتجميل,تقنية العناية بالشعر,برامج مفعله,25,63,الفصل التدريبي الثالث ,5,14,تسرح-221,اساسيات تلوين الشعر,1,4
الكلية التقنية,دبلوم,تقنية التزيين والتجميل,تقنية العناية بالشعر,برامج مفعله,25,63,الفصل التدريبي الثالث ,5,14,تسرح-231,تسريح الشعر,1,4
الكلية التقنية,دبلوم,تقنية التزيين والتجميل,تقنية العناية بالشعر,برامج مفعله,25,63,الفصل التدريبي الثالث ,5,14,رياد-252,ريادة اعمال تجميل والعناية بالشعر,1,2
الكلية التقنية,دبلوم,تقنية التزيين والتجميل,تقنية العناية بالشعر,برامج مفعله,25,63,الفصل التدريبي الثاني ,6,15,انجل-112,لغة إنجليزية (2),4,0
الكلية التقنية,دبلوم,تقنية التزيين والتجميل,تقنية العناية بالشعر,برامج مفعله,25,63,الفصل التدريبي الثاني ,6,15,تزين-111,العناية باليدين والقدمين,0,4
الكلية التقنية,دبلوم,تقنية التزيين والتجميل,تقنية العناية بالشعر,برامج مفعله,25,63,الفصل التدريبي الثاني ,6,15,تزين-121,أسس العناية بالبشرة والماكياج,1,4
الكلية التقنية,دبلوم,تقنية التزيين والتجميل,تقنية العناية بالشعر,برامج مفعله,25,63,الفصل التدريبي الثاني ,6,15,تسرح-111,أسس العناية بالشعر,1,4
الكلية التقنية,دبلوم,تقنية التزيين والتجميل,تقنية العناية بالشعر,برامج مفعله,25,63,الفصل التدريبي الثاني ,6,15,حاسب-102,تطبيقات الحاسب المتقدمة,0,4
الكلية التقنية,دبلوم,تقنية التزيين والتجميل,تقنية العناية بالشعر,برامج مفعله,25,63,الفصل التدريبي الثاني ,6,15,رياد-101,أساسيات ريادة الأعمال,2,0
الكلية التقنية,دبلوم,تقنية التزيين والتجميل,تقنية العناية بالشعر,برامج مفعله,25,63,الفصل التدريبي الخامس ,1,2, تسرح-288,المشروع الإنتاجي,0,0
الكلية التقنية,دبلوم,تقنية التزيين والتجميل,تقنية العناية بالشعر,برامج مفعله,25,63,الفصل التدريبي الخامس ,1,2,تسرح-299,التدريب التعاوني,0,0
الكلية التقنية,دبلوم,تقنية التزيين والتجميل,تقنية العناية بالشعر,برامج مفعله,25,63,الفصل التدريبي الرابع ,5,13,اسلك-201,السلوك الوظيفي والمستقبل المهني,2,0
الكلية التقنية,دبلوم,تقنية التزيين والتجميل,تقنية العناية بالشعر,برامج مفعله,25,63,الفصل التدريبي الرابع ,5,13,اسلم-101,الدراسات الإسلامية,2,0
الكلية التقنية,دبلوم,تقنية التزيين والتجميل,تقنية العناية بالشعر,برامج مفعله,25,63,الفصل التدريبي الرابع ,5,13,تسرح-213,قص الشعر الاحترافي,1,4
الكلية التقنية,دبلوم,تقنية التزيين والتجميل,تقنية العناية بالشعر,برامج مفعله,25,63,الفصل التدريبي الرابع ,5,13,تسرح-223,تلوين الشعر الاحترافي,1,4
الكلية التقنية,دبلوم,تقنية التزيين والتجميل,تقنية العناية بالشعر,برامج مفعله,25,63,الفصل التدريبي الرابع ,5,13,تسرح-241,تمليس وتجعيد الشعر,1,4
كلية  التقنية التطبيقية,دبلوم,التقنية الكهربائية,تقنية القوى كهربائية,برامج مفعله,32,70,الفصل التدريبي الأول ,8,19,انجل-101,لغة إنجليزية (1),4,0
الكلية التقنية,دبلوم,التقنية الكهربائية,تقنية القوى كهربائية,برامج مفعله,32,70,الفصل التدريبي الأول ,9,19,انجل-101,لغة إنجليزية (1),4,0
كلية  التقنية التطبيقية,دبلوم,التقنية الكهربائية,تقنية القوى كهربائية,برامج مفعله,32,70,الفصل التدريبي الأول ,8,19,حاسب-101,مقدمة تطبيقات الحاسب,0,4
الكلية التقنية,دبلوم,التقنية الكهربائية,تقنية القوى كهربائية,برامج مفعله,32,70,الفصل التدريبي الأول ,9,19,حاسب-101,مقدمة تطبيقات الحاسب,0,4
كلية  التقنية التطبيقية,دبلوم,التقنية الكهربائية,تقنية القوى كهربائية,برامج مفعله,32,70,الفصل التدريبي الأول ,8,19,رياض-121,الرياضيات,4,0
الكلية التقنية,دبلوم,التقنية الكهربائية,تقنية القوى كهربائية,برامج مفعله,32,70,الفصل التدريبي الأول ,9,19,رياض-121,الرياضيات,4,0
الكلية التقنية,دبلوم,التقنية الكهربائية,تقنية القوى كهربائية,برامج مفعله,32,70,الفصل التدريبي الأول ,9,19,عربي-101,الكتابة الفنية,2,0
كلية  التقنية التطبيقية,دبلوم,التقنية الكهربائية,تقنية القوى كهربائية,برامج مفعله,32,70,الفصل التدريبي الأول ,8,19,عربي-101,الكتابة الفنية,2,0
كلية  التقنية التطبيقية,دبلوم,التقنية الكهربائية,تقنية القوى كهربائية,برامج مفعله,32,70,الفصل التدريبي الأول ,8,19,فيزي-101,الفيزياء,2,2
الكلية التقنية,دبلوم,التقنية الكهربائية,تقنية القوى كهربائية,برامج مفعله,32,70,الفصل التدريبي الأول ,9,19,فيزي-101,الفيزياء,2,2
كلية  التقنية التطبيقية,دبلوم,التقنية الكهربائية,تقنية القوى كهربائية,برامج مفعله,32,70,الفصل التدريبي الأول ,8,19,كهرب-101,الرسم الفني الكهربائي,0,2
الكلية التقنية,دبلوم,التقنية الكهربائية,تقنية القوى كهربائية,برامج مفعله,32,70,الفصل التدريبي الأول ,9,19,كهرب-101,الرسم الفني الكهربائي,0,2
كلية  التقنية التطبيقية,دبلوم,التقنية الكهربائية,تقنية القوى كهربائية,برامج مفعله,32,70,الفصل التدريبي الأول ,8,19,كهرب-102,السلامة الصناعية,1,0
الكلية التقنية,دبلوم,التقنية الكهربائية,تقنية القوى كهربائية,برامج مفعله,32,70,الفصل التدريبي الأول ,9,19,كهرب-102,السلامة الصناعية,1,0
الكلية التقنية,دبلوم,التقنية الكهربائية,تقنية القوى كهربائية,برامج مفعله,32,70,الفصل التدريبي الأول ,9,19,كهرب-111,ورشة أساسيات الكهرباء,0,4
كلية  التقنية التطبيقية,دبلوم,التقنية الكهربائية,تقنية القوى كهربائية,برامج مفعله,32,70,الفصل التدريبي الأول ,8,19,كهرب-111,ورشة أساسيات الكهرباء,0,4
كلية  التقنية التطبيقية,دبلوم,التقنية الكهربائية,تقنية القوى كهربائية,برامج مفعله,32,70,الفصل التدريبي الأول ,8,19,كهرب-121,دوائر كهربائية-1,2,0
الكلية التقنية,دبلوم,التقنية الكهربائية,تقنية القوى كهربائية,برامج مفعله,32,70,الفصل التدريبي الأول ,9,19,كهرب-121,دوائر كهربائية-1,2,0
كلية  التقنية التطبيقية,دبلوم,التقنية الكهربائية,تقنية القوى كهربائية,برامج مفعله,32,70,الفصل التدريبي الثالث ,7,17,انجل-103,لغة إنجليزية (3),4,0
الكلية التقنية,دبلوم,التقنية الكهربائية,تقنية القوى كهربائية,برامج مفعله,32,70,الفصل التدريبي الثالث ,7,17,انجل-103,لغة إنجليزية (3),4,0
الكلية التقنية,دبلوم,التقنية الكهربائية,تقنية القوى كهربائية,برامج مفعله,32,70,الفصل التدريبي الثالث ,7,17,رياد-226,ريادة الاعمال في مجال الطاقة,1,2
كلية  التقنية التطبيقية,دبلوم,التقنية الكهربائية,تقنية القوى كهربائية,برامج مفعله,32,70,الفصل التدريبي الثالث ,7,17,رياد-226,ريادة الاعمال في مجال الطاقة,1,2
كلية  التقنية التطبيقية,دبلوم,التقنية الكهربائية,تقنية القوى كهربائية,برامج مفعله,32,70,الفصل التدريبي الثالث ,7,17,كهرب-224,الكترونيات القدرة,2,2
الكلية التقنية,دبلوم,التقنية الكهربائية,تقنية القوى كهربائية,برامج مفعله,32,70,الفصل التدريبي الثالث ,7,17,كهرب-224,الكترونيات القدرة,2,2
كلية  التقنية التطبيقية,دبلوم,التقنية الكهربائية,تقنية القوى كهربائية,برامج مفعله,32,70,الفصل التدريبي الثالث ,7,17,كهرب-232,آلات التيار المتردد,2,2
الكلية التقنية,دبلوم,التقنية الكهربائية,تقنية القوى كهربائية,برامج مفعله,32,70,الفصل التدريبي الثالث ,7,17,كهرب-232,آلات التيار المتردد,2,2
كلية  التقنية التطبيقية,دبلوم,التقنية الكهربائية,تقنية القوى كهربائية,برامج مفعله,32,70,الفصل التدريبي الثالث ,7,17,كهرق-252,ورشة التركيبات الصناعية,0,4
الكلية التقنية,دبلوم,التقنية الكهربائية,تقنية القوى كهربائية,برامج مفعله,32,70,الفصل التدريبي الثالث ,7,17,كهرق-252,ورشة التركيبات الصناعية,0,4
الكلية التقنية,دبلوم,التقنية الكهربائية,تقنية القوى كهربائية,برامج مفعله,32,70,الفصل التدريبي الثالث ,7,17,كهرق-253,ورشة التركيبات الخاصة والوقاية,0,4
كلية  التقنية التطبيقية,دبلوم,التقنية الكهربائية,تقنية القوى كهربائية,برامج مفعله,32,70,الفصل التدريبي الثالث ,7,17,كهرق-253,ورشة التركيبات الخاصة والوقاية,0,4
الكلية التقنية,دبلوم,التقنية الكهربائية,تقنية القوى كهربائية,برامج مفعله,32,70,الفصل التدريبي الثالث ,7,17,كهرق-261,تقنية التوزيع الكهربائي,3,0
كلية  التقنية التطبيقية,دبلوم,التقنية الكهربائية,تقنية القوى كهربائية,برامج مفعله,32,70,الفصل التدريبي الثالث ,7,17,كهرق-261,تقنية التوزيع الكهربائي,3,0
الكلية التقنية,دبلوم,التقنية الكهربائية,تقنية القوى كهربائية,برامج مفعله,32,70,الفصل التدريبي الثاني ,8,18,اسلم-101,الدراسات الإسلامية,2,0
كلية  التقنية التطبيقية,دبلوم,التقنية الكهربائية,تقنية القوى كهربائية,برامج مفعله,32,70,الفصل التدريبي الثاني ,8,18,اسلم-101,الدراسات الإسلامية,2,0
كلية  التقنية التطبيقية,دبلوم,التقنية الكهربائية,تقنية القوى كهربائية,برامج مفعله,32,70,الفصل التدريبي الثاني ,8,18,انجل-102,لغة إنجليزية (2),4,0
الكلية التقنية,دبلوم,التقنية الكهربائية,تقنية القوى كهربائية,برامج مفعله,32,70,الفصل التدريبي الثاني ,8,18,انجل-102,لغة إنجليزية (2),4,0
الكلية التقنية,دبلوم,التقنية الكهربائية,تقنية القوى كهربائية,برامج مفعله,32,70,الفصل التدريبي الثاني ,8,18,رياد-101,أساسيات ريادة الأعمال,2,0
كلية  التقنية التطبيقية,دبلوم,التقنية الكهربائية,تقنية القوى كهربائية,برامج مفعله,32,70,الفصل التدريبي الثاني ,8,18,رياد-101,أساسيات ريادة الأعمال,2,0
كلية  التقنية التطبيقية,دبلوم,التقنية الكهربائية,تقنية القوى كهربائية,برامج مفعله,32,70,الفصل التدريبي الثاني ,8,18,كهرب-122,دوائر كهربائية-2,2,0
الكلية التقنية,دبلوم,التقنية الكهربائية,تقنية القوى كهربائية,برامج مفعله,32,70,الفصل التدريبي الثاني ,8,18,كهرب-122,دوائر كهربائية-2,2,0
الكلية التقنية,دبلوم,التقنية الكهربائية,تقنية القوى كهربائية,برامج مفعله,32,70,الفصل التدريبي الثاني ,8,18,كهرب-123,أجهزة وقياسات كهربائية,0,2
كلية  التقنية التطبيقية,دبلوم,التقنية الكهربائية,تقنية القوى كهربائية,برامج مفعله,32,70,الفصل التدريبي الثاني ,8,18,كهرب-123,أجهزة وقياسات كهربائية,0,2
الكلية التقنية,دبلوم,التقنية الكهربائية,تقنية القوى كهربائية,برامج مفعله,32,70,الفصل التدريبي الثاني ,8,18,كهرب-131,آلات التيار المستمر والمحولات,2,2
كلية  التقنية التطبيقية,دبلوم,التقنية الكهربائية,تقنية القوى كهربائية,برامج مفعله,32,70,الفصل التدريبي الثاني ,8,18,كهرب-131,آلات التيار المستمر والمحولات,2,2
كلية  التقنية التطبيقية,دبلوم,التقنية الكهربائية,تقنية القوى كهربائية,برامج مفعله,32,70,الفصل التدريبي الثاني ,8,18,كهرب-141,تقنية التحكم المبرمج,2,2
الكلية التقنية,دبلوم,التقنية الكهربائية,تقنية القوى كهربائية,برامج مفعله,32,70,الفصل التدريبي الثاني ,8,18,كهرب-141,تقنية التحكم المبرمج,2,2
كلية  التقنية التطبيقية,دبلوم,التقنية الكهربائية,تقنية القوى كهربائية,برامج مفعله,32,70,الفصل التدريبي الثاني ,8,18,كهرق-151,ورشة التركيبات المنزلية,0,4
الكلية التقنية,دبلوم,التقنية الكهربائية,تقنية القوى كهربائية,برامج مفعله,32,70,الفصل التدريبي الثاني ,8,18,كهرق-151,ورشة التركيبات المنزلية,0,4
كلية  التقنية التطبيقية,دبلوم,التقنية الكهربائية,تقنية القوى كهربائية,برامج مفعله,32,70,الفصل التدريبي الخامس ,1,2, كهرق-288,المشروع الإنتاجي,0,0
الكلية التقنية,دبلوم,التقنية الكهربائية,تقنية القوى كهربائية,برامج مفعله,32,70,الفصل التدريبي الخامس ,1,2, كهرق-288,المشروع الإنتاجي,0,0
كلية  التقنية التطبيقية,دبلوم,التقنية الكهربائية,تقنية القوى كهربائية,برامج مفعله,32,70,الفصل التدريبي الخامس ,1,2,كهرق-299,التدريب التعاوني,0,0
الكلية التقنية,دبلوم,التقنية الكهربائية,تقنية القوى كهربائية,برامج مفعله,32,70,الفصل التدريبي الخامس ,1,2,كهرق-299,التدريب التعاوني,0,0
الكلية التقنية,دبلوم,التقنية الكهربائية,تقنية القوى كهربائية,برامج مفعله,32,70,الفصل التدريبي الرابع ,8,14,اسلك-201,السلوك الوظيفي والمستقبل المهني,2,0
كلية  التقنية التطبيقية,دبلوم,التقنية الكهربائية,تقنية القوى كهربائية,برامج مفعله,32,70,الفصل التدريبي الرابع ,8,14,اسلك-201,السلوك الوظيفي والمستقبل المهني,2,0
كلية  التقنية التطبيقية,دبلوم,التقنية الكهربائية,تقنية القوى كهربائية,برامج مفعله,32,70,الفصل التدريبي الرابع ,8,14,كهرب-242,تقنية التحكم الآلي,2,2
الكلية التقنية,دبلوم,التقنية الكهربائية,تقنية القوى كهربائية,برامج مفعله,32,70,الفصل التدريبي الرابع ,8,14,كهرب-242,تقنية التحكم الآلي,2,2
الكلية التقنية,دبلوم,التقنية الكهربائية,تقنية القوى كهربائية,برامج مفعله,32,70,الفصل التدريبي الرابع ,8,14,كهرب-244,ورشة التحكم في المحركات الكهرب,0,4
كلية  التقنية التطبيقية,دبلوم,التقنية الكهربائية,تقنية القوى كهربائية,برامج مفعله,32,70,الفصل التدريبي الرابع ,8,14,كهرب-244,ورشة التحكم في المحركات الكهرب,0,4
كلية  التقنية التطبيقية,دبلوم,التقنية الكهربائية,تقنية القوى كهربائية,برامج مفعله,32,70,الفصل التدريبي الرابع ,8,14,كهرق-233,مختبر القوي الكهربائية,0,2
الكلية التقنية,دبلوم,التقنية الكهربائية,تقنية القوى كهربائية,برامج مفعله,32,70,الفصل التدريبي الرابع ,8,14,كهرق-233,مختبر القوي الكهربائية,0,2
الكلية التقنية,دبلوم,التقنية الكهربائية,تقنية القوى كهربائية,برامج مفعله,32,70,الفصل التدريبي الرابع ,8,14,كهرق-262,شبكات النقل الكهربائي,2,0
كلية  التقنية التطبيقية,دبلوم,التقنية الكهربائية,تقنية القوى كهربائية,برامج مفعله,32,70,الفصل التدريبي الرابع ,8,14,كهرق-262,شبكات النقل الكهربائي,2,0
كلية  التقنية التطبيقية,دبلوم,التقنية الكهربائية,تقنية القوى كهربائية,برامج مفعله,32,70,الفصل التدريبي الرابع ,8,14,كهرق-263,صيانة نظم القوي,2,0
الكلية التقنية,دبلوم,التقنية الكهربائية,تقنية القوى كهربائية,برامج مفعله,32,70,الفصل التدريبي الرابع ,8,14,كهرق-263,صيانة نظم القوي,2,0
كلية  التقنية التطبيقية,دبلوم,التقنية الكهربائية,تقنية القوى كهربائية,برامج مفعله,32,70,الفصل التدريبي الرابع ,8,14,كهرق-264,التوليد ومحطات التحويل الرئيسي,2,0
الكلية التقنية,دبلوم,التقنية الكهربائية,تقنية القوى كهربائية,برامج مفعله,32,70,الفصل التدريبي الرابع ,8,14,كهرق-264,التوليد ومحطات التحويل الرئيسي,2,0
كلية  التقنية التطبيقية,دبلوم,التقنية الكهربائية,تقنية القوى كهربائية,برامج مفعله,32,70,الفصل التدريبي الرابع ,8,14,كهرق-265,حماية النظم الكهربائية,2,2
الكلية التقنية,دبلوم,التقنية الكهربائية,تقنية القوى كهربائية,برامج مفعله,32,70,الفصل التدريبي الرابع ,8,14,كهرق-265,حماية النظم الكهربائية,2,2
الكلية التقنية,دبلوم,التقنية الميكانيكية,تقنية الكهرباء والكترونيات الم,برامج مفعله,31,69,الفصل التدريبي الأول ,8,17,انجل-101,لغة إنجليزية (1),4,0
الكلية التقنية,دبلوم,التقنية الميكانيكية,تقنية الكهرباء والكترونيات الم,برامج مفعله,31,69,الفصل التدريبي الأول ,8,17,حاسب-101,مقدمة تطبيقات الحاسب,0,4
الكلية التقنية,دبلوم,التقنية الميكانيكية,تقنية الكهرباء والكترونيات الم,برامج مفعله,31,69,الفصل التدريبي الأول ,8,17,رياض-121,الرياضيات,4,0
الكلية التقنية,دبلوم,التقنية الميكانيكية,تقنية الكهرباء والكترونيات الم,برامج مفعله,31,69,الفصل التدريبي الأول ,8,17,عربي-101,الكتابة الفنية,2,0
الكلية التقنية,دبلوم,التقنية الميكانيكية,تقنية الكهرباء والكترونيات الم,برامج مفعله,31,69,الفصل التدريبي الأول ,8,17,فيزي-101,الفيزياء,2,2
الكلية التقنية,دبلوم,التقنية الميكانيكية,تقنية الكهرباء والكترونيات الم,برامج مفعله,31,69,الفصل التدريبي الأول ,8,17,متمر-101,السلامة والصحة المهنية,1,0
الكلية التقنية,دبلوم,التقنية الميكانيكية,تقنية الكهرباء والكترونيات الم,برامج مفعله,31,69,الفصل التدريبي الأول ,8,17,متمر-111,أساسيات ورش,0,2
الكلية التقنية,دبلوم,التقنية الميكانيكية,تقنية الكهرباء والكترونيات الم,برامج مفعله,31,69,الفصل التدريبي الأول ,8,17,مكمر-141,مبادئ الكهرباء والالكترونيات,1,2
الكلية التقنية,دبلوم,التقنية الميكانيكية,تقنية الكهرباء والكترونيات الم,برامج مفعله,31,69,الفصل التدريبي الثالث ,6,16,انجل-103,لغة إنجليزية (3),4,0
الكلية التقنية,دبلوم,التقنية الميكانيكية,تقنية الكهرباء والكترونيات الم,برامج مفعله,31,69,الفصل التدريبي الثالث ,6,16,رياد-232,ريادة الاعمال في مجال المركبات,1,2
الكلية التقنية,دبلوم,التقنية الميكانيكية,تقنية الكهرباء والكترونيات الم,برامج مفعله,31,69,الفصل التدريبي الثالث ,6,16,متمر-116,رسم بالحاسب,0,2
الكلية التقنية,دبلوم,التقنية الميكانيكية,تقنية الكهرباء والكترونيات الم,برامج مفعله,31,69,الفصل التدريبي الثالث ,6,16,مكمر-244,الآلات الكهربائية بالمركبات,1,2
الكلية التقنية,دبلوم,التقنية الميكانيكية,تقنية الكهرباء والكترونيات الم,برامج مفعله,31,69,الفصل التدريبي الثالث ,6,16,مكمر-245,منظومات التحكم الإلكتروني بالم,2,4
الكلية التقنية,دبلوم,التقنية الميكانيكية,تقنية الكهرباء والكترونيات الم,برامج مفعله,31,69,الفصل التدريبي الثالث ,6,16,مكمر-246,منظومات التحكم الالكتروني بالم,2,4
الكلية التقنية,دبلوم,التقنية الميكانيكية,تقنية الكهرباء والكترونيات الم,برامج مفعله,31,69,الفصل التدريبي الثاني ,8,18,انجل-102,لغة إنجليزية (2),4,0
الكلية التقنية,دبلوم,التقنية الميكانيكية,تقنية الكهرباء والكترونيات الم,برامج مفعله,31,69,الفصل التدريبي الثاني ,8,18,رياد-101,أساسيات ريادة الأعمال,2,0
الكلية التقنية,دبلوم,التقنية الميكانيكية,تقنية الكهرباء والكترونيات الم,برامج مفعله,31,69,الفصل التدريبي الثاني ,8,18,متمر-115,الرسم الهندسي والفني,0,2
الكلية التقنية,دبلوم,التقنية الميكانيكية,تقنية الكهرباء والكترونيات الم,برامج مفعله,31,69,الفصل التدريبي الثاني ,8,18,متمر-121,محركات السيارات,1,4
الكلية التقنية,دبلوم,التقنية الميكانيكية,تقنية الكهرباء والكترونيات الم,برامج مفعله,31,69,الفصل التدريبي الثاني ,8,18,متمر-262,نظام الإشعال,1,2
الكلية التقنية,دبلوم,التقنية الميكانيكية,تقنية الكهرباء والكترونيات الم,برامج مفعله,31,69,الفصل التدريبي الثاني ,8,18,مكمر-112,مبادئ تقنية السيارات,0,2
الكلية التقنية,دبلوم,التقنية الميكانيكية,تقنية الكهرباء والكترونيات الم,برامج مفعله,31,69,الفصل التدريبي الثاني ,8,18,مكمر-243,منظومات كهرباء جسم المركبة,2,2
الكلية التقنية,دبلوم,التقنية الميكانيكية,تقنية الكهرباء والكترونيات الم,برامج مفعله,31,69,الفصل التدريبي الثاني ,8,18,مكمر-253,منظومات الهيكل ونقل القدرة بال,2,2
الكلية التقنية,دبلوم,التقنية الميكانيكية,تقنية الكهرباء والكترونيات الم,برامج مفعله,31,69,الفصل التدريبي الخامس ,1,2, مكمر-288,المشروع الإنتاجي,0,0
الكلية التقنية,دبلوم,التقنية الميكانيكية,تقنية الكهرباء والكترونيات الم,برامج مفعله,31,69,الفصل التدريبي الخامس ,1,2,مكمر-299,التدريب التعاوني,0,0
الكلية التقنية,دبلوم,التقنية الميكانيكية,تقنية الكهرباء والكترونيات الم,برامج مفعله,31,69,الفصل التدريبي الرابع ,8,16,اسلك-201,السلوك الوظيفي والمستقبل المهني,2,0
الكلية التقنية,دبلوم,التقنية الميكانيكية,تقنية الكهرباء والكترونيات الم,برامج مفعله,31,69,الفصل التدريبي الرابع ,8,16,اسلم-101,الدراسات الإسلامية,2,0
الكلية التقنية,دبلوم,التقنية الميكانيكية,تقنية الكهرباء والكترونيات الم,برامج مفعله,31,69,الفصل التدريبي الرابع ,8,16,متمر-271,تخطيط وادارة ورش السيارات,2,0
الكلية التقنية,دبلوم,التقنية الميكانيكية,تقنية الكهرباء والكترونيات الم,برامج مفعله,31,69,الفصل التدريبي الرابع ,8,16,مكمر-202,منظومات الأمن والسلامة بالمركب,1,2
الكلية التقنية,دبلوم,التقنية الميكانيكية,تقنية الكهرباء والكترونيات الم,برامج مفعله,31,69,الفصل التدريبي الرابع ,8,16,مكمر-266,مشروع,1,2
الكلية التقنية,دبلوم,التقنية الميكانيكية,تقنية الكهرباء والكترونيات الم,برامج مفعله,31,69,الفصل التدريبي الرابع ,8,16,مكمر-272,تكييف الهواء بالمركبات,1,2
الكلية التقنية,دبلوم,التقنية الميكانيكية,تقنية الكهرباء والكترونيات الم,برامج مفعله,31,69,الفصل التدريبي الرابع ,8,16,مكمر-282,تشخيص الاعطال الالكترونية والك,0,6
الكلية التقنية,دبلوم,التقنية الميكانيكية,تقنية الكهرباء والكترونيات الم,برامج مفعله,31,69,الفصل التدريبي الرابع ,8,16,مكمر-285,موضوعات مختارة,0,2
الكلية التقنية,دبلوم,التقنية الميكانيكية,تقنية المحركات ومركبات,برامج مفعله,31,70,الفصل التدريبي الأول ,9,19,اسلم-101,الدراسات الإسلامية,2,0
الكلية التقنية,دبلوم,التقنية الميكانيكية,تقنية المحركات ومركبات,برامج مفعله,31,70,الفصل التدريبي الأول ,9,19,انجل-101,لغة إنجليزية (1),4,0
الكلية التقنية,دبلوم,التقنية الميكانيكية,تقنية المحركات ومركبات,برامج مفعله,31,70,الفصل التدريبي الأول ,9,19,حاسب-101,مقدمة تطبيقات الحاسب,0,4
الكلية التقنية,دبلوم,التقنية الميكانيكية,تقنية المحركات ومركبات,برامج مفعله,31,70,الفصل التدريبي الأول ,9,19,رياض-121,الرياضيات,4,0
الكلية التقنية,دبلوم,التقنية الميكانيكية,تقنية المحركات ومركبات,برامج مفعله,31,70,الفصل التدريبي الأول ,9,19,عربي-101,الكتابة الفنية,2,0
الكلية التقنية,دبلوم,التقنية الميكانيكية,تقنية المحركات ومركبات,برامج مفعله,31,70,الفصل التدريبي الأول ,9,19,فيزي-101,الفيزياء,2,2
الكلية التقنية,دبلوم,التقنية الميكانيكية,تقنية المحركات ومركبات,برامج مفعله,31,70,الفصل التدريبي الأول ,9,19,متمر-101,السلامة والصحة المهنية,1,0
الكلية التقنية,دبلوم,التقنية الميكانيكية,تقنية المحركات ومركبات,برامج مفعله,31,70,الفصل التدريبي الأول ,9,19,متمر-111,أساسيات ورش,0,2
الكلية التقنية,دبلوم,التقنية الميكانيكية,تقنية المحركات ومركبات,برامج مفعله,31,70,الفصل التدريبي الأول ,9,19,مكمر-141,مبادئ الكهرباء والالكترونيات,1,2
الكلية التقنية,دبلوم,التقنية الميكانيكية,تقنية المحركات ومركبات,برامج مفعله,31,70,الفصل التدريبي الثالث ,7,15,انجل-103,لغة إنجليزية (3),4,0
الكلية التقنية,دبلوم,التقنية الميكانيكية,تقنية المحركات ومركبات,برامج مفعله,31,70,الفصل التدريبي الثالث ,7,15,رياد-232,ريادة الاعمال في مجال المركبات,1,2
الكلية التقنية,دبلوم,التقنية الميكانيكية,تقنية المحركات ومركبات,برامج مفعله,31,70,الفصل التدريبي الثالث ,7,15,متمر-116,رسم بالحاسب,0,2
الكلية التقنية,دبلوم,التقنية الميكانيكية,تقنية المحركات ومركبات,برامج مفعله,31,70,الفصل التدريبي الثالث ,7,15,متمر-222,صيانة وإصلاح المحركات,0,4
الكلية التقنية,دبلوم,التقنية الميكانيكية,تقنية المحركات ومركبات,برامج مفعله,31,70,الفصل التدريبي الثالث ,7,15,متمر-223,محركات الطاقات البديلة,0,2
الكلية التقنية,دبلوم,التقنية الميكانيكية,تقنية المحركات ومركبات,برامج مفعله,31,70,الفصل التدريبي الثالث ,7,15,متمر-242,الأنظمة الكهربائية و الألكترونية بالسيارات,1,4
الكلية التقنية,دبلوم,التقنية الميكانيكية,تقنية المحركات ومركبات,برامج مفعله,31,70,الفصل التدريبي الثالث ,7,15,متمر-261,نظام الوقود (بنزين),1,4
الكلية التقنية,دبلوم,التقنية الميكانيكية,تقنية المحركات ومركبات,برامج مفعله,31,70,الفصل التدريبي الثاني ,7,17,انجل-102,لغة إنجليزية (2),4,0
الكلية التقنية,دبلوم,التقنية الميكانيكية,تقنية المحركات ومركبات,برامج مفعله,31,70,الفصل التدريبي الثاني ,7,17,رياد-101,أساسيات ريادة الأعمال,2,0
الكلية التقنية,دبلوم,التقنية الميكانيكية,تقنية المحركات ومركبات,برامج مفعله,31,70,الفصل التدريبي الثاني ,7,17,متمر-115,الرسم الهندسي والفني,0,2
الكلية التقنية,دبلوم,التقنية الميكانيكية,تقنية المحركات ومركبات,برامج مفعله,31,70,الفصل التدريبي الثاني ,7,17,متمر-121,محركات السيارات,1,4
الكلية التقنية,دبلوم,التقنية الميكانيكية,تقنية المحركات ومركبات,برامج مفعله,31,70,الفصل التدريبي الثاني ,7,17,متمر-131,نظام الفرامل,1,2
الكلية التقنية,دبلوم,التقنية الميكانيكية,تقنية المحركات ومركبات,برامج مفعله,31,70,الفصل التدريبي الثاني ,7,17,متمر-251,نظام نقل القدرة,2,4
الكلية التقنية,دبلوم,التقنية الميكانيكية,تقنية المحركات ومركبات,برامج مفعله,31,70,الفصل التدريبي الثاني ,7,17,متمر-262,نظام الإشعال,1,2
الكلية التقنية,دبلوم,التقنية الميكانيكية,تقنية المحركات ومركبات,برامج مفعله,31,70,الفصل التدريبي الخامس ,1,2, متمر-288,المشروع الإنتاجي,0,0
الكلية التقنية,دبلوم,التقنية الميكانيكية,تقنية المحركات ومركبات,برامج مفعله,31,70,الفصل التدريبي الخامس ,1,2,متمر-299,التدريب التعاوني,0,0
الكلية التقنية,دبلوم,التقنية الميكانيكية,تقنية المحركات ومركبات,برامج مفعله,31,70,الفصل التدريبي الرابع ,7,17,اسلك-201,السلوك الوظيفي والمستقبل المهني,2,0
الكلية التقنية,دبلوم,التقنية الميكانيكية,تقنية المحركات ومركبات,برامج مفعله,31,70,الفصل التدريبي الرابع ,7,17,متمر-252,نظام التعليق والتوجيه,1,4
الكلية التقنية,دبلوم,التقنية الميكانيكية,تقنية المحركات ومركبات,برامج مفعله,31,70,الفصل التدريبي الرابع ,7,17,متمر-263,منظومات التحكم في ملوثات السيارات,0,2
الكلية التقنية,دبلوم,التقنية الميكانيكية,تقنية المحركات ومركبات,برامج مفعله,31,70,الفصل التدريبي الرابع ,7,17,متمر-264,نظام الوقود (ديزل),2,2
الكلية التقنية,دبلوم,التقنية الميكانيكية,تقنية المحركات ومركبات,برامج مفعله,31,70,الفصل التدريبي الرابع ,7,17,متمر-271,تخطيط وادارة ورش السيارات,2,0
الكلية التقنية,دبلوم,التقنية الميكانيكية,تقنية المحركات ومركبات,برامج مفعله,31,70,الفصل التدريبي الرابع ,7,17,متمر-281,تشخيص الاعطال,2,4
الكلية التقنية,دبلوم,التقنية الميكانيكية,تقنية المحركات ومركبات,برامج مفعله,31,70,الفصل التدريبي الرابع ,7,17,متمر-295,مشروع,1,2
الكلية التقنية,دبلوم,التقنية الكيميائية,تقنية المختبرات الكيميائية,برامج مفعله,26,65,الفصل التدريبي الأول ,6,16,انجل-101,لغة إنجليزية (1),4,0
الكلية التقنية,دبلوم,التقنية الكيميائية,تقنية المختبرات الكيميائية,برامج مفعله,26,65,الفصل التدريبي الأول ,6,16,حاسب-101,مقدمة تطبيقات الحاسب,0,4
الكلية التقنية,دبلوم,التقنية الكيميائية,تقنية المختبرات الكيميائية,برامج مفعله,26,65,الفصل التدريبي الأول ,6,16,رياض-101,الرياضيات,4,0
الكلية التقنية,دبلوم,التقنية الكيميائية,تقنية المختبرات الكيميائية,برامج مفعله,26,65,الفصل التدريبي الأول ,6,16,عربي-101,الكتابة الفنية,2,0
الكلية التقنية,دبلوم,التقنية الكيميائية,تقنية المختبرات الكيميائية,برامج مفعله,26,65,الفصل التدريبي الأول ,6,16,فيزي-101,الفيزياء,2,2
الكلية التقنية,دبلوم,التقنية الكيميائية,تقنية المختبرات الكيميائية,برامج مفعله,26,65,الفصل التدريبي الأول ,6,16,كيمي-101,الكيمياء العامة,2,2
الكلية التقنية,دبلوم,التقنية الكيميائية,تقنية المختبرات الكيميائية,برامج مفعله,26,65,الفصل التدريبي الثالث ,5,17,انجل-103,لغة إنجليزية (3),4,0
الكلية التقنية,دبلوم,التقنية الكيميائية,تقنية المختبرات الكيميائية,برامج مفعله,26,65,الفصل التدريبي الثالث ,5,17,رياد-246,ريادة الاعمال في مجال المختبرات الكيميائية,1,2
الكلية التقنية,دبلوم,التقنية الكيميائية,تقنية المختبرات الكيميائية,برامج مفعله,26,65,الفصل التدريبي الثالث ,5,17,مكيم-213,أساسيات الكيمياء الفيزيائية,2,4
الكلية التقنية,دبلوم,التقنية الكيميائية,تقنية المختبرات الكيميائية,برامج مفعله,26,65,الفصل التدريبي الثالث ,5,17,مكيم-221,التحليل الطيفي,2,4
الكلية التقنية,دبلوم,التقنية الكيميائية,تقنية المختبرات الكيميائية,برامج مفعله,26,65,الفصل التدريبي الثالث ,5,17,مكيم-231,طرق الفصل,2,4
الكلية التقنية,دبلوم,التقنية الكيميائية,تقنية المختبرات الكيميائية,برامج مفعله,26,65,الفصل التدريبي الثاني ,7,16,انجل-102,لغة إنجليزية (2),4,0
الكلية التقنية,دبلوم,التقنية الكيميائية,تقنية المختبرات الكيميائية,برامج مفعله,26,65,الفصل التدريبي الثاني ,7,16,رياد-101,أساسيات ريادة الأعمال,2,0
الكلية التقنية,دبلوم,التقنية الكيميائية,تقنية المختبرات الكيميائية,برامج مفعله,26,65,الفصل التدريبي الثاني ,7,16,مكيم-101,السلامة في المختبرات الكيميائي,1,0
الكلية التقنية,دبلوم,التقنية الكيميائية,تقنية المختبرات الكيميائية,برامج مفعله,26,65,الفصل التدريبي الثاني ,7,16,مكيم-105,الحسابات الكيميائية,1,0
الكلية التقنية,دبلوم,التقنية الكيميائية,تقنية المختبرات الكيميائية,برامج مفعله,26,65,الفصل التدريبي الثاني ,7,16,مكيم-111,أساسيات الكيمياء العضوية,2,4
الكلية التقنية,دبلوم,التقنية الكيميائية,تقنية المختبرات الكيميائية,برامج مفعله,26,65,الفصل التدريبي الثاني ,7,16,مكيم-112,أساسيات الكيمياء التحليلية,2,4
الكلية التقنية,دبلوم,التقنية الكيميائية,تقنية المختبرات الكيميائية,برامج مفعله,26,65,الفصل التدريبي الثاني ,7,16,مكيم-251,البيئة والتلوث,1,0
الكلية التقنية,دبلوم,التقنية الكيميائية,تقنية المختبرات الكيميائية,برامج مفعله,26,65,الفصل التدريبي الخامس ,1,2, مكيم-288,المشروع الإنتاجي,0,0
الكلية التقنية,دبلوم,التقنية الكيميائية,تقنية المختبرات الكيميائية,برامج مفعله,26,65,الفصل التدريبي الخامس ,1,2,مكيم-299,التدريب التعاوني,0,0
الكلية التقنية,دبلوم,التقنية الكيميائية,تقنية المختبرات الكيميائية,برامج مفعله,26,65,الفصل التدريبي الرابع ,7,14,اسلك-201,السلوك الوظيفي والمستقبل المهني,2,0
الكلية التقنية,دبلوم,التقنية الكيميائية,تقنية المختبرات الكيميائية,برامج مفعله,26,65,الفصل التدريبي الرابع ,7,14,اسلم-101,الدراسات الإسلامية,2,0
الكلية التقنية,دبلوم,التقنية الكيميائية,تقنية المختبرات الكيميائية,برامج مفعله,26,65,الفصل التدريبي الرابع ,7,14,مكيم-222,مهارات التحليل الكيميائي,0,4
الكلية التقنية,دبلوم,التقنية الكيميائية,تقنية المختبرات الكيميائية,برامج مفعله,26,65,الفصل التدريبي الرابع ,7,14,مكيم-223,التحليل الكهروكيميائي,1,4
الكلية التقنية,دبلوم,التقنية الكيميائية,تقنية المختبرات الكيميائية,برامج مفعله,26,65,الفصل التدريبي الرابع ,7,14,مكيم-271,الجودة في المختبرات الكيميائية,1,0
الكلية التقنية,دبلوم,التقنية الكيميائية,تقنية المختبرات الكيميائية,برامج مفعله,26,65,الفصل التدريبي الرابع ,7,14,نكيم-241,الصناعات الكيميائية,1,0
الكلية التقنية,دبلوم,التقنية الكيميائية,تقنية المختبرات الكيميائية,برامج مفعله,26,65,الفصل التدريبي الرابع ,7,14,نكيم-244,تكرير البترول,1,4
الكلية التقنية,دبلوم,تقنية المساحة,تقنية المساحة,برامج مفعله,31,71,الفصل التدريبي الأول ,7,17,انجل-101,لغة إنجليزية (1),4,0
الكلية التقنية,دبلوم,تقنية المساحة,تقنية المساحة,برامج مفعله,31,71,الفصل التدريبي الأول ,7,17,حاسب-101,مقدمة تطبيقات الحاسب,0,4
الكلية التقنية,دبلوم,تقنية المساحة,تقنية المساحة,برامج مفعله,31,71,الفصل التدريبي الأول ,7,17,رياض-121,الرياضيات,4,0
الكلية التقنية,دبلوم,تقنية المساحة,تقنية المساحة,برامج مفعله,31,71,الفصل التدريبي الأول ,7,17,عربي-101,الكتابة الفنية,2,0
الكلية التقنية,دبلوم,تقنية المساحة,تقنية المساحة,برامج مفعله,31,71,الفصل التدريبي الأول ,7,17,فيزي-101,الفيزياء,2,2
الكلية التقنية,دبلوم,تقنية المساحة,تقنية المساحة,برامج مفعله,31,71,الفصل التدريبي الأول ,7,17,يمسح-101,الأمن والسلامة,1,0
الكلية التقنية,دبلوم,تقنية المساحة,تقنية المساحة,برامج مفعله,31,71,الفصل التدريبي الأول ,7,17,يمسح-111,المساحة الأرضية(1),2,2
الكلية التقنية,دبلوم,تقنية المساحة,تقنية المساحة,برامج مفعله,31,71,الفصل التدريبي الثالث ,7,17,انجل-103,لغة إنجليزية (3),4,0
الكلية التقنية,دبلوم,تقنية المساحة,تقنية المساحة,برامج مفعله,31,71,الفصل التدريبي الثالث ,7,17,رياد-282,ريادة الاعمال في مجال الهندسة المدنية,1,2
الكلية التقنية,دبلوم,تقنية المساحة,تقنية المساحة,برامج مفعله,31,71,الفصل التدريبي الثالث ,7,17,يمسح-122,الرسم المساحي بالحاسب(1),0,2
الكلية التقنية,دبلوم,تقنية المساحة,تقنية المساحة,برامج مفعله,31,71,الفصل التدريبي الثالث ,7,17,يمسح-132,الحساب المساحي (2),2,2
الكلية التقنية,دبلوم,تقنية المساحة,تقنية المساحة,برامج مفعله,31,71,الفصل التدريبي الثالث ,7,17,يمسح-213,المساحة الأرضية(3),2,4
الكلية التقنية,دبلوم,تقنية المساحة,تقنية المساحة,برامج مفعله,31,71,الفصل التدريبي الثالث ,7,17,يمسح-242,نظم المعلومات الجغرافية,1,2
الكلية التقنية,دبلوم,تقنية المساحة,تقنية المساحة,برامج مفعله,31,71,الفصل التدريبي الثالث ,7,17,يمسح-251,المساحة التصويرية,1,2
الكلية التقنية,دبلوم,تقنية المساحة,تقنية المساحة,برامج مفعله,31,71,الفصل التدريبي الثاني ,7,17,اسلم-101,الدراسات الإسلامية,2,0
الكلية التقنية,دبلوم,تقنية المساحة,تقنية المساحة,برامج مفعله,31,71,الفصل التدريبي الثاني ,7,17,انجل-102,لغة إنجليزية (2),4,0
الكلية التقنية,دبلوم,تقنية المساحة,تقنية المساحة,برامج مفعله,31,71,الفصل التدريبي الثاني ,7,17,رياد-101,أساسيات ريادة الأعمال,2,0
الكلية التقنية,دبلوم,تقنية المساحة,تقنية المساحة,برامج مفعله,31,71,الفصل التدريبي الثاني ,7,17,يمسح-112,المساحة الأرضية -2,2,2
الكلية التقنية,دبلوم,تقنية المساحة,تقنية المساحة,برامج مفعله,31,71,الفصل التدريبي الثاني ,7,17,يمسح-121,الرسم المساحي,0,2
الكلية التقنية,دبلوم,تقنية المساحة,تقنية المساحة,برامج مفعله,31,71,الفصل التدريبي الثاني ,7,17,يمسح-131,الحساب المساحي(1),2,2
الكلية التقنية,دبلوم,تقنية المساحة,تقنية المساحة,برامج مفعله,31,71,الفصل التدريبي الثاني ,7,17,يمسح-141,نظم الملاحة العالمية بالاقمار الصناعية,2,2
الكلية التقنية,دبلوم,تقنية المساحة,تقنية المساحة,برامج مفعله,31,71,الفصل التدريبي الخامس ,1,2, يمسح-288,المشروع الإنتاجي,0,0
الكلية التقنية,دبلوم,تقنية المساحة,تقنية المساحة,برامج مفعله,31,71,الفصل التدريبي الخامس ,1,2,يمسح-299,التدريب التعاونى,0,0
الكلية التقنية,دبلوم,تقنية المساحة,تقنية المساحة,برامج مفعله,31,71,الفصل التدريبي الرابع ,9,18,اسلك-201,السلوك الوظيفي والمستقبل المهني,2,0
الكلية التقنية,دبلوم,تقنية المساحة,تقنية المساحة,برامج مفعله,31,71,الفصل التدريبي الرابع ,9,18,يمسح-214,المساحة الأرضية(4),2,4
الكلية التقنية,دبلوم,تقنية المساحة,تقنية المساحة,برامج مفعله,31,71,الفصل التدريبي الرابع ,9,18,يمسح-223,الرسم المساحي بالحاسب (2),0,2
الكلية التقنية,دبلوم,تقنية المساحة,تقنية المساحة,برامج مفعله,31,71,الفصل التدريبي الرابع ,9,18,يمسح-252,المساحة الانشائية,1,2
الكلية التقنية,دبلوم,تقنية المساحة,تقنية المساحة,برامج مفعله,31,71,الفصل التدريبي الرابع ,9,18,يمسح-253,المساحة العقارية,1,2
الكلية التقنية,دبلوم,تقنية المساحة,تقنية المساحة,برامج مفعله,31,71,الفصل التدريبي الرابع ,9,18,يمسح-261,معايرة الأجهزة المساحية,1,2
الكلية التقنية,دبلوم,تقنية المساحة,تقنية المساحة,برامج مفعله,31,71,الفصل التدريبي الرابع ,9,18,يمسح-271,الادارة للمساحين,1,0
الكلية التقنية,دبلوم,تقنية المساحة,تقنية المساحة,برامج مفعله,31,71,الفصل التدريبي الرابع ,9,18,يمسح-272,الجودة في البيانات والاعمال المساحية,1,0
الكلية التقنية,دبلوم,تقنية المساحة,تقنية المساحة,برامج مفعله,31,71,الفصل التدريبي الرابع ,9,18,يمسح-281,المشروع,1,4
الكلية التقنية,دبلوم,تقنية الاعمال,تقنية الموارد البشرية,برامج مفعله,26,65,الفصل التدريبي الأول ,7,19,احصا-101,مقدمة في الإحصاء,3,0
الكلية التقنية,دبلوم,تقنية الاعمال,تقنية الموارد البشرية,برامج مفعله,26,65,الفصل التدريبي الأول ,7,19,ادار-101,مبادئ إدارة الأعمال,4,0
الكلية التقنية,دبلوم,تقنية الاعمال,تقنية الموارد البشرية,برامج مفعله,26,65,الفصل التدريبي الأول ,7,19,انجل-111,لغة إنجليزية (1),4,0
الكلية التقنية,دبلوم,تقنية الاعمال,تقنية الموارد البشرية,برامج مفعله,26,65,الفصل التدريبي الأول ,7,19,بشري-101,مبادئ ادارة الموارد البشرية,4,0
الكلية التقنية,دبلوم,تقنية الاعمال,تقنية الموارد البشرية,برامج مفعله,26,65,الفصل التدريبي الأول ,7,19,حاسب-101,مقدمة تطبيقات الحاسب,0,4
الكلية التقنية,دبلوم,تقنية الاعمال,تقنية الموارد البشرية,برامج مفعله,26,65,الفصل التدريبي الأول ,7,19,رياض-101,الرياضيات,4,0
الكلية التقنية,دبلوم,تقنية الاعمال,تقنية الموارد البشرية,برامج مفعله,26,65,الفصل التدريبي الأول ,7,19,عربي-101,الكتابة الفنية,2,0
الكلية التقنية,دبلوم,تقنية الاعمال,تقنية الموارد البشرية,برامج مفعله,26,65,الفصل التدريبي الثالث ,6,17,انجل-113,لغة إنجليزية (3),4,0
الكلية التقنية,دبلوم,تقنية الاعمال,تقنية الموارد البشرية,برامج مفعله,26,65,الفصل التدريبي الثالث ,6,17,بشري-221,الاستقطاب والاختيار,4,0
الكلية التقنية,دبلوم,تقنية الاعمال,تقنية الموارد البشرية,برامج مفعله,26,65,الفصل التدريبي الثالث ,6,17,بشري-222,تدريب وتنمية الموارد البشرية,4,0
الكلية التقنية,دبلوم,تقنية الاعمال,تقنية الموارد البشرية,برامج مفعله,26,65,الفصل التدريبي الثالث ,6,17,بشري-223,إدارة نظم الأجور والتعويضات,4,0
الكلية التقنية,دبلوم,تقنية الاعمال,تقنية الموارد البشرية,برامج مفعله,26,65,الفصل التدريبي الثالث ,6,17,بشري-230,إدارة الأداء,4,0
الكلية التقنية,دبلوم,تقنية الاعمال,تقنية الموارد البشرية,برامج مفعله,26,65,الفصل التدريبي الثالث ,6,17,رياد-262,ريادة الاعمال في مجال الإدارة,1,2
الكلية التقنية,دبلوم,تقنية الاعمال,تقنية الموارد البشرية,برامج مفعله,26,65,الفصل التدريبي الثاني ,6,15,انجل-112,لغة إنجليزية (2),4,0
الكلية التقنية,دبلوم,تقنية الاعمال,تقنية الموارد البشرية,برامج مفعله,26,65,الفصل التدريبي الثاني ,6,15,بشري-111,تحليل وتقييم الوظائف,4,0
الكلية التقنية,دبلوم,تقنية الاعمال,تقنية الموارد البشرية,برامج مفعله,26,65,الفصل التدريبي الثاني ,6,15,بشري-112,تخطيط الموارد البشرية,4,0
الكلية التقنية,دبلوم,تقنية الاعمال,تقنية الموارد البشرية,برامج مفعله,26,65,الفصل التدريبي الثاني ,6,15,حاسب-102,تطبيقات الحاسب المتقدمة,0,4
الكلية التقنية,دبلوم,تقنية الاعمال,تقنية الموارد البشرية,برامج مفعله,26,65,الفصل التدريبي الثاني ,6,15,رياد-101,أساسيات ريادة الأعمال,2,0
الكلية التقنية,دبلوم,تقنية الاعمال,تقنية الموارد البشرية,برامج مفعله,26,65,الفصل التدريبي الثاني ,6,15,محسب-101,مبادئ المحاسبة,4,0
الكلية التقنية,دبلوم,تقنية الاعمال,تقنية الموارد البشرية,برامج مفعله,26,65,الفصل التدريبي الخامس ,1,2, بشري-288,المشروع الإنتاجي,0,0
الكلية التقنية,دبلوم,تقنية الاعمال,تقنية الموارد البشرية,برامج مفعله,26,65,الفصل التدريبي الخامس ,1,2,بشري-299,التدريب التعاوني,0,0
الكلية التقنية,دبلوم,تقنية الاعمال,تقنية الموارد البشرية,برامج مفعله,26,65,الفصل التدريبي الرابع ,6,12,اسلك-201,السلوك الوظيفي والمستقبل المهني,2,0
الكلية التقنية,دبلوم,تقنية الاعمال,تقنية الموارد البشرية,برامج مفعله,26,65,الفصل التدريبي الرابع ,6,12,اسلم-101,الدراسات الإسلامية,2,0
الكلية التقنية,دبلوم,تقنية الاعمال,تقنية الموارد البشرية,برامج مفعله,26,65,الفصل التدريبي الرابع ,6,12,بشري-232,إدارة الخدمة المدنية,4,0
الكلية التقنية,دبلوم,تقنية الاعمال,تقنية الموارد البشرية,برامج مفعله,26,65,الفصل التدريبي الرابع ,6,12,بشري-241,مصطلحات انجليزية في إدارة المو,2,0
الكلية التقنية,دبلوم,تقنية الاعمال,تقنية الموارد البشرية,برامج مفعله,26,65,الفصل التدريبي الرابع ,6,12,بشري-251,تطبيقات الحاسب الآلي في ادارة,0,4
الكلية التقنية,دبلوم,تقنية الاعمال,تقنية الموارد البشرية,برامج مفعله,26,65,الفصل التدريبي الرابع ,6,12,بشري-252,موضوعات مختارة في ادارة الموار,3,0
الكلية التقنية,دبلوم,تقنية تصميم وتصنيع الأزياء,تقنية الموضة وتصميم الأزياء,برامج مفعله,27,70,الفصل التدريبي الأول ,7,15,انجل-111,لغة إنجليزية (1),4,0
الكلية التقنية,دبلوم,تقنية تصميم وتصنيع الأزياء,تقنية الموضة وتصميم الأزياء,برامج مفعله,27,70,الفصل التدريبي الأول ,7,15,حاسب-101,مقدمة تطبيقات الحاسب,0,4
الكلية التقنية,دبلوم,تقنية تصميم وتصنيع الأزياء,تقنية الموضة وتصميم الأزياء,برامج مفعله,27,70,الفصل التدريبي الأول ,7,15,رياض-101,الرياضيات,4,0
الكلية التقنية,دبلوم,تقنية تصميم وتصنيع الأزياء,تقنية الموضة وتصميم الأزياء,برامج مفعله,27,70,الفصل التدريبي الأول ,7,15,عربي-101,الكتابة الفنية,2,0
الكلية التقنية,دبلوم,تقنية تصميم وتصنيع الأزياء,تقنية الموضة وتصميم الأزياء,برامج مفعله,27,70,الفصل التدريبي الأول ,7,15,كساء-101,السلامة المهنية,2,0
الكلية التقنية,دبلوم,تقنية تصميم وتصنيع الأزياء,تقنية الموضة وتصميم الأزياء,برامج مفعله,27,70,الفصل التدريبي الأول ,7,15,كساء-104,أسس تصميم الأزياء,1,4
الكلية التقنية,دبلوم,تقنية تصميم وتصنيع الأزياء,تقنية الموضة وتصميم الأزياء,برامج مفعله,27,70,الفصل التدريبي الأول ,7,15,كساء-113,تقنيات الخياطة,0,8
الكلية التقنية,دبلوم,تقنية تصميم وتصنيع الأزياء,تقنية الموضة وتصميم الأزياء,برامج مفعله,27,70,الفصل التدريبي الثالث ,6,17,انجل-113,لغة إنجليزية (3),4,0
الكلية التقنية,دبلوم,تقنية تصميم وتصنيع الأزياء,تقنية الموضة وتصميم الأزياء,برامج مفعله,27,70,الفصل التدريبي الثالث ,6,17,رياد-254,ريادة اعمال انتاج وتصميم الأزياء,1,2
الكلية التقنية,دبلوم,تقنية تصميم وتصنيع الأزياء,تقنية الموضة وتصميم الأزياء,برامج مفعله,27,70,الفصل التدريبي الثالث ,6,17,كساء-222,مهارات التطريز,1,4
الكلية التقنية,دبلوم,تقنية تصميم وتصنيع الأزياء,تقنية الموضة وتصميم الأزياء,برامج مفعله,27,70,الفصل التدريبي الثالث ,6,17,كساء-235,تصميم أقمشة,1,4
الكلية التقنية,دبلوم,تقنية تصميم وتصنيع الأزياء,تقنية الموضة وتصميم الأزياء,برامج مفعله,27,70,الفصل التدريبي الثالث ,6,17,كساء-243,الملابس التقليدية,1,4
الكلية التقنية,دبلوم,تقنية تصميم وتصنيع الأزياء,تقنية الموضة وتصميم الأزياء,برامج مفعله,27,70,الفصل التدريبي الثالث ,6,17,كساء-251,التشكيل المتقدم على المانيكان,1,4
الكلية التقنية,دبلوم,تقنية تصميم وتصنيع الأزياء,تقنية الموضة وتصميم الأزياء,برامج مفعله,27,70,الفصل التدريبي الثاني ,7,16,انجل-112,لغة إنجليزية (2),4,0
الكلية التقنية,دبلوم,تقنية تصميم وتصنيع الأزياء,تقنية الموضة وتصميم الأزياء,برامج مفعله,27,70,الفصل التدريبي الثاني ,7,16,حاسب-102,تطبيقات الحاسب المتقدمة,0,4
الكلية التقنية,دبلوم,تقنية تصميم وتصنيع الأزياء,تقنية الموضة وتصميم الأزياء,برامج مفعله,27,70,الفصل التدريبي الثاني ,7,16,رياد-101,أساسيات ريادة الأعمال,2,0
الكلية التقنية,دبلوم,تقنية تصميم وتصنيع الأزياء,تقنية الموضة وتصميم الأزياء,برامج مفعله,27,70,الفصل التدريبي الثاني ,7,16,كساء-111,رسم الباترونات,0,5
الكلية التقنية,دبلوم,تقنية تصميم وتصنيع الأزياء,تقنية الموضة وتصميم الأزياء,برامج مفعله,27,70,الفصل التدريبي الثاني ,7,16,كساء-131,المنسوجات,0,2
الكلية التقنية,دبلوم,تقنية تصميم وتصنيع الأزياء,تقنية الموضة وتصميم الأزياء,برامج مفعله,27,70,الفصل التدريبي الثاني ,7,16,كساء-151,التشكيل علي المانيكان,1,4
الكلية التقنية,دبلوم,تقنية تصميم وتصنيع الأزياء,تقنية الموضة وتصميم الأزياء,برامج مفعله,27,70,الفصل التدريبي الثاني ,7,16,كساء-215,تصميم الأزياء,1,4
الكلية التقنية,دبلوم,تقنية تصميم وتصنيع الأزياء,تقنية الموضة وتصميم الأزياء,برامج مفعله,27,70,الفصل التدريبي الخامس ,1,2, كساء-288,المشروع الإنتاجي,0,0
الكلية التقنية,دبلوم,تقنية تصميم وتصنيع الأزياء,تقنية الموضة وتصميم الأزياء,برامج مفعله,27,70,الفصل التدريبي الخامس ,1,2,كساء-299,التدريب التعاوني,0,0
الكلية التقنية,دبلوم,تقنية تصميم وتصنيع الأزياء,تقنية الموضة وتصميم الأزياء,برامج مفعله,27,70,الفصل التدريبي الرابع ,6,16,اسلك-201,السلوك الوظيفي والمستقبل المهني,2,0
الكلية التقنية,دبلوم,تقنية تصميم وتصنيع الأزياء,تقنية الموضة وتصميم الأزياء,برامج مفعله,27,70,الفصل التدريبي الرابع ,6,16,اسلم-101,الدراسات الإسلامية,2,0
الكلية التقنية,دبلوم,تقنية تصميم وتصنيع الأزياء,تقنية الموضة وتصميم الأزياء,برامج مفعله,27,70,الفصل التدريبي الرابع ,6,16,كساء-226,تصميم أزياء بالحاسب الآلي,0,4
الكلية التقنية,دبلوم,تقنية تصميم وتصنيع الأزياء,تقنية الموضة وتصميم الأزياء,برامج مفعله,27,70,الفصل التدريبي الرابع ,6,16,كساء-247,الملابس الخارجية,1,6
الكلية التقنية,دبلوم,تقنية تصميم وتصنيع الأزياء,تقنية الموضة وتصميم الأزياء,برامج مفعله,27,70,الفصل التدريبي الرابع ,6,16,كساء-255,عروض الأزياء,1,6
الكلية التقنية,دبلوم,تقنية تصميم وتصنيع الأزياء,تقنية الموضة وتصميم الأزياء,برامج مفعله,27,70,الفصل التدريبي الرابع ,6,16,كساء-274,تسويق الأزياء والمنتجات,2,0
الكلية التقنية,دبلوم,التقنية الالكترونية,تقنية الميكاترونيكس,برامج مفعله,34,69,الفصل التدريبي الأول ,7,18,اجدق-111,هندسة كهربائية-1,2,2
الكلية التقنية,دبلوم,التقنية الالكترونية,تقنية الميكاترونيكس,برامج مفعله,34,69,الفصل التدريبي الأول ,7,18,الكت-102,ورشة تأهيلية,0,4
الكلية التقنية,دبلوم,التقنية الالكترونية,تقنية الميكاترونيكس,برامج مفعله,34,69,الفصل التدريبي الأول ,7,18,انجل-101,لغة إنجليزية (1),4,0
الكلية التقنية,دبلوم,التقنية الالكترونية,تقنية الميكاترونيكس,برامج مفعله,34,69,الفصل التدريبي الأول ,7,18,حاسب-101,مقدمة تطبيقات الحاسب,0,4
الكلية التقنية,دبلوم,التقنية الالكترونية,تقنية الميكاترونيكس,برامج مفعله,34,69,الفصل التدريبي الأول ,7,18,رياض-121,الرياضيات,4,0
الكلية التقنية,دبلوم,التقنية الالكترونية,تقنية الميكاترونيكس,برامج مفعله,34,69,الفصل التدريبي الأول ,7,18,عربي-101,الكتابة الفنية,2,0
الكلية التقنية,دبلوم,التقنية الالكترونية,تقنية الميكاترونيكس,برامج مفعله,34,69,الفصل التدريبي الأول ,7,18,فيزي-101,الفيزياء,2,2
الكلية التقنية,دبلوم,التقنية الالكترونية,تقنية الميكاترونيكس,برامج مفعله,34,69,الفصل التدريبي الثالث ,8,18,اجدق-223,حاكمات دقيقة,0,4
الكلية التقنية,دبلوم,التقنية الالكترونية,تقنية الميكاترونيكس,برامج مفعله,34,69,الفصل التدريبي الثالث ,8,18,اجطب-255,آلات كهربائية,1,2
الكلية التقنية,دبلوم,التقنية الالكترونية,تقنية الميكاترونيكس,برامج مفعله,34,69,الفصل التدريبي الثالث ,8,18,اسلم-101,الدراسات الإسلامية,2,0
الكلية التقنية,دبلوم,التقنية الالكترونية,تقنية الميكاترونيكس,برامج مفعله,34,69,الفصل التدريبي الثالث ,8,18,الكت-242,دوائرالكترونية,1,2
الكلية التقنية,دبلوم,التقنية الالكترونية,تقنية الميكاترونيكس,برامج مفعله,34,69,الفصل التدريبي الثالث ,8,18,انجل-103,لغة إنجليزية (3),4,0
الكلية التقنية,دبلوم,التقنية الالكترونية,تقنية الميكاترونيكس,برامج مفعله,34,69,الفصل التدريبي الثالث ,8,18,رياد-222,ريادة اعمال الالكترونيات,1,2
الكلية التقنية,دبلوم,التقنية الالكترونية,تقنية الميكاترونيكس,برامج مفعله,34,69,الفصل التدريبي الثالث ,8,18,منتج-121,أساسيات التحكم النيوماتي والهيدروليكي,2,2
الكلية التقنية,دبلوم,التقنية الالكترونية,تقنية الميكاترونيكس,برامج مفعله,34,69,الفصل التدريبي الثالث ,8,18,منتج-233,CADالرسم بمساعدة الحاسب,0,4
الكلية التقنية,دبلوم,التقنية الالكترونية,تقنية الميكاترونيكس,برامج مفعله,34,69,الفصل التدريبي الثاني ,9,18,اجدق-112,هندسة كهربائية -2,2,2
الكلية التقنية,دبلوم,التقنية الالكترونية,تقنية الميكاترونيكس,برامج مفعله,34,69,الفصل التدريبي الثاني ,9,18,اجدق-113,عناصر الكترونية وضوئية,1,2
الكلية التقنية,دبلوم,التقنية الالكترونية,تقنية الميكاترونيكس,برامج مفعله,34,69,الفصل التدريبي الثاني ,9,18,اجدق-121,دوائر رقمية,1,2
الكلية التقنية,دبلوم,التقنية الالكترونية,تقنية الميكاترونيكس,برامج مفعله,34,69,الفصل التدريبي الثاني ,9,18,اجدق-122,اساسيات البرمجة,0,2
الكلية التقنية,دبلوم,التقنية الالكترونية,تقنية الميكاترونيكس,برامج مفعله,34,69,الفصل التدريبي الثاني ,9,18,الكت-103,ورشة الكترونيات أساسية,0,4
الكلية التقنية,دبلوم,التقنية الالكترونية,تقنية الميكاترونيكس,برامج مفعله,34,69,الفصل التدريبي الثاني ,9,18,انجل-102,لغة إنجليزية (2),4,0
الكلية التقنية,دبلوم,التقنية الالكترونية,تقنية الميكاترونيكس,برامج مفعله,34,69,الفصل التدريبي الثاني ,9,18,رياد-101,أساسيات ريادة الأعمال,2,0
الكلية التقنية,دبلوم,التقنية الالكترونية,تقنية الميكاترونيكس,برامج مفعله,34,69,الفصل التدريبي الثاني ,9,18,منتج-131,الرسم الهندسي,0,4
الكلية التقنية,دبلوم,التقنية الالكترونية,تقنية الميكاترونيكس,برامج مفعله,34,69,الفصل التدريبي الثاني ,9,18,ميكس-211,الوصلات ونواقل الحركة,1,0
الكلية التقنية,دبلوم,التقنية الالكترونية,تقنية الميكاترونيكس,برامج مفعله,34,69,الفصل التدريبي الخامس ,1,2, ميكس-288,المشروع الإنتاجي,0,0
الكلية التقنية,دبلوم,التقنية الالكترونية,تقنية الميكاترونيكس,برامج مفعله,34,69,الفصل التدريبي الخامس ,1,2,ميكس-299,التدريب التعاوني,0,0
الكلية التقنية,دبلوم,التقنية الالكترونية,تقنية الميكاترونيكس,برامج مفعله,34,69,الفصل التدريبي الرابع ,9,14,اجدق-233,ميكاترونيكس,2,0
الكلية التقنية,دبلوم,التقنية الالكترونية,تقنية الميكاترونيكس,برامج مفعله,34,69,الفصل التدريبي الرابع ,9,14,اسلك-201,السلوك الوظيفي والمستقبل المهني,2,0
الكلية التقنية,دبلوم,التقنية الالكترونية,تقنية الميكاترونيكس,برامج مفعله,34,69,الفصل التدريبي الرابع ,9,14,الكت-223,حساسات ومبدلات,1,2
الكلية التقنية,دبلوم,التقنية الالكترونية,تقنية الميكاترونيكس,برامج مفعله,34,69,الفصل التدريبي الرابع ,9,14,الكت-234,حاكمات قابله للبرمجة,0,4
الكلية التقنية,دبلوم,التقنية الالكترونية,تقنية الميكاترونيكس,برامج مفعله,34,69,الفصل التدريبي الرابع ,9,14,منتج-234,التصميم والتصنيع بالحاسب CAD/C,0,3
الكلية التقنية,دبلوم,التقنية الالكترونية,تقنية الميكاترونيكس,برامج مفعله,34,69,الفصل التدريبي الرابع ,9,14,ميكس-212,المشغلات الكهربائية,2,0
الكلية التقنية,دبلوم,التقنية الالكترونية,تقنية الميكاترونيكس,برامج مفعله,34,69,الفصل التدريبي الرابع ,9,14,ميكس-213,المركبات الكهربائية,0,2
الكلية التقنية,دبلوم,التقنية الالكترونية,تقنية الميكاترونيكس,برامج مفعله,34,69,الفصل التدريبي الرابع ,9,14,ميكس-214,تطبيقات على المتحكمات الدقيقة,0,2
الكلية التقنية,دبلوم,التقنية الالكترونية,تقنية الميكاترونيكس,برامج مفعله,34,69,الفصل التدريبي الرابع ,9,14,ميكس-291,مشروع,1,2
كلية  التقنية التطبيقية,دبلوم,الحاسب وتقنية المعلومات,تقنية الوسائط المتعددة وتقنيات,برامج مفعله,26,70,الفصل التدريبي الأول ,6,18,انجل-101,لغة إنجليزية (1),4,0
كلية الاتصالات والإلكترونيات,دبلوم,الحاسب وتقنية المعلومات,تقنية الوسائط المتعددة وتقنيات,برامج مفعله,26,70,الفصل التدريبي الأول ,6,18,انجل-101,لغة إنجليزية (1),4,0
الكلية التقنية,دبلوم,الحاسب وتقنية المعلومات,تقنية الوسائط المتعددة وتقنيات,برامج مفعله,26,70,الفصل التدريبي الأول ,6,18,انجل-101,لغة إنجليزية (1),4,0
الكلية التقنية,دبلوم,الحاسب وتقنية المعلومات,تقنية الوسائط المتعددة وتقنيات,برامج مفعله,26,70,الفصل التدريبي الأول ,6,18,حاسب-101,مقدمة تطبيقات الحاسب,0,4
كلية الاتصالات والإلكترونيات,دبلوم,الحاسب وتقنية المعلومات,تقنية الوسائط المتعددة وتقنيات,برامج مفعله,26,70,الفصل التدريبي الأول ,6,18,حاسب-101,مقدمة تطبيقات الحاسب,0,4
كلية  التقنية التطبيقية,دبلوم,الحاسب وتقنية المعلومات,تقنية الوسائط المتعددة وتقنيات,برامج مفعله,26,70,الفصل التدريبي الأول ,6,18,حاسب-101,مقدمة تطبيقات الحاسب,0,4
كلية الاتصالات والإلكترونيات,دبلوم,الحاسب وتقنية المعلومات,تقنية الوسائط المتعددة وتقنيات,برامج مفعله,26,70,الفصل التدريبي الأول ,6,18,رياض-101,الرياضيات,4,0
الكلية التقنية,دبلوم,الحاسب وتقنية المعلومات,تقنية الوسائط المتعددة وتقنيات,برامج مفعله,26,70,الفصل التدريبي الأول ,6,18,رياض-101,الرياضيات,4,0
كلية  التقنية التطبيقية,دبلوم,الحاسب وتقنية المعلومات,تقنية الوسائط المتعددة وتقنيات,برامج مفعله,26,70,الفصل التدريبي الأول ,6,18,رياض-101,الرياضيات,4,0
كلية الاتصالات والإلكترونيات,دبلوم,الحاسب وتقنية المعلومات,تقنية الوسائط المتعددة وتقنيات,برامج مفعله,26,70,الفصل التدريبي الأول ,6,18,فيزي-101,الفيزياء,2,2
الكلية التقنية,دبلوم,الحاسب وتقنية المعلومات,تقنية الوسائط المتعددة وتقنيات,برامج مفعله,26,70,الفصل التدريبي الأول ,6,18,فيزي-101,الفيزياء,2,2
كلية  التقنية التطبيقية,دبلوم,الحاسب وتقنية المعلومات,تقنية الوسائط المتعددة وتقنيات,برامج مفعله,26,70,الفصل التدريبي الأول ,6,18,فيزي-101,الفيزياء,2,2
الكلية التقنية,دبلوم,الحاسب وتقنية المعلومات,تقنية الوسائط المتعددة وتقنيات,برامج مفعله,26,70,الفصل التدريبي الأول ,6,18,ملتي-101,المهارات الاساسية للمصممين,2,2
كلية الاتصالات والإلكترونيات,دبلوم,الحاسب وتقنية المعلومات,تقنية الوسائط المتعددة وتقنيات,برامج مفعله,26,70,الفصل التدريبي الأول ,6,18,ملتي-101,المهارات الاساسية للمصممين,2,2
كلية  التقنية التطبيقية,دبلوم,الحاسب وتقنية المعلومات,تقنية الوسائط المتعددة وتقنيات,برامج مفعله,26,70,الفصل التدريبي الأول ,6,18,ملتي-101,المهارات الاساسية للمصممين,2,2
الكلية التقنية,دبلوم,الحاسب وتقنية المعلومات,تقنية الوسائط المتعددة وتقنيات,برامج مفعله,26,70,الفصل التدريبي الأول ,6,18,ملتي-141,التصميم المرئي-1,2,4
كلية الاتصالات والإلكترونيات,دبلوم,الحاسب وتقنية المعلومات,تقنية الوسائط المتعددة وتقنيات,برامج مفعله,26,70,الفصل التدريبي الأول ,6,18,ملتي-141,التصميم المرئي-1,2,4
كلية  التقنية التطبيقية,دبلوم,الحاسب وتقنية المعلومات,تقنية الوسائط المتعددة وتقنيات,برامج مفعله,26,70,الفصل التدريبي الأول ,6,18,ملتي-141,التصميم المرئي-1,2,4
الكلية التقنية,دبلوم,الحاسب وتقنية المعلومات,تقنية الوسائط المتعددة وتقنيات,برامج مفعله,26,70,الفصل التدريبي الثالث ,5,17,انجل-103,لغة إنجليزية (3),4,0
كلية الاتصالات والإلكترونيات,دبلوم,الحاسب وتقنية المعلومات,تقنية الوسائط المتعددة وتقنيات,برامج مفعله,26,70,الفصل التدريبي الثالث ,5,17,انجل-103,لغة إنجليزية (3),4,0
كلية  التقنية التطبيقية,دبلوم,الحاسب وتقنية المعلومات,تقنية الوسائط المتعددة وتقنيات,برامج مفعله,26,70,الفصل التدريبي الثالث ,5,17,انجل-103,لغة إنجليزية (3),4,0
كلية  التقنية التطبيقية,دبلوم,الحاسب وتقنية المعلومات,تقنية الوسائط المتعددة وتقنيات,برامج مفعله,26,70,الفصل التدريبي الثالث ,5,17,رياد-212,ريادة اعمال الحاسب وتقنية المعلومات,1,2
الكلية التقنية,دبلوم,الحاسب وتقنية المعلومات,تقنية الوسائط المتعددة وتقنيات,برامج مفعله,26,70,الفصل التدريبي الثالث ,5,17,رياد-212,ريادة اعمال الحاسب وتقنية المعلومات,1,2
كلية الاتصالات والإلكترونيات,دبلوم,الحاسب وتقنية المعلومات,تقنية الوسائط المتعددة وتقنيات,برامج مفعله,26,70,الفصل التدريبي الثالث ,5,17,رياد-212,ريادة اعمال الحاسب وتقنية المعلومات,1,2
كلية الاتصالات والإلكترونيات,دبلوم,الحاسب وتقنية المعلومات,تقنية الوسائط المتعددة وتقنيات,برامج مفعله,26,70,الفصل التدريبي الثالث ,5,17,ملتي-232,معالجة الفيديو الرقمي-2,2,4
كلية  التقنية التطبيقية,دبلوم,الحاسب وتقنية المعلومات,تقنية الوسائط المتعددة وتقنيات,برامج مفعله,26,70,الفصل التدريبي الثالث ,5,17,ملتي-232,معالجة الفيديو الرقمي-2,2,4
الكلية التقنية,دبلوم,الحاسب وتقنية المعلومات,تقنية الوسائط المتعددة وتقنيات,برامج مفعله,26,70,الفصل التدريبي الثالث ,5,17,ملتي-232,معالجة الفيديو الرقمي-2,2,4
الكلية التقنية,دبلوم,الحاسب وتقنية المعلومات,تقنية الوسائط المتعددة وتقنيات,برامج مفعله,26,70,الفصل التدريبي الثالث ,5,17,ملتي-242,التصميم المرئي-2,2,4
كلية الاتصالات والإلكترونيات,دبلوم,الحاسب وتقنية المعلومات,تقنية الوسائط المتعددة وتقنيات,برامج مفعله,26,70,الفصل التدريبي الثالث ,5,17,ملتي-242,التصميم المرئي-2,2,4
كلية  التقنية التطبيقية,دبلوم,الحاسب وتقنية المعلومات,تقنية الوسائط المتعددة وتقنيات,برامج مفعله,26,70,الفصل التدريبي الثالث ,5,17,ملتي-242,التصميم المرئي-2,2,4
كلية الاتصالات والإلكترونيات,دبلوم,الحاسب وتقنية المعلومات,تقنية الوسائط المتعددة وتقنيات,برامج مفعله,26,70,الفصل التدريبي الثالث ,5,17,ملتي-251,التصميم الرقمي,2,4
كلية  التقنية التطبيقية,دبلوم,الحاسب وتقنية المعلومات,تقنية الوسائط المتعددة وتقنيات,برامج مفعله,26,70,الفصل التدريبي الثالث ,5,17,ملتي-251,التصميم الرقمي,2,4
الكلية التقنية,دبلوم,الحاسب وتقنية المعلومات,تقنية الوسائط المتعددة وتقنيات,برامج مفعله,26,70,الفصل التدريبي الثالث ,5,17,ملتي-251,التصميم الرقمي,2,4
الكلية التقنية,دبلوم,الحاسب وتقنية المعلومات,تقنية الوسائط المتعددة وتقنيات,برامج مفعله,26,70,الفصل التدريبي الثاني ,7,17,اسلم-101,الدراسات الإسلامية,2,0
كلية  التقنية التطبيقية,دبلوم,الحاسب وتقنية المعلومات,تقنية الوسائط المتعددة وتقنيات,برامج مفعله,26,70,الفصل التدريبي الثاني ,7,17,اسلم-101,الدراسات الإسلامية,2,0
كلية الاتصالات والإلكترونيات,دبلوم,الحاسب وتقنية المعلومات,تقنية الوسائط المتعددة وتقنيات,برامج مفعله,26,70,الفصل التدريبي الثاني ,7,17,اسلم-101,الدراسات الإسلامية,2,0
كلية الاتصالات والإلكترونيات,دبلوم,الحاسب وتقنية المعلومات,تقنية الوسائط المتعددة وتقنيات,برامج مفعله,26,70,الفصل التدريبي الثاني ,7,17,انجل-102,لغة إنجليزية (2),4,0
كلية  التقنية التطبيقية,دبلوم,الحاسب وتقنية المعلومات,تقنية الوسائط المتعددة وتقنيات,برامج مفعله,26,70,الفصل التدريبي الثاني ,7,17,انجل-102,لغة إنجليزية (2),4,0
الكلية التقنية,دبلوم,الحاسب وتقنية المعلومات,تقنية الوسائط المتعددة وتقنيات,برامج مفعله,26,70,الفصل التدريبي الثاني ,7,17,انجل-102,لغة إنجليزية (2),4,0
الكلية التقنية,دبلوم,الحاسب وتقنية المعلومات,تقنية الوسائط المتعددة وتقنيات,برامج مفعله,26,70,الفصل التدريبي الثاني ,7,17,حاسب-102,تطبيقات الحاسب المتقدمة,0,4
كلية الاتصالات والإلكترونيات,دبلوم,الحاسب وتقنية المعلومات,تقنية الوسائط المتعددة وتقنيات,برامج مفعله,26,70,الفصل التدريبي الثاني ,7,17,حاسب-102,تطبيقات الحاسب المتقدمة,0,4
كلية  التقنية التطبيقية,دبلوم,الحاسب وتقنية المعلومات,تقنية الوسائط المتعددة وتقنيات,برامج مفعله,26,70,الفصل التدريبي الثاني ,7,17,حاسب-102,تطبيقات الحاسب المتقدمة,0,4
كلية  التقنية التطبيقية,دبلوم,الحاسب وتقنية المعلومات,تقنية الوسائط المتعددة وتقنيات,برامج مفعله,26,70,الفصل التدريبي الثاني ,7,17,رياد-101,أساسيات ريادة الأعمال,2,0
الكلية التقنية,دبلوم,الحاسب وتقنية المعلومات,تقنية الوسائط المتعددة وتقنيات,برامج مفعله,26,70,الفصل التدريبي الثاني ,7,17,رياد-101,أساسيات ريادة الأعمال,2,0
كلية الاتصالات والإلكترونيات,دبلوم,الحاسب وتقنية المعلومات,تقنية الوسائط المتعددة وتقنيات,برامج مفعله,26,70,الفصل التدريبي الثاني ,7,17,رياد-101,أساسيات ريادة الأعمال,2,0
كلية  التقنية التطبيقية,دبلوم,الحاسب وتقنية المعلومات,تقنية الوسائط المتعددة وتقنيات,برامج مفعله,26,70,الفصل التدريبي الثاني ,7,17,عربي-101,الكتابة الفنية,2,0
الكلية التقنية,دبلوم,الحاسب وتقنية المعلومات,تقنية الوسائط المتعددة وتقنيات,برامج مفعله,26,70,الفصل التدريبي الثاني ,7,17,عربي-101,الكتابة الفنية,2,0
كلية الاتصالات والإلكترونيات,دبلوم,الحاسب وتقنية المعلومات,تقنية الوسائط المتعددة وتقنيات,برامج مفعله,26,70,الفصل التدريبي الثاني ,7,17,عربي-101,الكتابة الفنية,2,0
كلية  التقنية التطبيقية,دبلوم,الحاسب وتقنية المعلومات,تقنية الوسائط المتعددة وتقنيات,برامج مفعله,26,70,الفصل التدريبي الثاني ,7,17,ملتي-121,معالجة الصوت الرقمي,0,4
الكلية التقنية,دبلوم,الحاسب وتقنية المعلومات,تقنية الوسائط المتعددة وتقنيات,برامج مفعله,26,70,الفصل التدريبي الثاني ,7,17,ملتي-121,معالجة الصوت الرقمي,0,4
كلية الاتصالات والإلكترونيات,دبلوم,الحاسب وتقنية المعلومات,تقنية الوسائط المتعددة وتقنيات,برامج مفعله,26,70,الفصل التدريبي الثاني ,7,17,ملتي-121,معالجة الصوت الرقمي,0,4
الكلية التقنية,دبلوم,الحاسب وتقنية المعلومات,تقنية الوسائط المتعددة وتقنيات,برامج مفعله,26,70,الفصل التدريبي الثاني ,7,17,ملتي-131,معالجة الفيديو الرقمي-1,2,4
كلية  التقنية التطبيقية,دبلوم,الحاسب وتقنية المعلومات,تقنية الوسائط المتعددة وتقنيات,برامج مفعله,26,70,الفصل التدريبي الثاني ,7,17,ملتي-131,معالجة الفيديو الرقمي-1,2,4
كلية الاتصالات والإلكترونيات,دبلوم,الحاسب وتقنية المعلومات,تقنية الوسائط المتعددة وتقنيات,برامج مفعله,26,70,الفصل التدريبي الثاني ,7,17,ملتي-131,معالجة الفيديو الرقمي-1,2,4
كلية الاتصالات والإلكترونيات,دبلوم,الحاسب وتقنية المعلومات,تقنية الوسائط المتعددة وتقنيات,برامج مفعله,26,70,الفصل التدريبي الخامس ,1,2, ملتي-288,المشروع الإنتاجي,0,0
كلية  التقنية التطبيقية,دبلوم,الحاسب وتقنية المعلومات,تقنية الوسائط المتعددة وتقنيات,برامج مفعله,26,70,الفصل التدريبي الخامس ,1,2, ملتي-288,المشروع الإنتاجي,0,0
الكلية التقنية,دبلوم,الحاسب وتقنية المعلومات,تقنية الوسائط المتعددة وتقنيات,برامج مفعله,26,70,الفصل التدريبي الخامس ,1,2, ملتي-288,المشروع الإنتاجي,0,0
الكلية التقنية,دبلوم,الحاسب وتقنية المعلومات,تقنية الوسائط المتعددة وتقنيات,برامج مفعله,26,70,الفصل التدريبي الخامس ,1,2,ملتي-299,التدريب التعاوني,0,0
كلية الاتصالات والإلكترونيات,دبلوم,الحاسب وتقنية المعلومات,تقنية الوسائط المتعددة وتقنيات,برامج مفعله,26,70,الفصل التدريبي الخامس ,1,2,ملتي-299,التدريب التعاوني,0,0
كلية  التقنية التطبيقية,دبلوم,الحاسب وتقنية المعلومات,تقنية الوسائط المتعددة وتقنيات,برامج مفعله,26,70,الفصل التدريبي الخامس ,1,2,ملتي-299,التدريب التعاوني,0,0
كلية الاتصالات والإلكترونيات,دبلوم,الحاسب وتقنية المعلومات,تقنية الوسائط المتعددة وتقنيات,برامج مفعله,26,70,الفصل التدريبي الرابع ,7,16,اسلك-201,السلوك الوظيفي والمستقبل المهني,2,0
كلية  التقنية التطبيقية,دبلوم,الحاسب وتقنية المعلومات,تقنية الوسائط المتعددة وتقنيات,برامج مفعله,26,70,الفصل التدريبي الرابع ,7,16,اسلك-201,السلوك الوظيفي والمستقبل المهني,2,0
الكلية التقنية,دبلوم,الحاسب وتقنية المعلومات,تقنية الوسائط المتعددة وتقنيات,برامج مفعله,26,70,الفصل التدريبي الرابع ,7,16,اسلك-201,السلوك الوظيفي والمستقبل المهني,2,0
كلية  التقنية التطبيقية,دبلوم,الحاسب وتقنية المعلومات,تقنية الوسائط المتعددة وتقنيات,برامج مفعله,26,70,الفصل التدريبي الرابع ,7,16,انجل-204,لغة إنجليزية (4 ),4,0
الكلية التقنية,دبلوم,الحاسب وتقنية المعلومات,تقنية الوسائط المتعددة وتقنيات,برامج مفعله,26,70,الفصل التدريبي الرابع ,7,16,انجل-204,لغة إنجليزية (4 ),4,0
كلية الاتصالات والإلكترونيات,دبلوم,الحاسب وتقنية المعلومات,تقنية الوسائط المتعددة وتقنيات,برامج مفعله,26,70,الفصل التدريبي الرابع ,7,16,انجل-204,لغة إنجليزية (4 ),4,0
الكلية التقنية,دبلوم,الحاسب وتقنية المعلومات,تقنية الوسائط المتعددة وتقنيات,برامج مفعله,26,70,الفصل التدريبي الرابع ,7,16,حاسب-280,التأهيل للشهادات الاحترافية,1,0
كلية الاتصالات والإلكترونيات,دبلوم,الحاسب وتقنية المعلومات,تقنية الوسائط المتعددة وتقنيات,برامج مفعله,26,70,الفصل التدريبي الرابع ,7,16,حاسب-280,التأهيل للشهادات الاحترافية,1,0
كلية  التقنية التطبيقية,دبلوم,الحاسب وتقنية المعلومات,تقنية الوسائط المتعددة وتقنيات,برامج مفعله,26,70,الفصل التدريبي الرابع ,7,16,حاسب-280,التأهيل للشهادات الاحترافية,1,0
الكلية التقنية,دبلوم,الحاسب وتقنية المعلومات,تقنية الوسائط المتعددة وتقنيات,برامج مفعله,26,70,الفصل التدريبي الرابع ,7,16,ملتي-261,التصميم التفاعلي,2,4
كلية  التقنية التطبيقية,دبلوم,الحاسب وتقنية المعلومات,تقنية الوسائط المتعددة وتقنيات,برامج مفعله,26,70,الفصل التدريبي الرابع ,7,16,ملتي-261,التصميم التفاعلي,2,4
كلية الاتصالات والإلكترونيات,دبلوم,الحاسب وتقنية المعلومات,تقنية الوسائط المتعددة وتقنيات,برامج مفعله,26,70,الفصل التدريبي الرابع ,7,16,ملتي-261,التصميم التفاعلي,2,4
الكلية التقنية,دبلوم,الحاسب وتقنية المعلومات,تقنية الوسائط المتعددة وتقنيات,برامج مفعله,26,70,الفصل التدريبي الرابع ,7,16,ملتي-271,النشر الالكتروني,1,2
كلية الاتصالات والإلكترونيات,دبلوم,الحاسب وتقنية المعلومات,تقنية الوسائط المتعددة وتقنيات,برامج مفعله,26,70,الفصل التدريبي الرابع ,7,16,ملتي-271,النشر الالكتروني,1,2
كلية  التقنية التطبيقية,دبلوم,الحاسب وتقنية المعلومات,تقنية الوسائط المتعددة وتقنيات,برامج مفعله,26,70,الفصل التدريبي الرابع ,7,16,ملتي-271,النشر الالكتروني,1,2
كلية الاتصالات والإلكترونيات,دبلوم,الحاسب وتقنية المعلومات,تقنية الوسائط المتعددة وتقنيات,برامج مفعله,26,70,الفصل التدريبي الرابع ,7,16,ملتي-285,موضوعات مختارة,1,2
الكلية التقنية,دبلوم,الحاسب وتقنية المعلومات,تقنية الوسائط المتعددة وتقنيات,برامج مفعله,26,70,الفصل التدريبي الرابع ,7,16,ملتي-285,موضوعات مختارة,1,2
كلية  التقنية التطبيقية,دبلوم,الحاسب وتقنية المعلومات,تقنية الوسائط المتعددة وتقنيات,برامج مفعله,26,70,الفصل التدريبي الرابع ,7,16,ملتي-285,موضوعات مختارة,1,2
كلية  التقنية التطبيقية,دبلوم,الحاسب وتقنية المعلومات,تقنية الوسائط المتعددة وتقنيات,برامج مفعله,26,70,الفصل التدريبي الرابع ,7,16,ملتي-295,مشروع,1,2
كلية الاتصالات والإلكترونيات,دبلوم,الحاسب وتقنية المعلومات,تقنية الوسائط المتعددة وتقنيات,برامج مفعله,26,70,الفصل التدريبي الرابع ,7,16,ملتي-295,مشروع,1,2
الكلية التقنية,دبلوم,الحاسب وتقنية المعلومات,تقنية الوسائط المتعددة وتقنيات,برامج مفعله,26,70,الفصل التدريبي الرابع ,7,16,ملتي-295,مشروع,1,2
كلية الاتصالات والمعلومات,دبلوم,الحاسب وتقنية المعلومات,تقنية إدارة أنظمة الشبكات,برامج مفعله,26,70,الفصل التدريبي الأول ,6,18,انجل-101,لغة إنجليزية (1),4,0
الكلية التقنية,دبلوم,الحاسب وتقنية المعلومات,تقنية إدارة أنظمة الشبكات,برامج مفعله,26,70,الفصل التدريبي الأول ,6,18,انجل-101,لغة إنجليزية (1),4,0
كلية الاتصالات والإلكترونيات,دبلوم,الحاسب وتقنية المعلومات,تقنية إدارة أنظمة الشبكات,برامج مفعله,26,70,الفصل التدريبي الأول ,6,18,انجل-101,لغة إنجليزية (1),4,0
الكلية التقنية,دبلوم,الحاسب وتقنية المعلومات,تقنية إدارة أنظمة الشبكات,برامج مفعله,26,70,الفصل التدريبي الأول ,6,18,حاسب-101,مقدمة تطبيقات الحاسب,0,4
كلية الاتصالات والمعلومات,دبلوم,الحاسب وتقنية المعلومات,تقنية إدارة أنظمة الشبكات,برامج مفعله,26,70,الفصل التدريبي الأول ,6,18,حاسب-101,مقدمة تطبيقات الحاسب,0,4
كلية الاتصالات والإلكترونيات,دبلوم,الحاسب وتقنية المعلومات,تقنية إدارة أنظمة الشبكات,برامج مفعله,26,70,الفصل التدريبي الأول ,6,18,حاسب-101,مقدمة تطبيقات الحاسب,0,4
الكلية التقنية,دبلوم,الحاسب وتقنية المعلومات,تقنية إدارة أنظمة الشبكات,برامج مفعله,26,70,الفصل التدريبي الأول ,6,18,حاسب-121,تجميع الحاسب وتشغيله,1,4
كلية الاتصالات والإلكترونيات,دبلوم,الحاسب وتقنية المعلومات,تقنية إدارة أنظمة الشبكات,برامج مفعله,26,70,الفصل التدريبي الأول ,6,18,حاسب-121,تجميع الحاسب وتشغيله,1,4
كلية الاتصالات والمعلومات,دبلوم,الحاسب وتقنية المعلومات,تقنية إدارة أنظمة الشبكات,برامج مفعله,26,70,الفصل التدريبي الأول ,6,18,حاسب-121,تجميع الحاسب وتشغيله,1,4
الكلية التقنية,دبلوم,الحاسب وتقنية المعلومات,تقنية إدارة أنظمة الشبكات,برامج مفعله,26,70,الفصل التدريبي الأول ,6,18,رياض-101,الرياضيات,4,0
كلية الاتصالات والإلكترونيات,دبلوم,الحاسب وتقنية المعلومات,تقنية إدارة أنظمة الشبكات,برامج مفعله,26,70,الفصل التدريبي الأول ,6,18,رياض-101,الرياضيات,4,0
كلية الاتصالات والمعلومات,دبلوم,الحاسب وتقنية المعلومات,تقنية إدارة أنظمة الشبكات,برامج مفعله,26,70,الفصل التدريبي الأول ,6,18,رياض-101,الرياضيات,4,0
كلية الاتصالات والإلكترونيات,دبلوم,الحاسب وتقنية المعلومات,تقنية إدارة أنظمة الشبكات,برامج مفعله,26,70,الفصل التدريبي الأول ,6,18,شبكا-111,مبادئ شبكات الحاسب,3,2
الكلية التقنية,دبلوم,الحاسب وتقنية المعلومات,تقنية إدارة أنظمة الشبكات,برامج مفعله,26,70,الفصل التدريبي الأول ,6,18,شبكا-111,مبادئ شبكات الحاسب,3,2
كلية الاتصالات والمعلومات,دبلوم,الحاسب وتقنية المعلومات,تقنية إدارة أنظمة الشبكات,برامج مفعله,26,70,الفصل التدريبي الأول ,6,18,شبكا-111,مبادئ شبكات الحاسب,3,2
كلية الاتصالات والمعلومات,دبلوم,الحاسب وتقنية المعلومات,تقنية إدارة أنظمة الشبكات,برامج مفعله,26,70,الفصل التدريبي الأول ,6,18,فيزي-101,الفيزياء,2,2
الكلية التقنية,دبلوم,الحاسب وتقنية المعلومات,تقنية إدارة أنظمة الشبكات,برامج مفعله,26,70,الفصل التدريبي الأول ,6,18,فيزي-101,الفيزياء,2,2
كلية الاتصالات والإلكترونيات,دبلوم,الحاسب وتقنية المعلومات,تقنية إدارة أنظمة الشبكات,برامج مفعله,26,70,الفصل التدريبي الأول ,6,18,فيزي-101,الفيزياء,2,2
الكلية التقنية,دبلوم,الحاسب وتقنية المعلومات,تقنية إدارة أنظمة الشبكات,برامج مفعله,26,70,الفصل التدريبي الثالث ,6,17,اسلم-101,الدراسات الإسلامية,2,0
كلية الاتصالات والإلكترونيات,دبلوم,الحاسب وتقنية المعلومات,تقنية إدارة أنظمة الشبكات,برامج مفعله,26,70,الفصل التدريبي الثالث ,6,17,اسلم-101,الدراسات الإسلامية,2,0
كلية الاتصالات والمعلومات,دبلوم,الحاسب وتقنية المعلومات,تقنية إدارة أنظمة الشبكات,برامج مفعله,26,70,الفصل التدريبي الثالث ,6,17,اسلم-101,الدراسات الإسلامية,2,0
الكلية التقنية,دبلوم,الحاسب وتقنية المعلومات,تقنية إدارة أنظمة الشبكات,برامج مفعله,26,70,الفصل التدريبي الثالث ,6,17,انجل-103,لغة إنجليزية (3),4,0
كلية الاتصالات والإلكترونيات,دبلوم,الحاسب وتقنية المعلومات,تقنية إدارة أنظمة الشبكات,برامج مفعله,26,70,الفصل التدريبي الثالث ,6,17,انجل-103,لغة إنجليزية (3),4,0
كلية الاتصالات والمعلومات,دبلوم,الحاسب وتقنية المعلومات,تقنية إدارة أنظمة الشبكات,برامج مفعله,26,70,الفصل التدريبي الثالث ,6,17,انجل-103,لغة إنجليزية (3),4,0
كلية الاتصالات والمعلومات,دبلوم,الحاسب وتقنية المعلومات,تقنية إدارة أنظمة الشبكات,برامج مفعله,26,70,الفصل التدريبي الثالث ,6,17,داعم-221,مهارات الدعم الفني,0,4
الكلية التقنية,دبلوم,الحاسب وتقنية المعلومات,تقنية إدارة أنظمة الشبكات,برامج مفعله,26,70,الفصل التدريبي الثالث ,6,17,داعم-221,مهارات الدعم الفني,0,4
كلية الاتصالات والإلكترونيات,دبلوم,الحاسب وتقنية المعلومات,تقنية إدارة أنظمة الشبكات,برامج مفعله,26,70,الفصل التدريبي الثالث ,6,17,داعم-221,مهارات الدعم الفني,0,4
كلية الاتصالات والمعلومات,دبلوم,الحاسب وتقنية المعلومات,تقنية إدارة أنظمة الشبكات,برامج مفعله,26,70,الفصل التدريبي الثالث ,6,17,داعم-252,نظم التشغيل (2),2,4
الكلية التقنية,دبلوم,الحاسب وتقنية المعلومات,تقنية إدارة أنظمة الشبكات,برامج مفعله,26,70,الفصل التدريبي الثالث ,6,17,داعم-252,نظم التشغيل (2),2,4
كلية الاتصالات والإلكترونيات,دبلوم,الحاسب وتقنية المعلومات,تقنية إدارة أنظمة الشبكات,برامج مفعله,26,70,الفصل التدريبي الثالث ,6,17,داعم-252,نظم التشغيل (2),2,4
كلية الاتصالات والمعلومات,دبلوم,الحاسب وتقنية المعلومات,تقنية إدارة أنظمة الشبكات,برامج مفعله,26,70,الفصل التدريبي الثالث ,6,17,رياد-212,ريادة اعمال الحاسب وتقنية المعلومات,1,2
الكلية التقنية,دبلوم,الحاسب وتقنية المعلومات,تقنية إدارة أنظمة الشبكات,برامج مفعله,26,70,الفصل التدريبي الثالث ,6,17,رياد-212,ريادة اعمال الحاسب وتقنية المعلومات,1,2
كلية الاتصالات والإلكترونيات,دبلوم,الحاسب وتقنية المعلومات,تقنية إدارة أنظمة الشبكات,برامج مفعله,26,70,الفصل التدريبي الثالث ,6,17,رياد-212,ريادة اعمال الحاسب وتقنية المعلومات,1,2
الكلية التقنية,دبلوم,الحاسب وتقنية المعلومات,تقنية إدارة أنظمة الشبكات,برامج مفعله,26,70,الفصل التدريبي الثالث ,6,17,نشبك-231,بيئة خادم الشبكة,2,4
كلية الاتصالات والمعلومات,دبلوم,الحاسب وتقنية المعلومات,تقنية إدارة أنظمة الشبكات,برامج مفعله,26,70,الفصل التدريبي الثالث ,6,17,نشبك-231,بيئة خادم الشبكة,2,4
كلية الاتصالات والإلكترونيات,دبلوم,الحاسب وتقنية المعلومات,تقنية إدارة أنظمة الشبكات,برامج مفعله,26,70,الفصل التدريبي الثالث ,6,17,نشبك-231,بيئة خادم الشبكة,2,4
كلية الاتصالات والإلكترونيات,دبلوم,الحاسب وتقنية المعلومات,تقنية إدارة أنظمة الشبكات,برامج مفعله,26,70,الفصل التدريبي الثاني ,6,16,انجل-102,لغة إنجليزية (2),4,0
كلية الاتصالات والمعلومات,دبلوم,الحاسب وتقنية المعلومات,تقنية إدارة أنظمة الشبكات,برامج مفعله,26,70,الفصل التدريبي الثاني ,6,16,انجل-102,لغة إنجليزية (2),4,0
الكلية التقنية,دبلوم,الحاسب وتقنية المعلومات,تقنية إدارة أنظمة الشبكات,برامج مفعله,26,70,الفصل التدريبي الثاني ,6,16,انجل-102,لغة إنجليزية (2),4,0
كلية الاتصالات والإلكترونيات,دبلوم,الحاسب وتقنية المعلومات,تقنية إدارة أنظمة الشبكات,برامج مفعله,26,70,الفصل التدريبي الثاني ,6,16,حاسب-102,تطبيقات الحاسب المتقدمة,0,4
كلية الاتصالات والمعلومات,دبلوم,الحاسب وتقنية المعلومات,تقنية إدارة أنظمة الشبكات,برامج مفعله,26,70,الفصل التدريبي الثاني ,6,16,حاسب-102,تطبيقات الحاسب المتقدمة,0,4
الكلية التقنية,دبلوم,الحاسب وتقنية المعلومات,تقنية إدارة أنظمة الشبكات,برامج مفعله,26,70,الفصل التدريبي الثاني ,6,16,حاسب-102,تطبيقات الحاسب المتقدمة,0,4
الكلية التقنية,دبلوم,الحاسب وتقنية المعلومات,تقنية إدارة أنظمة الشبكات,برامج مفعله,26,70,الفصل التدريبي الثاني ,6,16,داعم-151,نظم التشغيل (1),2,4
كلية الاتصالات والمعلومات,دبلوم,الحاسب وتقنية المعلومات,تقنية إدارة أنظمة الشبكات,برامج مفعله,26,70,الفصل التدريبي الثاني ,6,16,داعم-151,نظم التشغيل (1),2,4
كلية الاتصالات والإلكترونيات,دبلوم,الحاسب وتقنية المعلومات,تقنية إدارة أنظمة الشبكات,برامج مفعله,26,70,الفصل التدريبي الثاني ,6,16,داعم-151,نظم التشغيل (1),2,4
كلية الاتصالات والإلكترونيات,دبلوم,الحاسب وتقنية المعلومات,تقنية إدارة أنظمة الشبكات,برامج مفعله,26,70,الفصل التدريبي الثاني ,6,16,رياد-101,أساسيات ريادة الأعمال,2,0
الكلية التقنية,دبلوم,الحاسب وتقنية المعلومات,تقنية إدارة أنظمة الشبكات,برامج مفعله,26,70,الفصل التدريبي الثاني ,6,16,رياد-101,أساسيات ريادة الأعمال,2,0
كلية الاتصالات والمعلومات,دبلوم,الحاسب وتقنية المعلومات,تقنية إدارة أنظمة الشبكات,برامج مفعله,26,70,الفصل التدريبي الثاني ,6,16,رياد-101,أساسيات ريادة الأعمال,2,0
كلية الاتصالات والمعلومات,دبلوم,الحاسب وتقنية المعلومات,تقنية إدارة أنظمة الشبكات,برامج مفعله,26,70,الفصل التدريبي الثاني ,6,16,عربي-101,الكتابة الفنية,2,0
الكلية التقنية,دبلوم,الحاسب وتقنية المعلومات,تقنية إدارة أنظمة الشبكات,برامج مفعله,26,70,الفصل التدريبي الثاني ,6,16,عربي-101,الكتابة الفنية,2,0
كلية الاتصالات والإلكترونيات,دبلوم,الحاسب وتقنية المعلومات,تقنية إدارة أنظمة الشبكات,برامج مفعله,26,70,الفصل التدريبي الثاني ,6,16,عربي-101,الكتابة الفنية,2,0
كلية الاتصالات والإلكترونيات,دبلوم,الحاسب وتقنية المعلومات,تقنية إدارة أنظمة الشبكات,برامج مفعله,26,70,الفصل التدريبي الثاني ,6,16,نشبك-121,إدارة عميل الشبكة,2,2
كلية الاتصالات والمعلومات,دبلوم,الحاسب وتقنية المعلومات,تقنية إدارة أنظمة الشبكات,برامج مفعله,26,70,الفصل التدريبي الثاني ,6,16,نشبك-121,إدارة عميل الشبكة,2,2
الكلية التقنية,دبلوم,الحاسب وتقنية المعلومات,تقنية إدارة أنظمة الشبكات,برامج مفعله,26,70,الفصل التدريبي الثاني ,6,16,نشبك-121,إدارة عميل الشبكة,2,2
كلية الاتصالات والإلكترونيات,دبلوم,الحاسب وتقنية المعلومات,تقنية إدارة أنظمة الشبكات,برامج مفعله,26,70,الفصل التدريبي الخامس ,2,2, نشبك-288,المشروع الإنتاجي,0,0
الكلية التقنية,دبلوم,الحاسب وتقنية المعلومات,تقنية إدارة أنظمة الشبكات,برامج مفعله,26,70,الفصل التدريبي الخامس ,1,2, نشبك-288,المشروع الإنتاجي,0,0
كلية الاتصالات والمعلومات,دبلوم,الحاسب وتقنية المعلومات,تقنية إدارة أنظمة الشبكات,برامج مفعله,26,70,الفصل التدريبي الخامس ,1,2, نشبك-288,المشروع الإنتاجي,0,0
كلية الاتصالات والمعلومات,دبلوم,الحاسب وتقنية المعلومات,تقنية إدارة أنظمة الشبكات,برامج مفعله,26,70,الفصل التدريبي الخامس ,1,2,نشبك-299,التدريب التعاوني,0,0
الكلية التقنية,دبلوم,الحاسب وتقنية المعلومات,تقنية إدارة أنظمة الشبكات,برامج مفعله,26,70,الفصل التدريبي الخامس ,1,2,نشبك-299,التدريب التعاوني,0,0
كلية الاتصالات والإلكترونيات,دبلوم,الحاسب وتقنية المعلومات,تقنية إدارة أنظمة الشبكات,برامج مفعله,26,70,الفصل التدريبي الخامس ,2,2,نشبك-299,التدريب التعاوني,0,0
كلية الاتصالات والإلكترونيات,دبلوم,الحاسب وتقنية المعلومات,تقنية إدارة أنظمة الشبكات,برامج مفعله,26,70,الفصل التدريبي الرابع ,7,17,اسلك-201,السلوك الوظيفي والمستقبل المهني,2,0
كلية الاتصالات والمعلومات,دبلوم,الحاسب وتقنية المعلومات,تقنية إدارة أنظمة الشبكات,برامج مفعله,26,70,الفصل التدريبي الرابع ,7,17,اسلك-201,السلوك الوظيفي والمستقبل المهني,2,0
الكلية التقنية,دبلوم,الحاسب وتقنية المعلومات,تقنية إدارة أنظمة الشبكات,برامج مفعله,26,70,الفصل التدريبي الرابع ,7,17,اسلك-201,السلوك الوظيفي والمستقبل المهني,2,0
الكلية التقنية,دبلوم,الحاسب وتقنية المعلومات,تقنية إدارة أنظمة الشبكات,برامج مفعله,26,70,الفصل التدريبي الرابع ,7,17,انجل-204,لغة إنجليزية (4 ),4,0
كلية الاتصالات والإلكترونيات,دبلوم,الحاسب وتقنية المعلومات,تقنية إدارة أنظمة الشبكات,برامج مفعله,26,70,الفصل التدريبي الرابع ,7,17,انجل-204,لغة إنجليزية (4 ),4,0
كلية الاتصالات والمعلومات,دبلوم,الحاسب وتقنية المعلومات,تقنية إدارة أنظمة الشبكات,برامج مفعله,26,70,الفصل التدريبي الرابع ,7,17,انجل-204,لغة إنجليزية (4 ),4,0
الكلية التقنية,دبلوم,الحاسب وتقنية المعلومات,تقنية إدارة أنظمة الشبكات,برامج مفعله,26,70,الفصل التدريبي الرابع ,7,17,حاسب-280,التأهيل للشهادات الاحترافية,1,0
كلية الاتصالات والمعلومات,دبلوم,الحاسب وتقنية المعلومات,تقنية إدارة أنظمة الشبكات,برامج مفعله,26,70,الفصل التدريبي الرابع ,7,17,حاسب-280,التأهيل للشهادات الاحترافية,1,0
كلية الاتصالات والإلكترونيات,دبلوم,الحاسب وتقنية المعلومات,تقنية إدارة أنظمة الشبكات,برامج مفعله,26,70,الفصل التدريبي الرابع ,7,17,حاسب-280,التأهيل للشهادات الاحترافية,1,0
كلية الاتصالات والإلكترونيات,دبلوم,الحاسب وتقنية المعلومات,تقنية إدارة أنظمة الشبكات,برامج مفعله,26,70,الفصل التدريبي الرابع ,7,17,نشبك-241,تطبيقات أنظمة الشبكة,2,4
كلية الاتصالات والمعلومات,دبلوم,الحاسب وتقنية المعلومات,تقنية إدارة أنظمة الشبكات,برامج مفعله,26,70,الفصل التدريبي الرابع ,7,17,نشبك-241,تطبيقات أنظمة الشبكة,2,4
الكلية التقنية,دبلوم,الحاسب وتقنية المعلومات,تقنية إدارة أنظمة الشبكات,برامج مفعله,26,70,الفصل التدريبي الرابع ,7,17,نشبك-241,تطبيقات أنظمة الشبكة,2,4
كلية الاتصالات والإلكترونيات,دبلوم,الحاسب وتقنية المعلومات,تقنية إدارة أنظمة الشبكات,برامج مفعله,26,70,الفصل التدريبي الرابع ,7,17,نشبك-261,إدارة خدمات الشبكة,1,4
كلية الاتصالات والمعلومات,دبلوم,الحاسب وتقنية المعلومات,تقنية إدارة أنظمة الشبكات,برامج مفعله,26,70,الفصل التدريبي الرابع ,7,17,نشبك-261,إدارة خدمات الشبكة,1,4
الكلية التقنية,دبلوم,الحاسب وتقنية المعلومات,تقنية إدارة أنظمة الشبكات,برامج مفعله,26,70,الفصل التدريبي الرابع ,7,17,نشبك-261,إدارة خدمات الشبكة,1,4
الكلية التقنية,دبلوم,الحاسب وتقنية المعلومات,تقنية إدارة أنظمة الشبكات,برامج مفعله,26,70,الفصل التدريبي الرابع ,7,17,نشبك-285,موضوعات مختارة,1,2
كلية الاتصالات والإلكترونيات,دبلوم,الحاسب وتقنية المعلومات,تقنية إدارة أنظمة الشبكات,برامج مفعله,26,70,الفصل التدريبي الرابع ,7,17,نشبك-285,موضوعات مختارة,1,2
كلية الاتصالات والمعلومات,دبلوم,الحاسب وتقنية المعلومات,تقنية إدارة أنظمة الشبكات,برامج مفعله,26,70,الفصل التدريبي الرابع ,7,17,نشبك-285,موضوعات مختارة,1,2
كلية الاتصالات والمعلومات,دبلوم,الحاسب وتقنية المعلومات,تقنية إدارة أنظمة الشبكات,برامج مفعله,26,70,الفصل التدريبي الرابع ,7,17,نشبك-295,مشروع,1,2
الكلية التقنية,دبلوم,الحاسب وتقنية المعلومات,تقنية إدارة أنظمة الشبكات,برامج مفعله,26,70,الفصل التدريبي الرابع ,7,17,نشبك-295,مشروع,1,2
كلية الاتصالات والإلكترونيات,دبلوم,الحاسب وتقنية المعلومات,تقنية إدارة أنظمة الشبكات,برامج مفعله,26,70,الفصل التدريبي الرابع ,7,17,نشبك-295,مشروع,1,2
الكلية التقنية,دبلوم,تقنية تصميم وتصنيع الأزياء,تقنية إنتاج وتصنيع الأزياء,برامج مفعله,27,69,الفصل التدريبي الأول ,7,18,انجل-111,لغة إنجليزية (1),4,0
الكلية التقنية,دبلوم,تقنية تصميم وتصنيع الأزياء,تقنية إنتاج وتصنيع الأزياء,برامج مفعله,27,69,الفصل التدريبي الأول ,7,18,حاسب-101,مقدمة تطبيقات الحاسب,0,4
الكلية التقنية,دبلوم,تقنية تصميم وتصنيع الأزياء,تقنية إنتاج وتصنيع الأزياء,برامج مفعله,27,69,الفصل التدريبي الأول ,7,18,رياض-101,الرياضيات,4,0
الكلية التقنية,دبلوم,تقنية تصميم وتصنيع الأزياء,تقنية إنتاج وتصنيع الأزياء,برامج مفعله,27,69,الفصل التدريبي الأول ,7,18,عربي-101,الكتابة الفنية,2,0
الكلية التقنية,دبلوم,تقنية تصميم وتصنيع الأزياء,تقنية إنتاج وتصنيع الأزياء,برامج مفعله,27,69,الفصل التدريبي الأول ,7,18,كساء-101,السلامة المهنية,2,0
الكلية التقنية,دبلوم,تقنية تصميم وتصنيع الأزياء,تقنية إنتاج وتصنيع الأزياء,برامج مفعله,27,69,الفصل التدريبي الأول ,7,18,كساء-104,أسس تصميم الأزياء,1,4
الكلية التقنية,دبلوم,تقنية تصميم وتصنيع الأزياء,تقنية إنتاج وتصنيع الأزياء,برامج مفعله,27,69,الفصل التدريبي الأول ,7,18,كساء-113,تقنيات الخياطة,0,8
الكلية التقنية,دبلوم,تقنية تصميم وتصنيع الأزياء,تقنية إنتاج وتصنيع الأزياء,برامج مفعله,27,69,الفصل التدريبي الثالث ,6,17,انجل-113,لغة إنجليزية (3),4,0
الكلية التقنية,دبلوم,تقنية تصميم وتصنيع الأزياء,تقنية إنتاج وتصنيع الأزياء,برامج مفعله,27,69,الفصل التدريبي الثالث ,6,17,رياد-254,ريادة اعمال انتاج وتصميم الأزياء,1,2
الكلية التقنية,دبلوم,تقنية تصميم وتصنيع الأزياء,تقنية إنتاج وتصنيع الأزياء,برامج مفعله,27,69,الفصل التدريبي الثالث ,6,17,كساء-222,مهارات التطريز,1,4
الكلية التقنية,دبلوم,تقنية تصميم وتصنيع الأزياء,تقنية إنتاج وتصنيع الأزياء,برامج مفعله,27,69,الفصل التدريبي الثالث ,6,17,كساء-241,ملابس الأطفال,1,4
الكلية التقنية,دبلوم,تقنية تصميم وتصنيع الأزياء,تقنية إنتاج وتصنيع الأزياء,برامج مفعله,27,69,الفصل التدريبي الثالث ,6,17,كساء-243,الملابس التقليدية,1,4
الكلية التقنية,دبلوم,تقنية تصميم وتصنيع الأزياء,تقنية إنتاج وتصنيع الأزياء,برامج مفعله,27,69,الفصل التدريبي الثالث ,6,17,كساء-271,الإنتاج الصناعي للملابس,1,4
الكلية التقنية,دبلوم,تقنية تصميم وتصنيع الأزياء,تقنية إنتاج وتصنيع الأزياء,برامج مفعله,27,69,الفصل التدريبي الثاني ,6,14,انجل-112,لغة إنجليزية (2),4,0
الكلية التقنية,دبلوم,تقنية تصميم وتصنيع الأزياء,تقنية إنتاج وتصنيع الأزياء,برامج مفعله,27,69,الفصل التدريبي الثاني ,6,14,حاسب-102,تطبيقات الحاسب المتقدمة,0,4
الكلية التقنية,دبلوم,تقنية تصميم وتصنيع الأزياء,تقنية إنتاج وتصنيع الأزياء,برامج مفعله,27,69,الفصل التدريبي الثاني ,6,14,رياد-101,أساسيات ريادة الأعمال,2,0
الكلية التقنية,دبلوم,تقنية تصميم وتصنيع الأزياء,تقنية إنتاج وتصنيع الأزياء,برامج مفعله,27,69,الفصل التدريبي الثاني ,6,14,كساء-105,تقنيات الخياطة المتقدمة,1,4
الكلية التقنية,دبلوم,تقنية تصميم وتصنيع الأزياء,تقنية إنتاج وتصنيع الأزياء,برامج مفعله,27,69,الفصل التدريبي الثاني ,6,14,كساء-111,رسم الباترونات,0,5
الكلية التقنية,دبلوم,تقنية تصميم وتصنيع الأزياء,تقنية إنتاج وتصنيع الأزياء,برامج مفعله,27,69,الفصل التدريبي الثاني ,6,14,كساء-131,المنسوجات,0,2
الكلية التقنية,دبلوم,تقنية تصميم وتصنيع الأزياء,تقنية إنتاج وتصنيع الأزياء,برامج مفعله,27,69,الفصل التدريبي الخامس ,1,2, كساء-288,المشروع الإنتاجي,0,0
الكلية التقنية,دبلوم,تقنية تصميم وتصنيع الأزياء,تقنية إنتاج وتصنيع الأزياء,برامج مفعله,27,69,الفصل التدريبي الخامس ,1,2,كساء-299,التدريب التعاوني,0,0
الكلية التقنية,دبلوم,تقنية تصميم وتصنيع الأزياء,تقنية إنتاج وتصنيع الأزياء,برامج مفعله,27,69,الفصل التدريبي الرابع ,7,18,اسلك-201,السلوك الوظيفي والمستقبل المهني,2,0
الكلية التقنية,دبلوم,تقنية تصميم وتصنيع الأزياء,تقنية إنتاج وتصنيع الأزياء,برامج مفعله,27,69,الفصل التدريبي الرابع ,7,18,اسلم-101,الدراسات الإسلامية,2,0
الكلية التقنية,دبلوم,تقنية تصميم وتصنيع الأزياء,تقنية إنتاج وتصنيع الأزياء,برامج مفعله,27,69,الفصل التدريبي الرابع ,7,18,كساء-151,التشكيل علي المانيكان,1,4
الكلية التقنية,دبلوم,تقنية تصميم وتصنيع الأزياء,تقنية إنتاج وتصنيع الأزياء,برامج مفعله,27,69,الفصل التدريبي الرابع ,7,18,كساء-245,الملابس المنزلية,1,4
الكلية التقنية,دبلوم,تقنية تصميم وتصنيع الأزياء,تقنية إنتاج وتصنيع الأزياء,برامج مفعله,27,69,الفصل التدريبي الرابع ,7,18,كساء-247,الملابس الخارجية,1,6
الكلية التقنية,دبلوم,تقنية تصميم وتصنيع الأزياء,تقنية إنتاج وتصنيع الأزياء,برامج مفعله,27,69,الفصل التدريبي الرابع ,7,18,كساء-274,تسويق الأزياء والمنتجات,2,0
الكلية التقنية,دبلوم,تقنية تصميم وتصنيع الأزياء,تقنية إنتاج وتصنيع الأزياء,برامج مفعله,27,69,الفصل التدريبي الرابع ,7,18,كساء-281,جودة إنتاج الملابس,2,0
الكلية التقنية,دبلوم,التقنية الالكترونية,تقنية أجهزة وآلات دقيقة,برامج مفعله,33,71,الفصل التدريبي الأول ,8,19,اجدق-111,هندسة كهربائية-1,2,2
الكلية التقنية,دبلوم,التقنية الالكترونية,تقنية أجهزة وآلات دقيقة,برامج مفعله,33,71,الفصل التدريبي الأول ,8,19,الكت-101,سلامة صناعية,1,0
الكلية التقنية,دبلوم,التقنية الالكترونية,تقنية أجهزة وآلات دقيقة,برامج مفعله,33,71,الفصل التدريبي الأول ,8,19,الكت-102,ورشة تأهيلية,0,4
الكلية التقنية,دبلوم,التقنية الالكترونية,تقنية أجهزة وآلات دقيقة,برامج مفعله,33,71,الفصل التدريبي الأول ,8,19,انجل-101,لغة إنجليزية (1),4,0
الكلية التقنية,دبلوم,التقنية الالكترونية,تقنية أجهزة وآلات دقيقة,برامج مفعله,33,71,الفصل التدريبي الأول ,8,19,حاسب-101,مقدمة تطبيقات الحاسب,0,4
الكلية التقنية,دبلوم,التقنية الالكترونية,تقنية أجهزة وآلات دقيقة,برامج مفعله,33,71,الفصل التدريبي الأول ,8,19,رياض-121,الرياضيات,4,0
الكلية التقنية,دبلوم,التقنية الالكترونية,تقنية أجهزة وآلات دقيقة,برامج مفعله,33,71,الفصل التدريبي الأول ,8,19,عربي-101,الكتابة الفنية,2,0
الكلية التقنية,دبلوم,التقنية الالكترونية,تقنية أجهزة وآلات دقيقة,برامج مفعله,33,71,الفصل التدريبي الأول ,8,19,فيزي-101,الفيزياء,2,2
الكلية التقنية,دبلوم,التقنية الالكترونية,تقنية أجهزة وآلات دقيقة,برامج مفعله,33,71,الفصل التدريبي الثالث ,8,17,اجدق-203,ورشة الكترونيات دقيقة,0,4
الكلية التقنية,دبلوم,التقنية الالكترونية,تقنية أجهزة وآلات دقيقة,برامج مفعله,33,71,الفصل التدريبي الثالث ,8,17,اجدق-223,حاكمات دقيقة,0,4
الكلية التقنية,دبلوم,التقنية الالكترونية,تقنية أجهزة وآلات دقيقة,برامج مفعله,33,71,الفصل التدريبي الثالث ,8,17,اجدق-241,قياسات وأجهزة,1,2
الكلية التقنية,دبلوم,التقنية الالكترونية,تقنية أجهزة وآلات دقيقة,برامج مفعله,33,71,الفصل التدريبي الثالث ,8,17,اجطب-255,آلات كهربائية,1,2
الكلية التقنية,دبلوم,التقنية الالكترونية,تقنية أجهزة وآلات دقيقة,برامج مفعله,33,71,الفصل التدريبي الثالث ,8,17,الكت-223,حساسات ومبدلات,1,2
الكلية التقنية,دبلوم,التقنية الالكترونية,تقنية أجهزة وآلات دقيقة,برامج مفعله,33,71,الفصل التدريبي الثالث ,8,17,الكت-242,دوائرالكترونية,1,2
الكلية التقنية,دبلوم,التقنية الالكترونية,تقنية أجهزة وآلات دقيقة,برامج مفعله,33,71,الفصل التدريبي الثالث ,8,17,انجل-103,لغة إنجليزية (3),4,0
الكلية التقنية,دبلوم,التقنية الالكترونية,تقنية أجهزة وآلات دقيقة,برامج مفعله,33,71,الفصل التدريبي الثالث ,8,17,رياد-222,ريادة اعمال الالكترونيات,1,2
الكلية التقنية,دبلوم,التقنية الالكترونية,تقنية أجهزة وآلات دقيقة,برامج مفعله,33,71,الفصل التدريبي الثاني ,8,17,اجدق-112,هندسة كهربائية -2,2,2
الكلية التقنية,دبلوم,التقنية الالكترونية,تقنية أجهزة وآلات دقيقة,برامج مفعله,33,71,الفصل التدريبي الثاني ,8,17,اجدق-113,عناصر الكترونية وضوئية,1,2
الكلية التقنية,دبلوم,التقنية الالكترونية,تقنية أجهزة وآلات دقيقة,برامج مفعله,33,71,الفصل التدريبي الثاني ,8,17,اجدق-121,دوائر رقمية,1,2
الكلية التقنية,دبلوم,التقنية الالكترونية,تقنية أجهزة وآلات دقيقة,برامج مفعله,33,71,الفصل التدريبي الثاني ,8,17,اجدق-122,اساسيات البرمجة,0,2
الكلية التقنية,دبلوم,التقنية الالكترونية,تقنية أجهزة وآلات دقيقة,برامج مفعله,33,71,الفصل التدريبي الثاني ,8,17,اجدق-131,مقدمة اشارات ونظم,2,0
الكلية التقنية,دبلوم,التقنية الالكترونية,تقنية أجهزة وآلات دقيقة,برامج مفعله,33,71,الفصل التدريبي الثاني ,8,17,الكت-103,ورشة الكترونيات أساسية,0,4
الكلية التقنية,دبلوم,التقنية الالكترونية,تقنية أجهزة وآلات دقيقة,برامج مفعله,33,71,الفصل التدريبي الثاني ,8,17,انجل-102,لغة إنجليزية (2),4,0
الكلية التقنية,دبلوم,التقنية الالكترونية,تقنية أجهزة وآلات دقيقة,برامج مفعله,33,71,الفصل التدريبي الثاني ,8,17,رياد-101,أساسيات ريادة الأعمال,2,0
الكلية التقنية,دبلوم,التقنية الالكترونية,تقنية أجهزة وآلات دقيقة,برامج مفعله,33,71,الفصل التدريبي الخامس ,1,2, اجدق-288,المشروع الإنتاجي,0,0
الكلية التقنية,دبلوم,التقنية الالكترونية,تقنية أجهزة وآلات دقيقة,برامج مفعله,33,71,الفصل التدريبي الخامس ,1,2,اجدق-299,التدريب التعاوني,0,0
الكلية التقنية,دبلوم,التقنية الالكترونية,تقنية أجهزة وآلات دقيقة,برامج مفعله,33,71,الفصل التدريبي الرابع ,8,16,اجدق-204,ورشة صيانة اجهزة والات دقيقة,0,4
الكلية التقنية,دبلوم,التقنية الالكترونية,تقنية أجهزة وآلات دقيقة,برامج مفعله,33,71,الفصل التدريبي الرابع ,8,16,اجدق-224,تصميم بواسطة الحاسب,0,4
الكلية التقنية,دبلوم,التقنية الالكترونية,تقنية أجهزة وآلات دقيقة,برامج مفعله,33,71,الفصل التدريبي الرابع ,8,16,اجدق-232,أنظمة تحكم,1,2
الكلية التقنية,دبلوم,التقنية الالكترونية,تقنية أجهزة وآلات دقيقة,برامج مفعله,33,71,الفصل التدريبي الرابع ,8,16,اجدق-233,ميكاترونيكس,2,0
الكلية التقنية,دبلوم,التقنية الالكترونية,تقنية أجهزة وآلات دقيقة,برامج مفعله,33,71,الفصل التدريبي الرابع ,8,16,اجدق-242,الكترونيات القياس,1,2
الكلية التقنية,دبلوم,التقنية الالكترونية,تقنية أجهزة وآلات دقيقة,برامج مفعله,33,71,الفصل التدريبي الرابع ,8,16,اجدق-291,مشروع,1,2
الكلية التقنية,دبلوم,التقنية الالكترونية,تقنية أجهزة وآلات دقيقة,برامج مفعله,33,71,الفصل التدريبي الرابع ,8,16,اسلك-201,السلوك الوظيفي والمستقبل المهني,2,0
الكلية التقنية,دبلوم,التقنية الالكترونية,تقنية أجهزة وآلات دقيقة,برامج مفعله,33,71,الفصل التدريبي الرابع ,8,16,اسلم-101,الدراسات الإسلامية,2,0
الكلية التقنية,دبلوم,تقنية البيئة,تقنية حماية البيئة,برامج مفعله,31,71,الفصل التدريبي الأول ,7,17,احيا-101,مقدمة في علم الأحياء,2,2
الكلية التقنية,دبلوم,تقنية البيئة,تقنية حماية البيئة,برامج مفعله,31,71,الفصل التدريبي الأول ,7,17,انجل-101,لغة إنجليزية (1),4,0
الكلية التقنية,دبلوم,تقنية البيئة,تقنية حماية البيئة,برامج مفعله,31,71,الفصل التدريبي الأول ,7,17,حاسب-101,مقدمة تطبيقات الحاسب,0,4
الكلية التقنية,دبلوم,تقنية البيئة,تقنية حماية البيئة,برامج مفعله,31,71,الفصل التدريبي الأول ,7,17,حامي-101,السلامة والصحة المهنية,1,0
الكلية التقنية,دبلوم,تقنية البيئة,تقنية حماية البيئة,برامج مفعله,31,71,الفصل التدريبي الأول ,7,17,رياض-101,الرياضيات,4,0
الكلية التقنية,دبلوم,تقنية البيئة,تقنية حماية البيئة,برامج مفعله,31,71,الفصل التدريبي الأول ,7,17,عربي-101,الكتابة الفنية,2,0
الكلية التقنية,دبلوم,تقنية البيئة,تقنية حماية البيئة,برامج مفعله,31,71,الفصل التدريبي الأول ,7,17,كيمي-111,كيمياء,2,2
الكلية التقنية,دبلوم,تقنية البيئة,تقنية حماية البيئة,برامج مفعله,31,71,الفصل التدريبي الثالث ,7,16,انجل-103,لغة إنجليزية (3),4,0
الكلية التقنية,دبلوم,تقنية البيئة,تقنية حماية البيئة,برامج مفعله,31,71,الفصل التدريبي الثالث ,7,16,حامي-221,الحشرات الطبية والبيطرية,2,2
الكلية التقنية,دبلوم,تقنية البيئة,تقنية حماية البيئة,برامج مفعله,31,71,الفصل التدريبي الثالث ,7,16,حامي-232,تلوث المياه,1,2
الكلية التقنية,دبلوم,تقنية البيئة,تقنية حماية البيئة,برامج مفعله,31,71,الفصل التدريبي الثالث ,7,16,حامي-251,الأمراض المعدية والمستوطنة,2,2
الكلية التقنية,دبلوم,تقنية البيئة,تقنية حماية البيئة,برامج مفعله,31,71,الفصل التدريبي الثالث ,7,16,حامي-252,علم الوبائيات,1,2
الكلية التقنية,دبلوم,تقنية البيئة,تقنية حماية البيئة,برامج مفعله,31,71,الفصل التدريبي الثالث ,7,16,حامي-281,تحليل البيانات باستخدام تطبيقات الحاسب الالي,0,2
الكلية التقنية,دبلوم,تقنية البيئة,تقنية حماية البيئة,برامج مفعله,31,71,الفصل التدريبي الثالث ,7,16,رياد-244,ريادة الاعمال في مجال البيئة,1,2
الكلية التقنية,دبلوم,تقنية البيئة,تقنية حماية البيئة,برامج مفعله,31,71,الفصل التدريبي الثاني ,8,19,احصا-111,مقدمة في علم الاحصاء,3,0
الكلية التقنية,دبلوم,تقنية البيئة,تقنية حماية البيئة,برامج مفعله,31,71,الفصل التدريبي الثاني ,8,19,احيا-111,الأحياء الدقيقة والطفيليات,2,2
الكلية التقنية,دبلوم,تقنية البيئة,تقنية حماية البيئة,برامج مفعله,31,71,الفصل التدريبي الثاني ,8,19,انجل-102,لغة إنجليزية (2),4,0
الكلية التقنية,دبلوم,تقنية البيئة,تقنية حماية البيئة,برامج مفعله,31,71,الفصل التدريبي الثاني ,8,19,حامي-102,مبادئ الصحة العامة,2,0
الكلية التقنية,دبلوم,تقنية البيئة,تقنية حماية البيئة,برامج مفعله,31,71,الفصل التدريبي الثاني ,8,19,حامي-111,مدخل إلي علم البيئة,2,0
الكلية التقنية,دبلوم,تقنية البيئة,تقنية حماية البيئة,برامج مفعله,31,71,الفصل التدريبي الثاني ,8,19,حامي-131,تلوث الهواء,1,2
الكلية التقنية,دبلوم,تقنية البيئة,تقنية حماية البيئة,برامج مفعله,31,71,الفصل التدريبي الثاني ,8,19,حامي-171,إدارة وجودة مياه الشرب,1,2
الكلية التقنية,دبلوم,تقنية البيئة,تقنية حماية البيئة,برامج مفعله,31,71,الفصل التدريبي الثاني ,8,19,رياد-101,أساسيات ريادة الأعمال,2,0
الكلية التقنية,دبلوم,تقنية البيئة,تقنية حماية البيئة,برامج مفعله,31,71,الفصل التدريبي الخامس ,1,2, حامي-288,المشروع الإنتاجي,0,0
الكلية التقنية,دبلوم,تقنية البيئة,تقنية حماية البيئة,برامج مفعله,31,71,الفصل التدريبي الخامس ,1,2,حامي-299,التدريب التعاوني,0,0
الكلية التقنية,دبلوم,تقنية البيئة,تقنية حماية البيئة,برامج مفعله,31,71,الفصل التدريبي الرابع ,8,17,اسلك-201,السلوك الوظيفي والمستقبل المهني,2,0
الكلية التقنية,دبلوم,تقنية البيئة,تقنية حماية البيئة,برامج مفعله,31,71,الفصل التدريبي الرابع ,8,17,اسلم-101,الدراسات الإسلامية,2,0
الكلية التقنية,دبلوم,تقنية البيئة,تقنية حماية البيئة,برامج مفعله,31,71,الفصل التدريبي الرابع ,8,17,حامي-203,التثقيف الصحي,1,2
الكلية التقنية,دبلوم,تقنية البيئة,تقنية حماية البيئة,برامج مفعله,31,71,الفصل التدريبي الرابع ,8,17,حامي-204,السلامة الغذائية,2,2
الكلية التقنية,دبلوم,تقنية البيئة,تقنية حماية البيئة,برامج مفعله,31,71,الفصل التدريبي الرابع ,8,17,حامي-233,التحكم في التلوث البيئي,2,0
الكلية التقنية,دبلوم,تقنية البيئة,تقنية حماية البيئة,برامج مفعله,31,71,الفصل التدريبي الرابع ,8,17,حامي-253,مكافحة الآفات الصحية,1,2
الكلية التقنية,دبلوم,تقنية البيئة,تقنية حماية البيئة,برامج مفعله,31,71,الفصل التدريبي الرابع ,8,17,حامي-254,الحجر الصحي,0,2
الكلية التقنية,دبلوم,تقنية البيئة,تقنية حماية البيئة,برامج مفعله,31,71,الفصل التدريبي الرابع ,8,17,حامي-261,إدارة المخلفات الصلبة,2,0
الكلية التقنية,دبلوم,تقنية البيئة,تقنية حماية البيئة,برامج مفعله,31,71,الفصل التدريبي الرابع ,8,17,حامي-291,تدريب ميداني,0,2
كلية  التقنية التطبيقية,دبلوم,الحاسب وتقنية المعلومات,تقنية شبكات الحاسب,برامج مفعله,26,71,الفصل التدريبي الأول ,6,18,انجل-101,لغة إنجليزية (1),4,0
كلية الاتصالات والمعلومات,دبلوم,الحاسب وتقنية المعلومات,تقنية شبكات الحاسب,برامج مفعله,26,71,الفصل التدريبي الأول ,6,18,انجل-101,لغة إنجليزية (1),4,0
كلية الاتصالات والإلكترونيات,دبلوم,الحاسب وتقنية المعلومات,تقنية شبكات الحاسب,برامج مفعله,26,71,الفصل التدريبي الأول ,6,18,انجل-101,لغة إنجليزية (1),4,0
الكلية التقنية,دبلوم,الحاسب وتقنية المعلومات,تقنية شبكات الحاسب,برامج مفعله,26,71,الفصل التدريبي الأول ,6,18,انجل-101,لغة إنجليزية (1),4,0
كلية  التقنية التطبيقية,دبلوم,الحاسب وتقنية المعلومات,تقنية شبكات الحاسب,برامج مفعله,26,71,الفصل التدريبي الأول ,6,18,حاسب-101,مقدمة تطبيقات الحاسب,0,4
كلية الاتصالات والإلكترونيات,دبلوم,الحاسب وتقنية المعلومات,تقنية شبكات الحاسب,برامج مفعله,26,71,الفصل التدريبي الأول ,6,18,حاسب-101,مقدمة تطبيقات الحاسب,0,4
كلية الاتصالات والمعلومات,دبلوم,الحاسب وتقنية المعلومات,تقنية شبكات الحاسب,برامج مفعله,26,71,الفصل التدريبي الأول ,6,18,حاسب-101,مقدمة تطبيقات الحاسب,0,4
الكلية التقنية,دبلوم,الحاسب وتقنية المعلومات,تقنية شبكات الحاسب,برامج مفعله,26,71,الفصل التدريبي الأول ,6,18,حاسب-101,مقدمة تطبيقات الحاسب,0,4
كلية الاتصالات والمعلومات,دبلوم,الحاسب وتقنية المعلومات,تقنية شبكات الحاسب,برامج مفعله,26,71,الفصل التدريبي الأول ,6,18,حاسب-121,تجميع الحاسب وتشغيله,1,4
كلية الاتصالات والإلكترونيات,دبلوم,الحاسب وتقنية المعلومات,تقنية شبكات الحاسب,برامج مفعله,26,71,الفصل التدريبي الأول ,6,18,حاسب-121,تجميع الحاسب وتشغيله,1,4
كلية  التقنية التطبيقية,دبلوم,الحاسب وتقنية المعلومات,تقنية شبكات الحاسب,برامج مفعله,26,71,الفصل التدريبي الأول ,6,18,حاسب-121,تجميع الحاسب وتشغيله,1,4
الكلية التقنية,دبلوم,الحاسب وتقنية المعلومات,تقنية شبكات الحاسب,برامج مفعله,26,71,الفصل التدريبي الأول ,6,18,حاسب-121,تجميع الحاسب وتشغيله,1,4
كلية  التقنية التطبيقية,دبلوم,الحاسب وتقنية المعلومات,تقنية شبكات الحاسب,برامج مفعله,26,71,الفصل التدريبي الأول ,6,18,رياض-101,الرياضيات,4,0
كلية الاتصالات والمعلومات,دبلوم,الحاسب وتقنية المعلومات,تقنية شبكات الحاسب,برامج مفعله,26,71,الفصل التدريبي الأول ,6,18,رياض-101,الرياضيات,4,0
كلية الاتصالات والإلكترونيات,دبلوم,الحاسب وتقنية المعلومات,تقنية شبكات الحاسب,برامج مفعله,26,71,الفصل التدريبي الأول ,6,18,رياض-101,الرياضيات,4,0
الكلية التقنية,دبلوم,الحاسب وتقنية المعلومات,تقنية شبكات الحاسب,برامج مفعله,26,71,الفصل التدريبي الأول ,6,18,رياض-101,الرياضيات,4,0
كلية  التقنية التطبيقية,دبلوم,الحاسب وتقنية المعلومات,تقنية شبكات الحاسب,برامج مفعله,26,71,الفصل التدريبي الأول ,6,18,شبكا-111,مبادئ شبكات الحاسب,3,2
الكلية التقنية,دبلوم,الحاسب وتقنية المعلومات,تقنية شبكات الحاسب,برامج مفعله,26,71,الفصل التدريبي الأول ,6,18,شبكا-111,مبادئ شبكات الحاسب,3,2
كلية الاتصالات والمعلومات,دبلوم,الحاسب وتقنية المعلومات,تقنية شبكات الحاسب,برامج مفعله,26,71,الفصل التدريبي الأول ,6,18,شبكا-111,مبادئ شبكات الحاسب,3,2
كلية الاتصالات والإلكترونيات,دبلوم,الحاسب وتقنية المعلومات,تقنية شبكات الحاسب,برامج مفعله,26,71,الفصل التدريبي الأول ,6,18,شبكا-111,مبادئ شبكات الحاسب,3,2
كلية  التقنية التطبيقية,دبلوم,الحاسب وتقنية المعلومات,تقنية شبكات الحاسب,برامج مفعله,26,71,الفصل التدريبي الأول ,6,18,فيزي-101,الفيزياء,2,2
كلية الاتصالات والمعلومات,دبلوم,الحاسب وتقنية المعلومات,تقنية شبكات الحاسب,برامج مفعله,26,71,الفصل التدريبي الأول ,6,18,فيزي-101,الفيزياء,2,2
كلية الاتصالات والإلكترونيات,دبلوم,الحاسب وتقنية المعلومات,تقنية شبكات الحاسب,برامج مفعله,26,71,الفصل التدريبي الأول ,6,18,فيزي-101,الفيزياء,2,2
الكلية التقنية,دبلوم,الحاسب وتقنية المعلومات,تقنية شبكات الحاسب,برامج مفعله,26,71,الفصل التدريبي الأول ,6,18,فيزي-101,الفيزياء,2,2
كلية الاتصالات والمعلومات,دبلوم,الحاسب وتقنية المعلومات,تقنية شبكات الحاسب,برامج مفعله,26,71,الفصل التدريبي الثالث ,6,18,انجل-103,لغة إنجليزية (3),4,0
كلية  التقنية التطبيقية,دبلوم,الحاسب وتقنية المعلومات,تقنية شبكات الحاسب,برامج مفعله,26,71,الفصل التدريبي الثالث ,6,18,انجل-103,لغة إنجليزية (3),4,0
الكلية التقنية,دبلوم,الحاسب وتقنية المعلومات,تقنية شبكات الحاسب,برامج مفعله,26,71,الفصل التدريبي الثالث ,6,18,انجل-103,لغة إنجليزية (3),4,0
كلية الاتصالات والإلكترونيات,دبلوم,الحاسب وتقنية المعلومات,تقنية شبكات الحاسب,برامج مفعله,26,71,الفصل التدريبي الثالث ,6,18,انجل-103,لغة إنجليزية (3),4,0
كلية الاتصالات والمعلومات,دبلوم,الحاسب وتقنية المعلومات,تقنية شبكات الحاسب,برامج مفعله,26,71,الفصل التدريبي الثالث ,6,18,داعم-252,نظم التشغيل (2),2,4
كلية  التقنية التطبيقية,دبلوم,الحاسب وتقنية المعلومات,تقنية شبكات الحاسب,برامج مفعله,26,71,الفصل التدريبي الثالث ,6,18,داعم-252,نظم التشغيل (2),2,4
الكلية التقنية,دبلوم,الحاسب وتقنية المعلومات,تقنية شبكات الحاسب,برامج مفعله,26,71,الفصل التدريبي الثالث ,6,18,داعم-252,نظم التشغيل (2),2,4
كلية الاتصالات والإلكترونيات,دبلوم,الحاسب وتقنية المعلومات,تقنية شبكات الحاسب,برامج مفعله,26,71,الفصل التدريبي الثالث ,6,18,داعم-252,نظم التشغيل (2),2,4
الكلية التقنية,دبلوم,الحاسب وتقنية المعلومات,تقنية شبكات الحاسب,برامج مفعله,26,71,الفصل التدريبي الثالث ,6,18,رياد-212,ريادة اعمال الحاسب وتقنية المعلومات,1,2
كلية الاتصالات والمعلومات,دبلوم,الحاسب وتقنية المعلومات,تقنية شبكات الحاسب,برامج مفعله,26,71,الفصل التدريبي الثالث ,6,18,رياد-212,ريادة اعمال الحاسب وتقنية المعلومات,1,2
كلية الاتصالات والإلكترونيات,دبلوم,الحاسب وتقنية المعلومات,تقنية شبكات الحاسب,برامج مفعله,26,71,الفصل التدريبي الثالث ,6,18,رياد-212,ريادة اعمال الحاسب وتقنية المعلومات,1,2
كلية  التقنية التطبيقية,دبلوم,الحاسب وتقنية المعلومات,تقنية شبكات الحاسب,برامج مفعله,26,71,الفصل التدريبي الثالث ,6,18,رياد-212,ريادة اعمال الحاسب وتقنية المعلومات,1,2
كلية الاتصالات والإلكترونيات,دبلوم,الحاسب وتقنية المعلومات,تقنية شبكات الحاسب,برامج مفعله,26,71,الفصل التدريبي الثالث ,6,18,شبكا-222,التوجية والتحويل (2),2,4
الكلية التقنية,دبلوم,الحاسب وتقنية المعلومات,تقنية شبكات الحاسب,برامج مفعله,26,71,الفصل التدريبي الثالث ,6,18,شبكا-222,التوجية والتحويل (2),2,4
كلية الاتصالات والمعلومات,دبلوم,الحاسب وتقنية المعلومات,تقنية شبكات الحاسب,برامج مفعله,26,71,الفصل التدريبي الثالث ,6,18,شبكا-222,التوجية والتحويل (2),2,4
كلية  التقنية التطبيقية,دبلوم,الحاسب وتقنية المعلومات,تقنية شبكات الحاسب,برامج مفعله,26,71,الفصل التدريبي الثالث ,6,18,شبكا-222,التوجية والتحويل (2),2,4
كلية الاتصالات والمعلومات,دبلوم,الحاسب وتقنية المعلومات,تقنية شبكات الحاسب,برامج مفعله,26,71,الفصل التدريبي الثالث ,6,18,شبكا-231,مقدمة في أمن الشبكات,2,2
كلية  التقنية التطبيقية,دبلوم,الحاسب وتقنية المعلومات,تقنية شبكات الحاسب,برامج مفعله,26,71,الفصل التدريبي الثالث ,6,18,شبكا-231,مقدمة في أمن الشبكات,2,2
الكلية التقنية,دبلوم,الحاسب وتقنية المعلومات,تقنية شبكات الحاسب,برامج مفعله,26,71,الفصل التدريبي الثالث ,6,18,شبكا-231,مقدمة في أمن الشبكات,2,2
كلية الاتصالات والإلكترونيات,دبلوم,الحاسب وتقنية المعلومات,تقنية شبكات الحاسب,برامج مفعله,26,71,الفصل التدريبي الثالث ,6,18,شبكا-231,مقدمة في أمن الشبكات,2,2
كلية  التقنية التطبيقية,دبلوم,الحاسب وتقنية المعلومات,تقنية شبكات الحاسب,برامج مفعله,26,71,الفصل التدريبي الثالث ,6,18,شبكا-285,موضوعات مختارة,1,2
الكلية التقنية,دبلوم,الحاسب وتقنية المعلومات,تقنية شبكات الحاسب,برامج مفعله,26,71,الفصل التدريبي الثالث ,6,18,شبكا-285,موضوعات مختارة,1,2
كلية الاتصالات والإلكترونيات,دبلوم,الحاسب وتقنية المعلومات,تقنية شبكات الحاسب,برامج مفعله,26,71,الفصل التدريبي الثالث ,6,18,شبكا-285,موضوعات مختارة,1,2
كلية الاتصالات والمعلومات,دبلوم,الحاسب وتقنية المعلومات,تقنية شبكات الحاسب,برامج مفعله,26,71,الفصل التدريبي الثالث ,6,18,شبكا-285,موضوعات مختارة,1,2
كلية الاتصالات والإلكترونيات,دبلوم,الحاسب وتقنية المعلومات,تقنية شبكات الحاسب,برامج مفعله,26,71,الفصل التدريبي الثاني ,6,17,انجل-102,لغة إنجليزية (2),4,0
الكلية التقنية,دبلوم,الحاسب وتقنية المعلومات,تقنية شبكات الحاسب,برامج مفعله,26,71,الفصل التدريبي الثاني ,6,17,انجل-102,لغة إنجليزية (2),4,0
كلية  التقنية التطبيقية,دبلوم,الحاسب وتقنية المعلومات,تقنية شبكات الحاسب,برامج مفعله,26,71,الفصل التدريبي الثاني ,6,17,انجل-102,لغة إنجليزية (2),4,0
كلية الاتصالات والمعلومات,دبلوم,الحاسب وتقنية المعلومات,تقنية شبكات الحاسب,برامج مفعله,26,71,الفصل التدريبي الثاني ,6,17,انجل-102,لغة إنجليزية (2),4,0
كلية الاتصالات والإلكترونيات,دبلوم,الحاسب وتقنية المعلومات,تقنية شبكات الحاسب,برامج مفعله,26,71,الفصل التدريبي الثاني ,6,17,حاسب-102,تطبيقات الحاسب المتقدمة,0,4
كلية  التقنية التطبيقية,دبلوم,الحاسب وتقنية المعلومات,تقنية شبكات الحاسب,برامج مفعله,26,71,الفصل التدريبي الثاني ,6,17,حاسب-102,تطبيقات الحاسب المتقدمة,0,4
الكلية التقنية,دبلوم,الحاسب وتقنية المعلومات,تقنية شبكات الحاسب,برامج مفعله,26,71,الفصل التدريبي الثاني ,6,17,حاسب-102,تطبيقات الحاسب المتقدمة,0,4
كلية الاتصالات والمعلومات,دبلوم,الحاسب وتقنية المعلومات,تقنية شبكات الحاسب,برامج مفعله,26,71,الفصل التدريبي الثاني ,6,17,حاسب-102,تطبيقات الحاسب المتقدمة,0,4
كلية الاتصالات والإلكترونيات,دبلوم,الحاسب وتقنية المعلومات,تقنية شبكات الحاسب,برامج مفعله,26,71,الفصل التدريبي الثاني ,6,17,داعم-151,نظم التشغيل (1),2,4
كلية  التقنية التطبيقية,دبلوم,الحاسب وتقنية المعلومات,تقنية شبكات الحاسب,برامج مفعله,26,71,الفصل التدريبي الثاني ,6,17,داعم-151,نظم التشغيل (1),2,4
الكلية التقنية,دبلوم,الحاسب وتقنية المعلومات,تقنية شبكات الحاسب,برامج مفعله,26,71,الفصل التدريبي الثاني ,6,17,داعم-151,نظم التشغيل (1),2,4
كلية الاتصالات والمعلومات,دبلوم,الحاسب وتقنية المعلومات,تقنية شبكات الحاسب,برامج مفعله,26,71,الفصل التدريبي الثاني ,6,17,داعم-151,نظم التشغيل (1),2,4
كلية الاتصالات والمعلومات,دبلوم,الحاسب وتقنية المعلومات,تقنية شبكات الحاسب,برامج مفعله,26,71,الفصل التدريبي الثاني ,6,17,رياد-101,أساسيات ريادة الأعمال,2,0
كلية الاتصالات والإلكترونيات,دبلوم,الحاسب وتقنية المعلومات,تقنية شبكات الحاسب,برامج مفعله,26,71,الفصل التدريبي الثاني ,6,17,رياد-101,أساسيات ريادة الأعمال,2,0
الكلية التقنية,دبلوم,الحاسب وتقنية المعلومات,تقنية شبكات الحاسب,برامج مفعله,26,71,الفصل التدريبي الثاني ,6,17,رياد-101,أساسيات ريادة الأعمال,2,0
كلية  التقنية التطبيقية,دبلوم,الحاسب وتقنية المعلومات,تقنية شبكات الحاسب,برامج مفعله,26,71,الفصل التدريبي الثاني ,6,17,رياد-101,أساسيات ريادة الأعمال,2,0
كلية الاتصالات والمعلومات,دبلوم,الحاسب وتقنية المعلومات,تقنية شبكات الحاسب,برامج مفعله,26,71,الفصل التدريبي الثاني ,6,17,شبكا-121,التوجيه والتحويل (1),2,4
الكلية التقنية,دبلوم,الحاسب وتقنية المعلومات,تقنية شبكات الحاسب,برامج مفعله,26,71,الفصل التدريبي الثاني ,6,17,شبكا-121,التوجيه والتحويل (1),2,4
كلية الاتصالات والإلكترونيات,دبلوم,الحاسب وتقنية المعلومات,تقنية شبكات الحاسب,برامج مفعله,26,71,الفصل التدريبي الثاني ,6,17,شبكا-121,التوجيه والتحويل (1),2,4
كلية  التقنية التطبيقية,دبلوم,الحاسب وتقنية المعلومات,تقنية شبكات الحاسب,برامج مفعله,26,71,الفصل التدريبي الثاني ,6,17,شبكا-121,التوجيه والتحويل (1),2,4
كلية الاتصالات والمعلومات,دبلوم,الحاسب وتقنية المعلومات,تقنية شبكات الحاسب,برامج مفعله,26,71,الفصل التدريبي الثاني ,6,17,عربي-101,الكتابة الفنية,2,0
الكلية التقنية,دبلوم,الحاسب وتقنية المعلومات,تقنية شبكات الحاسب,برامج مفعله,26,71,الفصل التدريبي الثاني ,6,17,عربي-101,الكتابة الفنية,2,0
كلية  التقنية التطبيقية,دبلوم,الحاسب وتقنية المعلومات,تقنية شبكات الحاسب,برامج مفعله,26,71,الفصل التدريبي الثاني ,6,17,عربي-101,الكتابة الفنية,2,0
كلية الاتصالات والإلكترونيات,دبلوم,الحاسب وتقنية المعلومات,تقنية شبكات الحاسب,برامج مفعله,26,71,الفصل التدريبي الثاني ,6,17,عربي-101,الكتابة الفنية,2,0
الكلية التقنية,دبلوم,الحاسب وتقنية المعلومات,تقنية شبكات الحاسب,برامج مفعله,26,71,الفصل التدريبي الخامس ,1,2, شبكا-288,المشروع الإنتاجي,0,0
كلية  التقنية التطبيقية,دبلوم,الحاسب وتقنية المعلومات,تقنية شبكات الحاسب,برامج مفعله,26,71,الفصل التدريبي الخامس ,1,2, شبكا-288,المشروع الإنتاجي,0,0
كلية الاتصالات والمعلومات,دبلوم,الحاسب وتقنية المعلومات,تقنية شبكات الحاسب,برامج مفعله,26,71,الفصل التدريبي الخامس ,1,2, شبكا-288,المشروع الإنتاجي,0,0
كلية الاتصالات والإلكترونيات,دبلوم,الحاسب وتقنية المعلومات,تقنية شبكات الحاسب,برامج مفعله,26,71,الفصل التدريبي الخامس ,1,2, شبكا-288,المشروع الإنتاجي,0,0
كلية الاتصالات والإلكترونيات,دبلوم,الحاسب وتقنية المعلومات,تقنية شبكات الحاسب,برامج مفعله,26,71,الفصل التدريبي الخامس ,1,2,شبكا-299,التدريب التعاوني,0,0
الكلية التقنية,دبلوم,الحاسب وتقنية المعلومات,تقنية شبكات الحاسب,برامج مفعله,26,71,الفصل التدريبي الخامس ,1,2,شبكا-299,التدريب التعاوني,0,0
كلية الاتصالات والمعلومات,دبلوم,الحاسب وتقنية المعلومات,تقنية شبكات الحاسب,برامج مفعله,26,71,الفصل التدريبي الخامس ,1,2,شبكا-299,التدريب التعاوني,0,0
كلية  التقنية التطبيقية,دبلوم,الحاسب وتقنية المعلومات,تقنية شبكات الحاسب,برامج مفعله,26,71,الفصل التدريبي الخامس ,1,2,شبكا-299,التدريب التعاوني,0,0
كلية  التقنية التطبيقية,دبلوم,الحاسب وتقنية المعلومات,تقنية شبكات الحاسب,برامج مفعله,26,71,الفصل التدريبي الرابع ,7,16,اسلك-201,السلوك الوظيفي والمستقبل المهني,2,0
كلية الاتصالات والمعلومات,دبلوم,الحاسب وتقنية المعلومات,تقنية شبكات الحاسب,برامج مفعله,26,71,الفصل التدريبي الرابع ,7,16,اسلك-201,السلوك الوظيفي والمستقبل المهني,2,0
كلية الاتصالات والإلكترونيات,دبلوم,الحاسب وتقنية المعلومات,تقنية شبكات الحاسب,برامج مفعله,26,71,الفصل التدريبي الرابع ,7,16,اسلك-201,السلوك الوظيفي والمستقبل المهني,2,0
الكلية التقنية,دبلوم,الحاسب وتقنية المعلومات,تقنية شبكات الحاسب,برامج مفعله,26,71,الفصل التدريبي الرابع ,7,16,اسلك-201,السلوك الوظيفي والمستقبل المهني,2,0
كلية  التقنية التطبيقية,دبلوم,الحاسب وتقنية المعلومات,تقنية شبكات الحاسب,برامج مفعله,26,71,الفصل التدريبي الرابع ,7,16,اسلم-101,الدراسات الإسلامية,2,0
كلية الاتصالات والمعلومات,دبلوم,الحاسب وتقنية المعلومات,تقنية شبكات الحاسب,برامج مفعله,26,71,الفصل التدريبي الرابع ,7,16,اسلم-101,الدراسات الإسلامية,2,0
كلية الاتصالات والإلكترونيات,دبلوم,الحاسب وتقنية المعلومات,تقنية شبكات الحاسب,برامج مفعله,26,71,الفصل التدريبي الرابع ,7,16,اسلم-101,الدراسات الإسلامية,2,0
الكلية التقنية,دبلوم,الحاسب وتقنية المعلومات,تقنية شبكات الحاسب,برامج مفعله,26,71,الفصل التدريبي الرابع ,7,16,اسلم-101,الدراسات الإسلامية,2,0
كلية الاتصالات والمعلومات,دبلوم,الحاسب وتقنية المعلومات,تقنية شبكات الحاسب,برامج مفعله,26,71,الفصل التدريبي الرابع ,7,16,انجل-204,لغة إنجليزية (4 ),4,0
كلية  التقنية التطبيقية,دبلوم,الحاسب وتقنية المعلومات,تقنية شبكات الحاسب,برامج مفعله,26,71,الفصل التدريبي الرابع ,7,16,انجل-204,لغة إنجليزية (4 ),4,0
كلية الاتصالات والإلكترونيات,دبلوم,الحاسب وتقنية المعلومات,تقنية شبكات الحاسب,برامج مفعله,26,71,الفصل التدريبي الرابع ,7,16,انجل-204,لغة إنجليزية (4 ),4,0
الكلية التقنية,دبلوم,الحاسب وتقنية المعلومات,تقنية شبكات الحاسب,برامج مفعله,26,71,الفصل التدريبي الرابع ,7,16,انجل-204,لغة إنجليزية (4 ),4,0
الكلية التقنية,دبلوم,الحاسب وتقنية المعلومات,تقنية شبكات الحاسب,برامج مفعله,26,71,الفصل التدريبي الرابع ,7,16,حاسب-280,التأهيل للشهادات الاحترافية,1,0
كلية الاتصالات والإلكترونيات,دبلوم,الحاسب وتقنية المعلومات,تقنية شبكات الحاسب,برامج مفعله,26,71,الفصل التدريبي الرابع ,7,16,حاسب-280,التأهيل للشهادات الاحترافية,1,0
كلية  التقنية التطبيقية,دبلوم,الحاسب وتقنية المعلومات,تقنية شبكات الحاسب,برامج مفعله,26,71,الفصل التدريبي الرابع ,7,16,حاسب-280,التأهيل للشهادات الاحترافية,1,0
كلية الاتصالات والمعلومات,دبلوم,الحاسب وتقنية المعلومات,تقنية شبكات الحاسب,برامج مفعله,26,71,الفصل التدريبي الرابع ,7,16,حاسب-280,التأهيل للشهادات الاحترافية,1,0
كلية الاتصالات والمعلومات,دبلوم,الحاسب وتقنية المعلومات,تقنية شبكات الحاسب,برامج مفعله,26,71,الفصل التدريبي الرابع ,7,16,شبكا-232,أمن الشبكات المتقدم,2,2
كلية الاتصالات والإلكترونيات,دبلوم,الحاسب وتقنية المعلومات,تقنية شبكات الحاسب,برامج مفعله,26,71,الفصل التدريبي الرابع ,7,16,شبكا-232,أمن الشبكات المتقدم,2,2
كلية  التقنية التطبيقية,دبلوم,الحاسب وتقنية المعلومات,تقنية شبكات الحاسب,برامج مفعله,26,71,الفصل التدريبي الرابع ,7,16,شبكا-232,أمن الشبكات المتقدم,2,2
الكلية التقنية,دبلوم,الحاسب وتقنية المعلومات,تقنية شبكات الحاسب,برامج مفعله,26,71,الفصل التدريبي الرابع ,7,16,شبكا-232,أمن الشبكات المتقدم,2,2
كلية الاتصالات والمعلومات,دبلوم,الحاسب وتقنية المعلومات,تقنية شبكات الحاسب,برامج مفعله,26,71,الفصل التدريبي الرابع ,7,16,شبكا-241,ربط الشبكات,1,4
الكلية التقنية,دبلوم,الحاسب وتقنية المعلومات,تقنية شبكات الحاسب,برامج مفعله,26,71,الفصل التدريبي الرابع ,7,16,شبكا-241,ربط الشبكات,1,4
كلية  التقنية التطبيقية,دبلوم,الحاسب وتقنية المعلومات,تقنية شبكات الحاسب,برامج مفعله,26,71,الفصل التدريبي الرابع ,7,16,شبكا-241,ربط الشبكات,1,4
كلية الاتصالات والإلكترونيات,دبلوم,الحاسب وتقنية المعلومات,تقنية شبكات الحاسب,برامج مفعله,26,71,الفصل التدريبي الرابع ,7,16,شبكا-241,ربط الشبكات,1,4
الكلية التقنية,دبلوم,الحاسب وتقنية المعلومات,تقنية شبكات الحاسب,برامج مفعله,26,71,الفصل التدريبي الرابع ,7,16,شبكا-295,مشروع,1,2
كلية  التقنية التطبيقية,دبلوم,الحاسب وتقنية المعلومات,تقنية شبكات الحاسب,برامج مفعله,26,71,الفصل التدريبي الرابع ,7,16,شبكا-295,مشروع,1,2
كلية الاتصالات والإلكترونيات,دبلوم,الحاسب وتقنية المعلومات,تقنية شبكات الحاسب,برامج مفعله,26,71,الفصل التدريبي الرابع ,7,16,شبكا-295,مشروع,1,2
كلية الاتصالات والمعلومات,دبلوم,الحاسب وتقنية المعلومات,تقنية شبكات الحاسب,برامج مفعله,26,71,الفصل التدريبي الرابع ,7,16,شبكا-295,مشروع,1,2
الكلية التقنية,دبلوم,التقنية الالكترونية,تقنية نظارات,برامج مفعله,30,65,الفصل التدريبي الأول ,8,19,الكت-102,ورشة تأهيلية,0,4
الكلية التقنية,دبلوم,التقنية الالكترونية,تقنية نظارات,برامج مفعله,30,65,الفصل التدريبي الأول ,8,19,انجل-101,لغة إنجليزية (1),4,0
الكلية التقنية,دبلوم,التقنية الالكترونية,تقنية نظارات,برامج مفعله,30,65,الفصل التدريبي الأول ,8,19,حاسب-101,مقدمة تطبيقات الحاسب,0,4
الكلية التقنية,دبلوم,التقنية الالكترونية,تقنية نظارات,برامج مفعله,30,65,الفصل التدريبي الأول ,8,19,رياض-121,الرياضيات,4,0
الكلية التقنية,دبلوم,التقنية الالكترونية,تقنية نظارات,برامج مفعله,30,65,الفصل التدريبي الأول ,8,19,عربي-101,الكتابة الفنية,2,0
الكلية التقنية,دبلوم,التقنية الالكترونية,تقنية نظارات,برامج مفعله,30,65,الفصل التدريبي الأول ,8,19,فيزي-101,الفيزياء,2,2
الكلية التقنية,دبلوم,التقنية الالكترونية,تقنية نظارات,برامج مفعله,30,65,الفصل التدريبي الأول ,8,19,نظار-101,مقدمة في البصريات,3,0
الكلية التقنية,دبلوم,التقنية الالكترونية,تقنية نظارات,برامج مفعله,30,65,الفصل التدريبي الأول ,8,19,نظار-103,السلامة والبيئة المهنية,1,0
الكلية التقنية,دبلوم,التقنية الالكترونية,تقنية نظارات,برامج مفعله,30,65,الفصل التدريبي الثالث ,6,13,اسلم-101,الدراسات الإسلامية,2,0
الكلية التقنية,دبلوم,التقنية الالكترونية,تقنية نظارات,برامج مفعله,30,65,الفصل التدريبي الثالث ,6,13,الكت-103,ورشة الكترونيات أساسية,0,4
الكلية التقنية,دبلوم,التقنية الالكترونية,تقنية نظارات,برامج مفعله,30,65,الفصل التدريبي الثالث ,6,13,انجل-103,لغة إنجليزية (3),4,0
الكلية التقنية,دبلوم,التقنية الالكترونية,تقنية نظارات,برامج مفعله,30,65,الفصل التدريبي الثالث ,6,13,رياد-224,ريادة الاعمال  في مجال التقنيات الطبية,1,2
الكلية التقنية,دبلوم,التقنية الالكترونية,تقنية نظارات,برامج مفعله,30,65,الفصل التدريبي الثالث ,6,13,نظار-150,علم التشريح والأنسجة,3,0
الكلية التقنية,دبلوم,التقنية الالكترونية,تقنية نظارات,برامج مفعله,30,65,الفصل التدريبي الثالث ,6,13,نظار-242,ورشة صيانة أجهزة  البصريات-1,0,4
الكلية التقنية,دبلوم,التقنية الالكترونية,تقنية نظارات,برامج مفعله,30,65,الفصل التدريبي الثاني ,7,16,انجل-102,لغة إنجليزية (2),4,0
الكلية التقنية,دبلوم,التقنية الالكترونية,تقنية نظارات,برامج مفعله,30,65,الفصل التدريبي الثاني ,7,16,تسوق-111,مبادئ التسويق,4,0
الكلية التقنية,دبلوم,التقنية الالكترونية,تقنية نظارات,برامج مفعله,30,65,الفصل التدريبي الثاني ,7,16,رياد-101,أساسيات ريادة الأعمال,2,0
الكلية التقنية,دبلوم,التقنية الالكترونية,تقنية نظارات,برامج مفعله,30,65,الفصل التدريبي الثاني ,7,16,نظار-102,اساسيات الدوائر الكهربائية و الالكترونية,1,2
الكلية التقنية,دبلوم,التقنية الالكترونية,تقنية نظارات,برامج مفعله,30,65,الفصل التدريبي الثاني ,7,16,نظار-104,نظرية وطرق بصرية,1,2
الكلية التقنية,دبلوم,التقنية الالكترونية,تقنية نظارات,برامج مفعله,30,65,الفصل التدريبي الثاني ,7,16,نظار-113,العدسات البصرية وتجهيزالنظارات-1,1,2
الكلية التقنية,دبلوم,التقنية الالكترونية,تقنية نظارات,برامج مفعله,30,65,الفصل التدريبي الثاني ,7,16,نظار-152,فيزياء الضوء والبصربات,1,2
الكلية التقنية,دبلوم,التقنية الالكترونية,تقنية نظارات,برامج مفعله,30,65,الفصل التدريبي الخامس ,1,2, نظار-288,المشروع الإنتاجي,0,0
الكلية التقنية,دبلوم,التقنية الالكترونية,تقنية نظارات,برامج مفعله,30,65,الفصل التدريبي الخامس ,1,2,نظار-299,التدريب التعاوني,0,0
الكلية التقنية,دبلوم,التقنية الالكترونية,تقنية نظارات,برامج مفعله,30,65,الفصل التدريبي الرابع ,8,15,اسلك-201,السلوك الوظيفي والمستقبل المهني,2,0
الكلية التقنية,دبلوم,التقنية الالكترونية,تقنية نظارات,برامج مفعله,30,65,الفصل التدريبي الرابع ,8,15,نظار-211,أجهزة  فحص وظائف العين,1,2
الكلية التقنية,دبلوم,التقنية الالكترونية,تقنية نظارات,برامج مفعله,30,65,الفصل التدريبي الرابع ,8,15,نظار-214,العدسات البصرية وتجهيز النظارات-2,1,2
الكلية التقنية,دبلوم,التقنية الالكترونية,تقنية نظارات,برامج مفعله,30,65,الفصل التدريبي الرابع ,8,15,نظار-223,بصريات الاطفال وكبار  السن,2,0
الكلية التقنية,دبلوم,التقنية الالكترونية,تقنية نظارات,برامج مفعله,30,65,الفصل التدريبي الرابع ,8,15,نظار-241,ورشة تجهيز العدسات و النظارات,0,2
الكلية التقنية,دبلوم,التقنية الالكترونية,تقنية نظارات,برامج مفعله,30,65,الفصل التدريبي الرابع ,8,15,نظار-243,ورشة صيانة أجهزة  البصريات2,0,4
الكلية التقنية,دبلوم,التقنية الالكترونية,تقنية نظارات,برامج مفعله,30,65,الفصل التدريبي الرابع ,8,15,نظار-251,عدسات لاصقة,2,0
الكلية التقنية,دبلوم,التقنية الالكترونية,تقنية نظارات,برامج مفعله,30,65,الفصل التدريبي الرابع ,8,15,نظار-261,ادارة اعمال وتسويق البصريات,2,0
الكلية التقنية,دبلوم,تقنية السياحة والضيافة,خدمات الحج والعمرة,برامج مفعله,29,66,الفصل التدريبي الأول ,7,18,ادار-101,مبادئ إدارة الأعمال,4,0
الكلية التقنية,دبلوم,تقنية السياحة والضيافة,خدمات الحج والعمرة,برامج مفعله,29,66,الفصل التدريبي الأول ,7,18,انجل-111,لغة إنجليزية (1),4,0
الكلية التقنية,دبلوم,تقنية السياحة والضيافة,خدمات الحج والعمرة,برامج مفعله,29,66,الفصل التدريبي الأول ,7,18,حاسب-101,مقدمة تطبيقات الحاسب,0,4
الكلية التقنية,دبلوم,تقنية السياحة والضيافة,خدمات الحج والعمرة,برامج مفعله,29,66,الفصل التدريبي الأول ,7,18,رياض-101,الرياضيات,4,0
الكلية التقنية,دبلوم,تقنية السياحة والضيافة,خدمات الحج والعمرة,برامج مفعله,29,66,الفصل التدريبي الأول ,7,18,سافر-101,مدخل إلى صناعة السياحة والضيافه,3,0
الكلية التقنية,دبلوم,تقنية السياحة والضيافة,خدمات الحج والعمرة,برامج مفعله,29,66,الفصل التدريبي الأول ,7,18,عربي-101,الكتابة الفنية,2,0
الكلية التقنية,دبلوم,تقنية السياحة والضيافة,خدمات الحج والعمرة,برامج مفعله,29,66,الفصل التدريبي الأول ,7,18,فندق-101,الصحة والسلامه الفندقية,1,2
الكلية التقنية,دبلوم,تقنية السياحة والضيافة,خدمات الحج والعمرة,برامج مفعله,29,66,الفصل التدريبي الثالث ,7,16,ادار-222,إجراءات السكرتارية,3,0
الكلية التقنية,دبلوم,تقنية السياحة والضيافة,خدمات الحج والعمرة,برامج مفعله,29,66,الفصل التدريبي الثالث ,7,16,اسلم-101,الدراسات الإسلامية,2,0
الكلية التقنية,دبلوم,تقنية السياحة والضيافة,خدمات الحج والعمرة,برامج مفعله,29,66,الفصل التدريبي الثالث ,7,16,انجل-113,لغة إنجليزية (3),4,0
الكلية التقنية,دبلوم,تقنية السياحة والضيافة,خدمات الحج والعمرة,برامج مفعله,29,66,الفصل التدريبي الثالث ,7,16,رياد-272,ريادة الاعمال في مجال السياحة والضيافة,1,2
الكلية التقنية,دبلوم,تقنية السياحة والضيافة,خدمات الحج والعمرة,برامج مفعله,29,66,الفصل التدريبي الثالث ,7,16,سافر-131,النقل السياحي,3,0
الكلية التقنية,دبلوم,تقنية السياحة والضيافة,خدمات الحج والعمرة,برامج مفعله,29,66,الفصل التدريبي الثالث ,7,16,سافر-211,تصميم وأدارة البرامج السياحية,3,0
الكلية التقنية,دبلوم,تقنية السياحة والضيافة,خدمات الحج والعمرة,برامج مفعله,29,66,الفصل التدريبي الثالث ,7,16,فندق-222,المكاتب الامامية (2),2,2
الكلية التقنية,دبلوم,تقنية السياحة والضيافة,خدمات الحج والعمرة,برامج مفعله,29,66,الفصل التدريبي الثاني ,7,18,ادار-231,إدارة الموارد البشرية,4,0
الكلية التقنية,دبلوم,تقنية السياحة والضيافة,خدمات الحج والعمرة,برامج مفعله,29,66,الفصل التدريبي الثاني ,7,18,انجل-112,لغة إنجليزية (2),4,0
الكلية التقنية,دبلوم,تقنية السياحة والضيافة,خدمات الحج والعمرة,برامج مفعله,29,66,الفصل التدريبي الثاني ,7,18,حاسب-102,تطبيقات الحاسب المتقدمة,0,4
الكلية التقنية,دبلوم,تقنية السياحة والضيافة,خدمات الحج والعمرة,برامج مفعله,29,66,الفصل التدريبي الثاني ,7,18,رياد-101,أساسيات ريادة الأعمال,2,0
الكلية التقنية,دبلوم,تقنية السياحة والضيافة,خدمات الحج والعمرة,برامج مفعله,29,66,الفصل التدريبي الثاني ,7,18,طاهي-101,صحة وسلامة الأغذية,1,2
الكلية التقنية,دبلوم,تقنية السياحة والضيافة,خدمات الحج والعمرة,برامج مفعله,29,66,الفصل التدريبي الثاني ,7,18,فندق-121,المكاتب الأمامية (1),2,2
الكلية التقنية,دبلوم,تقنية السياحة والضيافة,خدمات الحج والعمرة,برامج مفعله,29,66,الفصل التدريبي الثاني ,7,18,محسب-101,مبادئ المحاسبة,4,0
الكلية التقنية,دبلوم,تقنية السياحة والضيافة,خدمات الحج والعمرة,برامج مفعله,29,66,الفصل التدريبي الخامس ,1,2, حجاج-288,المشروع الإنتاجي,0,0
الكلية التقنية,دبلوم,تقنية السياحة والضيافة,خدمات الحج والعمرة,برامج مفعله,29,66,الفصل التدريبي الخامس ,1,2,حجاج-299,التدريب التعاوني,0,0
الكلية التقنية,دبلوم,تقنية السياحة والضيافة,خدمات الحج والعمرة,برامج مفعله,29,66,الفصل التدريبي الرابع ,7,12,اسلك-201,السلوك الوظيفي والمستقبل المهني,2,0
الكلية التقنية,دبلوم,تقنية السياحة والضيافة,خدمات الحج والعمرة,برامج مفعله,29,66,الفصل التدريبي الرابع ,7,12,انجل-204,لغة إنجليزية (4 ),4,0
الكلية التقنية,دبلوم,تقنية السياحة والضيافة,خدمات الحج والعمرة,برامج مفعله,29,66,الفصل التدريبي الرابع ,7,12,حجاج-123,فقه المناسك المقارن,2,0
الكلية التقنية,دبلوم,تقنية السياحة والضيافة,خدمات الحج والعمرة,برامج مفعله,29,66,الفصل التدريبي الرابع ,7,12,حجاج-124,نظم ولوائح الحج والعمرة,2,0
الكلية التقنية,دبلوم,تقنية السياحة والضيافة,خدمات الحج والعمرة,برامج مفعله,29,66,الفصل التدريبي الرابع ,7,12,حجاج-125,صحة الحجاج والمعتمرين,2,0
الكلية التقنية,دبلوم,تقنية السياحة والضيافة,خدمات الحج والعمرة,برامج مفعله,29,66,الفصل التدريبي الرابع ,7,12,حجاج-201,إدارة الحشود,3,0
الكلية التقنية,دبلوم,تقنية السياحة والضيافة,خدمات الحج والعمرة,برامج مفعله,29,66,الفصل التدريبي الرابع ,7,12,فندق-241,استخدام الحاسب الآلي في الفندق,0,4
الكلية التقنية,دبلوم,تقنية السياحة والضيافة,خدمة الطعام (الضيافة),برامج مفعله,26,62,الفصل التدريبي الأول ,19,8,ادار-101,مبادئ إدارة الأعمال,4,0
كلية السياحة و الفندقة,دبلوم,تقنية السياحة والضيافة,خدمة الطعام (الضيافة),برامج مفعله,26,62,الفصل التدريبي الأول ,8,19,ادار-101,مبادئ إدارة الأعمال,4,0
كلية السياحة و الفندقة,دبلوم,تقنية السياحة والضيافة,خدمة الطعام (الضيافة),برامج مفعله,26,62,الفصل التدريبي الأول ,8,19,انجل-111,لغة إنجليزية (1),4,0
الكلية التقنية,دبلوم,تقنية السياحة والضيافة,خدمة الطعام (الضيافة),برامج مفعله,26,62,الفصل التدريبي الأول ,19,8,انجل-111,لغة إنجليزية (1),4,0
الكلية التقنية,دبلوم,تقنية السياحة والضيافة,خدمة الطعام (الضيافة),برامج مفعله,26,62,الفصل التدريبي الأول ,19,8,حاسب-101,مقدمة تطبيقات الحاسب,0,4
كلية السياحة و الفندقة,دبلوم,تقنية السياحة والضيافة,خدمة الطعام (الضيافة),برامج مفعله,26,62,الفصل التدريبي الأول ,8,19,حاسب-101,مقدمة تطبيقات الحاسب,0,4
الكلية التقنية,دبلوم,تقنية السياحة والضيافة,خدمة الطعام (الضيافة),برامج مفعله,26,62,الفصل التدريبي الأول ,19,8,رياض-101,الرياضيات,4,0
كلية السياحة و الفندقة,دبلوم,تقنية السياحة والضيافة,خدمة الطعام (الضيافة),برامج مفعله,26,62,الفصل التدريبي الأول ,8,19,رياض-101,الرياضيات,4,0
الكلية التقنية,دبلوم,تقنية السياحة والضيافة,خدمة الطعام (الضيافة),برامج مفعله,26,62,الفصل التدريبي الأول ,19,8,سافر-101,مدخل إلى صناعة السياحة والضيافه,3,0
كلية السياحة و الفندقة,دبلوم,تقنية السياحة والضيافة,خدمة الطعام (الضيافة),برامج مفعله,26,62,الفصل التدريبي الأول ,8,19,سافر-101,مدخل إلى صناعة السياحة والضيافه,3,0
كلية السياحة و الفندقة,دبلوم,تقنية السياحة والضيافة,خدمة الطعام (الضيافة),برامج مفعله,26,62,الفصل التدريبي الأول ,8,19,طاهي-101,صحة وسلامة الأغذية,1,2
الكلية التقنية,دبلوم,تقنية السياحة والضيافة,خدمة الطعام (الضيافة),برامج مفعله,26,62,الفصل التدريبي الأول ,19,8,طاهي-101,صحة وسلامة الأغذية,1,2
كلية السياحة و الفندقة,دبلوم,تقنية السياحة والضيافة,خدمة الطعام (الضيافة),برامج مفعله,26,62,الفصل التدريبي الأول ,8,19,طاهي-102,الصحة والسلامة المهنية,1,0
الكلية التقنية,دبلوم,تقنية السياحة والضيافة,خدمة الطعام (الضيافة),برامج مفعله,26,62,الفصل التدريبي الأول ,19,8,طاهي-102,الصحة والسلامة المهنية,1,0
الكلية التقنية,دبلوم,تقنية السياحة والضيافة,خدمة الطعام (الضيافة),برامج مفعله,26,62,الفصل التدريبي الأول ,19,8,عربي-101,الكتابة الفنية,2,0
كلية السياحة و الفندقة,دبلوم,تقنية السياحة والضيافة,خدمة الطعام (الضيافة),برامج مفعله,26,62,الفصل التدريبي الأول ,8,19,عربي-101,الكتابة الفنية,2,0
الكلية التقنية,دبلوم,تقنية السياحة والضيافة,خدمة الطعام (الضيافة),برامج مفعله,26,62,الفصل التدريبي الثالث ,6,13,انجل-113,لغة إنجليزية (3),4,0
كلية السياحة و الفندقة,دبلوم,تقنية السياحة والضيافة,خدمة الطعام (الضيافة),برامج مفعله,26,62,الفصل التدريبي الثالث ,6,13,انجل-113,لغة إنجليزية (3),4,0
الكلية التقنية,دبلوم,تقنية السياحة والضيافة,خدمة الطعام (الضيافة),برامج مفعله,26,62,الفصل التدريبي الثالث ,6,13,رياد-272,ريادة الاعمال في مجال السياحة والضيافة,1,2
كلية السياحة و الفندقة,دبلوم,تقنية السياحة والضيافة,خدمة الطعام (الضيافة),برامج مفعله,26,62,الفصل التدريبي الثالث ,6,13,رياد-272,ريادة الاعمال في مجال السياحة والضيافة,1,2
كلية السياحة و الفندقة,دبلوم,تقنية السياحة والضيافة,خدمة الطعام (الضيافة),برامج مفعله,26,62,الفصل التدريبي الثالث ,6,13,ضيوف-211,أساسيات إنتاج الطعام,1,2
الكلية التقنية,دبلوم,تقنية السياحة والضيافة,خدمة الطعام (الضيافة),برامج مفعله,26,62,الفصل التدريبي الثالث ,6,13,ضيوف-211,أساسيات إنتاج الطعام,1,2
الكلية التقنية,دبلوم,تقنية السياحة والضيافة,خدمة الطعام (الضيافة),برامج مفعله,26,62,الفصل التدريبي الثالث ,6,13,ضيوف-252,إدارة خدمة المطاعم-2,1,4
كلية السياحة و الفندقة,دبلوم,تقنية السياحة والضيافة,خدمة الطعام (الضيافة),برامج مفعله,26,62,الفصل التدريبي الثالث ,6,13,ضيوف-252,إدارة خدمة المطاعم-2,1,4
كلية السياحة و الفندقة,دبلوم,تقنية السياحة والضيافة,خدمة الطعام (الضيافة),برامج مفعله,26,62,الفصل التدريبي الثالث ,6,13,ضيوف-261,أنظمة نقاط البيع للأغذية والمش,2,0
الكلية التقنية,دبلوم,تقنية السياحة والضيافة,خدمة الطعام (الضيافة),برامج مفعله,26,62,الفصل التدريبي الثالث ,6,13,ضيوف-261,أنظمة نقاط البيع للأغذية والمش,2,0
الكلية التقنية,دبلوم,تقنية السياحة والضيافة,خدمة الطعام (الضيافة),برامج مفعله,26,62,الفصل التدريبي الثالث ,6,13,طاهي-252,مراقبة الأغذية والمشروبات,3,0
كلية السياحة و الفندقة,دبلوم,تقنية السياحة والضيافة,خدمة الطعام (الضيافة),برامج مفعله,26,62,الفصل التدريبي الثالث ,6,13,طاهي-252,مراقبة الأغذية والمشروبات,3,0
الكلية التقنية,دبلوم,تقنية السياحة والضيافة,خدمة الطعام (الضيافة),برامج مفعله,26,62,الفصل التدريبي الثاني ,6,14,انجل-112,لغة إنجليزية (2),4,0
كلية السياحة و الفندقة,دبلوم,تقنية السياحة والضيافة,خدمة الطعام (الضيافة),برامج مفعله,26,62,الفصل التدريبي الثاني ,6,14,انجل-112,لغة إنجليزية (2),4,0
الكلية التقنية,دبلوم,تقنية السياحة والضيافة,خدمة الطعام (الضيافة),برامج مفعله,26,62,الفصل التدريبي الثاني ,6,14,رياد-101,أساسيات ريادة الأعمال,2,0
كلية السياحة و الفندقة,دبلوم,تقنية السياحة والضيافة,خدمة الطعام (الضيافة),برامج مفعله,26,62,الفصل التدريبي الثاني ,6,14,رياد-101,أساسيات ريادة الأعمال,2,0
الكلية التقنية,دبلوم,تقنية السياحة والضيافة,خدمة الطعام (الضيافة),برامج مفعله,26,62,الفصل التدريبي الثاني ,6,14,ضيوف-121,إنتاج وخدمة المشروبات,0,4
كلية السياحة و الفندقة,دبلوم,تقنية السياحة والضيافة,خدمة الطعام (الضيافة),برامج مفعله,26,62,الفصل التدريبي الثاني ,6,14,ضيوف-121,إنتاج وخدمة المشروبات,0,4
كلية السياحة و الفندقة,دبلوم,تقنية السياحة والضيافة,خدمة الطعام (الضيافة),برامج مفعله,26,62,الفصل التدريبي الثاني ,6,14,ضيوف-151,إدارة خدمة المطاعم-1,1,4
الكلية التقنية,دبلوم,تقنية السياحة والضيافة,خدمة الطعام (الضيافة),برامج مفعله,26,62,الفصل التدريبي الثاني ,6,14,ضيوف-151,إدارة خدمة المطاعم-1,1,4
الكلية التقنية,دبلوم,تقنية السياحة والضيافة,خدمة الطعام (الضيافة),برامج مفعله,26,62,الفصل التدريبي الثاني ,6,14,طاهي-141,تجهيزات معدات المطابخ والمطاعم,2,0
كلية السياحة و الفندقة,دبلوم,تقنية السياحة والضيافة,خدمة الطعام (الضيافة),برامج مفعله,26,62,الفصل التدريبي الثاني ,6,14,طاهي-141,تجهيزات معدات المطابخ والمطاعم,2,0
الكلية التقنية,دبلوم,تقنية السياحة والضيافة,خدمة الطعام (الضيافة),برامج مفعله,26,62,الفصل التدريبي الثاني ,6,14,طاهي-142,شراء وتخزين الأغذية والمشروبات,3,0
كلية السياحة و الفندقة,دبلوم,تقنية السياحة والضيافة,خدمة الطعام (الضيافة),برامج مفعله,26,62,الفصل التدريبي الثاني ,6,14,طاهي-142,شراء وتخزين الأغذية والمشروبات,3,0
كلية السياحة و الفندقة,دبلوم,تقنية السياحة والضيافة,خدمة الطعام (الضيافة),برامج مفعله,26,62,الفصل التدريبي الخامس ,1,2, ضيوف-288,المشروع الإنتاجي,0,0
الكلية التقنية,دبلوم,تقنية السياحة والضيافة,خدمة الطعام (الضيافة),برامج مفعله,26,62,الفصل التدريبي الخامس ,1,2, ضيوف-288,المشروع الإنتاجي,0,0
الكلية التقنية,دبلوم,تقنية السياحة والضيافة,خدمة الطعام (الضيافة),برامج مفعله,26,62,الفصل التدريبي الخامس ,1,2,ضيوف-299,التدريب التعاوني,0,0
كلية السياحة و الفندقة,دبلوم,تقنية السياحة والضيافة,خدمة الطعام (الضيافة),برامج مفعله,26,62,الفصل التدريبي الخامس ,1,2,ضيوف-299,التدريب التعاوني,0,0
كلية السياحة و الفندقة,دبلوم,تقنية السياحة والضيافة,خدمة الطعام (الضيافة),برامج مفعله,26,62,الفصل التدريبي الرابع ,5,14,اسلك-201,السلوك الوظيفي والمستقبل المهني,2,0
الكلية التقنية,دبلوم,تقنية السياحة والضيافة,خدمة الطعام (الضيافة),برامج مفعله,26,62,الفصل التدريبي الرابع ,5,14,اسلك-201,السلوك الوظيفي والمستقبل المهني,2,0
الكلية التقنية,دبلوم,تقنية السياحة والضيافة,خدمة الطعام (الضيافة),برامج مفعله,26,62,الفصل التدريبي الرابع ,5,14,اسلم-101,الدراسات الإسلامية,2,0
كلية السياحة و الفندقة,دبلوم,تقنية السياحة والضيافة,خدمة الطعام (الضيافة),برامج مفعله,26,62,الفصل التدريبي الرابع ,5,14,اسلم-101,الدراسات الإسلامية,2,0
الكلية التقنية,دبلوم,تقنية السياحة والضيافة,خدمة الطعام (الضيافة),برامج مفعله,26,62,الفصل التدريبي الرابع ,5,14,انجل-204,لغة إنجليزية (4 ),4,0
كلية السياحة و الفندقة,دبلوم,تقنية السياحة والضيافة,خدمة الطعام (الضيافة),برامج مفعله,26,62,الفصل التدريبي الرابع ,5,14,انجل-204,لغة إنجليزية (4 ),4,0
الكلية التقنية,دبلوم,تقنية السياحة والضيافة,خدمة الطعام (الضيافة),برامج مفعله,26,62,الفصل التدريبي الرابع ,5,14,ضيوف-231,خدمة المناسبات والفعاليات,2,4
كلية السياحة و الفندقة,دبلوم,تقنية السياحة والضيافة,خدمة الطعام (الضيافة),برامج مفعله,26,62,الفصل التدريبي الرابع ,5,14,ضيوف-231,خدمة المناسبات والفعاليات,2,4
كلية السياحة و الفندقة,دبلوم,تقنية السياحة والضيافة,خدمة الطعام (الضيافة),برامج مفعله,26,62,الفصل التدريبي الرابع ,5,14,ضيوف-253,إدارة خدمة المطاعم-3,1,4
الكلية التقنية,دبلوم,تقنية السياحة والضيافة,خدمة الطعام (الضيافة),برامج مفعله,26,62,الفصل التدريبي الرابع ,5,14,ضيوف-253,إدارة خدمة المطاعم-3,1,4
الكلية التقنية,دبلوم,تقنية البيئة,سلامة الاغذية,برامج مفعله,31,70,الفصل التدريبي الأول ,8,19,احصا-111,مقدمة في علم الاحصاء,3,0
الكلية التقنية,دبلوم,تقنية البيئة,سلامة الاغذية,برامج مفعله,31,70,الفصل التدريبي الأول ,8,19,انجل-101,لغة إنجليزية (1),4,0
الكلية التقنية,دبلوم,تقنية البيئة,سلامة الاغذية,برامج مفعله,31,70,الفصل التدريبي الأول ,8,19,حاسب-101,مقدمة تطبيقات الحاسب,0,4
الكلية التقنية,دبلوم,تقنية البيئة,سلامة الاغذية,برامج مفعله,31,70,الفصل التدريبي الأول ,8,19,حامي-101,السلامة والصحة المهنية,1,0
الكلية التقنية,دبلوم,تقنية البيئة,سلامة الاغذية,برامج مفعله,31,70,الفصل التدريبي الأول ,8,19,حامي-111,مدخل إلي علم البيئة,2,0
الكلية التقنية,دبلوم,تقنية البيئة,سلامة الاغذية,برامج مفعله,31,70,الفصل التدريبي الأول ,8,19,رياض-101,الرياضيات,4,0
الكلية التقنية,دبلوم,تقنية البيئة,سلامة الاغذية,برامج مفعله,31,70,الفصل التدريبي الأول ,8,19,عربي-101,الكتابة الفنية,2,0
الكلية التقنية,دبلوم,تقنية البيئة,سلامة الاغذية,برامج مفعله,31,70,الفصل التدريبي الأول ,8,19,كيمي-111,كيمياء,2,2
الكلية التقنية,دبلوم,تقنية البيئة,سلامة الاغذية,برامج مفعله,31,70,الفصل التدريبي الثالث ,7,16,احيا-221,الأحياء الدقيقة في الأغذية,2,2
الكلية التقنية,دبلوم,تقنية البيئة,سلامة الاغذية,برامج مفعله,31,70,الفصل التدريبي الثالث ,7,16,انجل-103,لغة إنجليزية (3),4,0
الكلية التقنية,دبلوم,تقنية البيئة,سلامة الاغذية,برامج مفعله,31,70,الفصل التدريبي الثالث ,7,16,حامي-281,تحليل البيانات باستخدام تطبيقات الحاسب الالي,0,2
الكلية التقنية,دبلوم,تقنية البيئة,سلامة الاغذية,برامج مفعله,31,70,الفصل التدريبي الثالث ,7,16,رياد-242,ريادة الاعمال في مجال الاغذية,1,2
الكلية التقنية,دبلوم,تقنية البيئة,سلامة الاغذية,برامج مفعله,31,70,الفصل التدريبي الثالث ,7,16,سلغذ-241,مراقبة أغذية,2,2
الكلية التقنية,دبلوم,تقنية البيئة,سلامة الاغذية,برامج مفعله,31,70,الفصل التدريبي الثالث ,7,16,سلغذ-244,صناعات غذائية,2,2
الكلية التقنية,دبلوم,تقنية البيئة,سلامة الاغذية,برامج مفعله,31,70,الفصل التدريبي الثالث ,7,16,سلغذ-271,أنظمة جودة الغذاء,2,0
الكلية التقنية,دبلوم,تقنية البيئة,سلامة الاغذية,برامج مفعله,31,70,الفصل التدريبي الثاني ,7,18,احيا-111,الأحياء الدقيقة والطفيليات,2,2
الكلية التقنية,دبلوم,تقنية البيئة,سلامة الاغذية,برامج مفعله,31,70,الفصل التدريبي الثاني ,7,18,انجل-102,لغة إنجليزية (2),4,0
الكلية التقنية,دبلوم,تقنية البيئة,سلامة الاغذية,برامج مفعله,31,70,الفصل التدريبي الثاني ,7,18,حامي-105,تعزيز الصحة,0,2
الكلية التقنية,دبلوم,تقنية البيئة,سلامة الاغذية,برامج مفعله,31,70,الفصل التدريبي الثاني ,7,18,رياد-101,أساسيات ريادة الأعمال,2,0
الكلية التقنية,دبلوم,تقنية البيئة,سلامة الاغذية,برامج مفعله,31,70,الفصل التدريبي الثاني ,7,18,سلغذ-211,أسس حفظ أغذية,2,2
الكلية التقنية,دبلوم,تقنية البيئة,سلامة الاغذية,برامج مفعله,31,70,الفصل التدريبي الثاني ,7,18,سلغذ-251,الافات الإقتصادية في الأغذية,2,2
الكلية التقنية,دبلوم,تقنية البيئة,سلامة الاغذية,برامج مفعله,31,70,الفصل التدريبي الثاني ,7,18,كيمي-112,كيمياء أغذية,2,2
الكلية التقنية,دبلوم,تقنية البيئة,سلامة الاغذية,برامج مفعله,31,70,الفصل التدريبي الخامس ,1,2, سلغذ-288,المشروع الإنتاجي,0,0
الكلية التقنية,دبلوم,تقنية البيئة,سلامة الاغذية,برامج مفعله,31,70,الفصل التدريبي الخامس ,1,2,سلغذ-299,التدريب التعاوني,0,0
الكلية التقنية,دبلوم,تقنية البيئة,سلامة الاغذية,برامج مفعله,31,70,الفصل التدريبي الرابع ,8,15,اسلك-201,السلوك الوظيفي والمستقبل المهني,2,0
الكلية التقنية,دبلوم,تقنية البيئة,سلامة الاغذية,برامج مفعله,31,70,الفصل التدريبي الرابع ,8,15,اسلم-101,الدراسات الإسلامية,2,0
الكلية التقنية,دبلوم,تقنية البيئة,سلامة الاغذية,برامج مفعله,31,70,الفصل التدريبي الرابع ,8,15,سلغذ-201,سلامة اللحوم,2,2
الكلية التقنية,دبلوم,تقنية البيئة,سلامة الاغذية,برامج مفعله,31,70,الفصل التدريبي الرابع ,8,15,سلغذ-202,اشتراطات صحية للمنشآت الغذائية,0,2
الكلية التقنية,دبلوم,تقنية البيئة,سلامة الاغذية,برامج مفعله,31,70,الفصل التدريبي الرابع ,8,15,سلغذ-203,صحة الغذاء,2,2
الكلية التقنية,دبلوم,تقنية البيئة,سلامة الاغذية,برامج مفعله,31,70,الفصل التدريبي الرابع ,8,15,سلغذ-242,تخطيط الوجبات الغذائية,2,0
الكلية التقنية,دبلوم,تقنية البيئة,سلامة الاغذية,برامج مفعله,31,70,الفصل التدريبي الرابع ,8,15,سلغذ-243,التموين والخدمات الغذائية,2,0
الكلية التقنية,دبلوم,تقنية البيئة,سلامة الاغذية,برامج مفعله,31,70,الفصل التدريبي الرابع ,8,15,سلغذ-291,تدريب ميداني,0,2
الكلية التقنية,دبلوم,التقنية الميكانيكية,صيانة الآلات الميكانيكية,برامج مفعله,27,70,الفصل التدريبي الأول ,7,18,انجل-101,لغة إنجليزية (1),4,0
الكلية التقنية,دبلوم,التقنية الميكانيكية,صيانة الآلات الميكانيكية,برامج مفعله,27,70,الفصل التدريبي الأول ,7,18,حاسب-101,مقدمة تطبيقات الحاسب,0,4
الكلية التقنية,دبلوم,التقنية الميكانيكية,صيانة الآلات الميكانيكية,برامج مفعله,27,70,الفصل التدريبي الأول ,7,18,رياض-121,الرياضيات,4,0
الكلية التقنية,دبلوم,التقنية الميكانيكية,صيانة الآلات الميكانيكية,برامج مفعله,27,70,الفصل التدريبي الأول ,7,18,عربي-101,الكتابة الفنية,2,0
الكلية التقنية,دبلوم,التقنية الميكانيكية,صيانة الآلات الميكانيكية,برامج مفعله,27,70,الفصل التدريبي الأول ,7,18,فيزي-101,الفيزياء,2,2
الكلية التقنية,دبلوم,التقنية الميكانيكية,صيانة الآلات الميكانيكية,برامج مفعله,27,70,الفصل التدريبي الأول ,7,18,منتج-101,ورشة تأسيسية,0,4
الكلية التقنية,دبلوم,التقنية الميكانيكية,صيانة الآلات الميكانيكية,برامج مفعله,27,70,الفصل التدريبي الأول ,7,18,منتج-141,قياسات,2,2
الكلية التقنية,دبلوم,التقنية الميكانيكية,صيانة الآلات الميكانيكية,برامج مفعله,27,70,الفصل التدريبي الثالث ,6,17,اسلم-101,الدراسات الإسلامية,2,0
الكلية التقنية,دبلوم,التقنية الميكانيكية,صيانة الآلات الميكانيكية,برامج مفعله,27,70,الفصل التدريبي الثالث ,6,17,انجل-103,لغة إنجليزية (3),4,0
الكلية التقنية,دبلوم,التقنية الميكانيكية,صيانة الآلات الميكانيكية,برامج مفعله,27,70,الفصل التدريبي الثالث ,6,17,رياد-234,ريادة الاعمال في مجال الميكانيكا  والتصنيع,1,2
الكلية التقنية,دبلوم,التقنية الميكانيكية,صيانة الآلات الميكانيكية,برامج مفعله,27,70,الفصل التدريبي الثالث ,6,17,مصيم-171,تقنية ورش ولحام,1,4
الكلية التقنية,دبلوم,التقنية الميكانيكية,صيانة الآلات الميكانيكية,برامج مفعله,27,70,الفصل التدريبي الثالث ,6,17,مصيم-252,صيانة العناصر الميكانيكية -2,1,4
الكلية التقنية,دبلوم,التقنية الميكانيكية,صيانة الآلات الميكانيكية,برامج مفعله,27,70,الفصل التدريبي الثالث ,6,17,مصيم-261,الات دوارة(1),2,4
الكلية التقنية,دبلوم,التقنية الميكانيكية,صيانة الآلات الميكانيكية,برامج مفعله,27,70,الفصل التدريبي الثاني ,7,18,انجل-102,لغة إنجليزية (2),4,0
الكلية التقنية,دبلوم,التقنية الميكانيكية,صيانة الآلات الميكانيكية,برامج مفعله,27,70,الفصل التدريبي الثاني ,7,18,رياد-101,أساسيات ريادة الأعمال,2,0
الكلية التقنية,دبلوم,التقنية الميكانيكية,صيانة الآلات الميكانيكية,برامج مفعله,27,70,الفصل التدريبي الثاني ,7,18,مصيم-141,اساسيات ميكانيكا الموائع,2,2
الكلية التقنية,دبلوم,التقنية الميكانيكية,صيانة الآلات الميكانيكية,برامج مفعله,27,70,الفصل التدريبي الثاني ,7,18,مصيم-151,صيانة العناصر الميكانيكية -1,1,4
الكلية التقنية,دبلوم,التقنية الميكانيكية,صيانة الآلات الميكانيكية,برامج مفعله,27,70,الفصل التدريبي الثاني ,7,18,منتج-121,أساسيات التحكم النيوماتي والهيدروليكي,2,2
الكلية التقنية,دبلوم,التقنية الميكانيكية,صيانة الآلات الميكانيكية,برامج مفعله,27,70,الفصل التدريبي الثاني ,7,18,منتج-131,الرسم الهندسي,0,4
الكلية التقنية,دبلوم,التقنية الميكانيكية,صيانة الآلات الميكانيكية,برامج مفعله,27,70,الفصل التدريبي الثاني ,7,18,منتج-145,علم المواد,2,2
الكلية التقنية,دبلوم,التقنية الميكانيكية,صيانة الآلات الميكانيكية,برامج مفعله,27,70,الفصل التدريبي الخامس ,1,2, مصيم-288,المشروع الإنتاجي,0,0
الكلية التقنية,دبلوم,التقنية الميكانيكية,صيانة الآلات الميكانيكية,برامج مفعله,27,70,الفصل التدريبي الخامس ,1,2,مصيم-299,التدريب التعاوني,0,0
الكلية التقنية,دبلوم,التقنية الميكانيكية,صيانة الآلات الميكانيكية,برامج مفعله,27,70,الفصل التدريبي الرابع ,6,15,اسلك-201,السلوك الوظيفي والمستقبل المهني,2,0
الكلية التقنية,دبلوم,التقنية الميكانيكية,صيانة الآلات الميكانيكية,برامج مفعله,27,70,الفصل التدريبي الرابع ,6,15,مصيم-221,كهرباء والكترونيات الآلات,1,2
الكلية التقنية,دبلوم,التقنية الميكانيكية,صيانة الآلات الميكانيكية,برامج مفعله,27,70,الفصل التدريبي الرابع ,6,15,مصيم-253,صيانة النظم الميكانيكية,1,4
الكلية التقنية,دبلوم,التقنية الميكانيكية,صيانة الآلات الميكانيكية,برامج مفعله,27,70,الفصل التدريبي الرابع ,6,15,مصيم-262,الات دوارة-2,2,4
الكلية التقنية,دبلوم,التقنية الميكانيكية,صيانة الآلات الميكانيكية,برامج مفعله,27,70,الفصل التدريبي الرابع ,6,15,مصيم-264,الاهتزازات والاتزان,1,2
الكلية التقنية,دبلوم,التقنية الميكانيكية,صيانة الآلات الميكانيكية,برامج مفعله,27,70,الفصل التدريبي الرابع ,6,15,منتج-233,CADالرسم بمساعدة الحاسب,0,4
المعاهد الصناعية الثانوية,دبلوم الثانوي الصناعي,التقنية الالكترونية,الإلكترونيات,برامج مفعله,51,101,الفصل التدريبي الأول ,10,21,اسلم-001,ثقافة إسلامية-1,2,0
المعاهد الصناعية الثانوية,دبلوم الثانوي الصناعي,التقنية الالكترونية,الإلكترونيات,برامج مفعله,1,10,الفصل التدريبي الأول ,1,10,الكت-014,عناصر ودوائر الكتر ونية بسيطة,0,20
المعاهد الصناعية الثانوية,دبلوم الثانوي الصناعي,التقنية الالكترونية,الإلكترونيات,برامج مفعله,1,10,الفصل التدريبي الأول ,1,10,الكت-016,الأنظمة الصوتية,0,20
المعاهد الصناعية الثانوية,دبلوم الثانوي الصناعي,التقنية الالكترونية,الإلكترونيات,برامج مفعله,1,8,الفصل التدريبي الأول ,1,8,الكت-017,برمجة الربوت,0,16
المعاهد الصناعية الثانوية,دبلوم الثانوي الصناعي,التقنية الالكترونية,الإلكترونيات,برامج مفعله,1,10,الفصل التدريبي الأول ,1,10,الكت-018,برمجة الأردوينو,0,20
المعاهد الصناعية الثانوية,دبلوم الثانوي الصناعي,التقنية الالكترونية,الإلكترونيات,برامج مفعله,1,10,الفصل التدريبي الأول ,1,10,الكت-019,صيانة الأجهزة والدوائر الإلكتر,0,20
المعاهد الصناعية الثانوية,دبلوم الثانوي الصناعي,التقنية الالكترونية,الإلكترونيات,برامج مفعله,1,8,الفصل التدريبي الأول ,1,8,الكت-065,تمديدات كابلات الألياف الضوئية,0,16
المعاهد الصناعية الثانوية,دبلوم الثانوي الصناعي,التقنية الالكترونية,الإلكترونيات,برامج مفعله,1,10,الفصل التدريبي الأول ,1,10,الكت-066,صيانة آلات الطباعة والتصوير,0,20
المعاهد الصناعية الثانوية,دبلوم الثانوي الصناعي,التقنية الالكترونية,الإلكترونيات,برامج مفعله,51,101,الفصل التدريبي الأول ,10,21,انجل-001,لغة إنجليزية (1),4,0
المعاهد الصناعية الثانوية,دبلوم الثانوي الصناعي,التقنية الالكترونية,الإلكترونيات,برامج مفعله,51,101,الفصل التدريبي الأول ,10,21,بدني-001,التربية البدنية-1,0,4
المعاهد الصناعية الثانوية,دبلوم الثانوي الصناعي,التقنية الالكترونية,الإلكترونيات,برامج مفعله,51,101,الفصل التدريبي الأول ,10,21,حاسب-001,أساسيات الحاسب الآلي,0,6
المعاهد الصناعية الثانوية,دبلوم الثانوي الصناعي,التقنية الالكترونية,الإلكترونيات,برامج مفعله,51,101,الفصل التدريبي الأول ,10,21,رياض-001,رياضيات (1),2,0
المعاهد الصناعية الثانوية,دبلوم الثانوي الصناعي,التقنية الالكترونية,الإلكترونيات,برامج مفعله,51,101,الفصل التدريبي الأول ,10,21,عربي-001,لغة عربية-1,2,0
المعاهد الصناعية الثانوية,دبلوم الثانوي الصناعي,التقنية الالكترونية,الإلكترونيات,برامج مفعله,51,101,الفصل التدريبي الأول ,10,21,فيزي-001,فــيـزيـــــــاء,2,2
المعاهد الصناعية الثانوية,دبلوم الثانوي الصناعي,التقنية الالكترونية,الإلكترونيات,برامج مفعله,51,101,الفصل التدريبي الأول ,10,21,ماهر-001,مدخل الى مهارات القرن 21,2,0
المعاهد الصناعية الثانوية,دبلوم الثانوي الصناعي,التقنية الالكترونية,الإلكترونيات,برامج مفعله,51,101,الفصل التدريبي الأول ,10,21,مهني-002,السلامة والصحة المهنية,1,2
المعاهد الصناعية الثانوية,دبلوم الثانوي الصناعي,التقنية الالكترونية,الإلكترونيات,برامج مفعله,51,101,الفصل التدريبي الثالث ,9,19,اسلم-003,ثقافة إسلامية-3,2,0
المعاهد الصناعية الثانوية,دبلوم الثانوي الصناعي,التقنية الالكترونية,الإلكترونيات,برامج مفعله,51,101,الفصل التدريبي الثالث ,9,19,الكت-010,أجهزة وقياس,0,4
المعاهد الصناعية الثانوية,دبلوم الثانوي الصناعي,التقنية الالكترونية,الإلكترونيات,برامج مفعله,51,101,الفصل التدريبي الثالث ,9,19,انجل-003,لغة إنجليزية (3),4,0
المعاهد الصناعية الثانوية,دبلوم الثانوي الصناعي,التقنية الالكترونية,الإلكترونيات,برامج مفعله,51,101,الفصل التدريبي الثالث ,9,19,حاجك-012, عناصر الكترونية,0,4
المعاهد الصناعية الثانوية,دبلوم الثانوي الصناعي,التقنية الالكترونية,الإلكترونيات,برامج مفعله,51,101,الفصل التدريبي الثالث ,9,19,حاكر-012,أساسيات الكهرباء,0,4
المعاهد الصناعية الثانوية,دبلوم الثانوي الصناعي,التقنية الالكترونية,الإلكترونيات,برامج مفعله,51,101,الفصل التدريبي الثالث ,9,19,حاكر-013,أساسيات الإلكترونيات,0,4
المعاهد الصناعية الثانوية,دبلوم الثانوي الصناعي,التقنية الالكترونية,الإلكترونيات,برامج مفعله,51,101,الفصل التدريبي الثالث ,9,19,رياض-003,رياضيات (3),2,0
المعاهد الصناعية الثانوية,دبلوم الثانوي الصناعي,التقنية الالكترونية,الإلكترونيات,برامج مفعله,51,101,الفصل التدريبي الثالث ,9,19,ماهر-004,بحث ومصادر المعلومات,2,0
المعاهد الصناعية الثانوية,دبلوم الثانوي الصناعي,التقنية الالكترونية,الإلكترونيات,برامج مفعله,51,101,الفصل التدريبي الثالث ,9,19,مهني-003,الرسم الهندسي,0,4
المعاهد الصناعية الثانوية,دبلوم الثانوي الصناعي,التقنية الالكترونية,الإلكترونيات,برامج مفعله,51,101,الفصل التدريبي الثاني ,11,20,اسلك-001,سلوك مهني,2,0
المعاهد الصناعية الثانوية,دبلوم الثانوي الصناعي,التقنية الالكترونية,الإلكترونيات,برامج مفعله,51,101,الفصل التدريبي الثاني ,11,20,اسلم-002,ثقافة إسلامية-2,2,0
المعاهد الصناعية الثانوية,دبلوم الثانوي الصناعي,التقنية الالكترونية,الإلكترونيات,برامج مفعله,51,101,الفصل التدريبي الثاني ,11,20,انجل-002,لغة إنجليزية (2),4,0
المعاهد الصناعية الثانوية,دبلوم الثانوي الصناعي,التقنية الالكترونية,الإلكترونيات,برامج مفعله,51,101,الفصل التدريبي الثاني ,11,20,بدني-002,التربية البدنية-2,0,2
المعاهد الصناعية الثانوية,دبلوم الثانوي الصناعي,التقنية الالكترونية,الإلكترونيات,برامج مفعله,51,101,الفصل التدريبي الثاني ,11,20,حاسب-002,تطبيقات الحاسب الآلي,0,6
المعاهد الصناعية الثانوية,دبلوم الثانوي الصناعي,التقنية الالكترونية,الإلكترونيات,برامج مفعله,51,101,الفصل التدريبي الثاني ,11,20,رياض-002,رياضيات (2),2,0
المعاهد الصناعية الثانوية,دبلوم الثانوي الصناعي,التقنية الالكترونية,الإلكترونيات,برامج مفعله,51,101,الفصل التدريبي الثاني ,11,20,عربي-002,لغة عربية-2,2,0
المعاهد الصناعية الثانوية,دبلوم الثانوي الصناعي,التقنية الالكترونية,الإلكترونيات,برامج مفعله,51,101,الفصل التدريبي الثاني ,11,20,ماهر-002,مهارات التواصل والتعاون,2,0
المعاهد الصناعية الثانوية,دبلوم الثانوي الصناعي,التقنية الالكترونية,الإلكترونيات,برامج مفعله,51,101,الفصل التدريبي الثاني ,11,20,ماهر-003,التفكير الناقد والإبداعي,2,0
المعاهد الصناعية الثانوية,دبلوم الثانوي الصناعي,التقنية الالكترونية,الإلكترونيات,برامج مفعله,51,101,الفصل التدريبي الثاني ,11,20,مهني-001,ورش تأسيسية,0,6
المعاهد الصناعية الثانوية,دبلوم الثانوي الصناعي,التقنية الالكترونية,الإلكترونيات,برامج مفعله,51,101,الفصل التدريبي الخامس ,8,14,الكت-013,  عناصر الكترونية متقدمة,0,4
المعاهد الصناعية الثانوية,دبلوم الثانوي الصناعي,التقنية الالكترونية,الإلكترونيات,برامج مفعله,51,101,الفصل التدريبي الخامس ,8,14,الكت-022,ورشة الكترونية متقدمة,0,4
المعاهد الصناعية الثانوية,دبلوم الثانوي الصناعي,التقنية الالكترونية,الإلكترونيات,برامج مفعله,51,101,الفصل التدريبي الخامس ,8,14,الكت-032,محاكاة وتصميم الدوائر الالكترونية بالحاسب,0,4
المعاهد الصناعية الثانوية,دبلوم الثانوي الصناعي,التقنية الالكترونية,الإلكترونيات,برامج مفعله,51,101,الفصل التدريبي الخامس ,8,14,الكت-041,دوائر رقمية,0,4
المعاهد الصناعية الثانوية,دبلوم الثانوي الصناعي,التقنية الالكترونية,الإلكترونيات,برامج مفعله,51,101,الفصل التدريبي الخامس ,8,14,الكت-051,  المتحكمات الدقيقة,0,4
المعاهد الصناعية الثانوية,دبلوم الثانوي الصناعي,التقنية الالكترونية,الإلكترونيات,برامج مفعله,51,101,الفصل التدريبي الخامس ,8,14,الكت-061,دوائر الكترونية,0,4
المعاهد الصناعية الثانوية,دبلوم الثانوي الصناعي,التقنية الالكترونية,الإلكترونيات,برامج مفعله,51,101,الفصل التدريبي الخامس ,8,14,الكت-091,مشاريع إنتاجية,0,4
المعاهد الصناعية الثانوية,دبلوم الثانوي الصناعي,التقنية الالكترونية,الإلكترونيات,برامج مفعله,51,101,الفصل التدريبي الخامس ,8,14,نشاط-002,أنشطة مهنية 2,2,0
المعاهد الصناعية الثانوية,دبلوم الثانوي الصناعي,التقنية الالكترونية,الإلكترونيات,برامج مفعله,51,101,الفصل التدريبي الرابع ,8,14,الكت-011,عناصر كهربائية,0,4
المعاهد الصناعية الثانوية,دبلوم الثانوي الصناعي,التقنية الالكترونية,الإلكترونيات,برامج مفعله,51,101,الفصل التدريبي الرابع ,8,14,الكت-012,الكترونيات القوى,0,4
المعاهد الصناعية الثانوية,دبلوم الثانوي الصناعي,التقنية الالكترونية,الإلكترونيات,برامج مفعله,51,101,الفصل التدريبي الرابع ,8,14,الكت-021,ورشة الكترونية,0,4
المعاهد الصناعية الثانوية,دبلوم الثانوي الصناعي,التقنية الالكترونية,الإلكترونيات,برامج مفعله,51,101,الفصل التدريبي الرابع ,8,14,الكت-031,الرسم الفني,0,4
المعاهد الصناعية الثانوية,دبلوم الثانوي الصناعي,التقنية الالكترونية,الإلكترونيات,برامج مفعله,51,101,الفصل التدريبي الرابع ,8,14,الكت-042,دوائر تناظرية,0,4
المعاهد الصناعية الثانوية,دبلوم الثانوي الصناعي,التقنية الالكترونية,الإلكترونيات,برامج مفعله,51,101,الفصل التدريبي الرابع ,8,14,حاجك-013,الكترونيات منطقية,0,4
المعاهد الصناعية الثانوية,دبلوم الثانوي الصناعي,التقنية الالكترونية,الإلكترونيات,برامج مفعله,51,101,الفصل التدريبي الرابع ,8,14,مهني-004,مقدمة في ريادة الأعمال,1,2
المعاهد الصناعية الثانوية,دبلوم الثانوي الصناعي,التقنية الالكترونية,الإلكترونيات,برامج مفعله,51,101,الفصل التدريبي الرابع ,8,14,نشاط-001,أنشطة مهنية,2,0
المعاهد الصناعية الثانوية,دبلوم الثانوي الصناعي,التقنية الالكترونية,الإلكترونيات,برامج مفعله,51,101,الفصل التدريبي السادس ,7,13,الكت-023,ورشة الكترونية للعناصر السطحية SMD,0,4
المعاهد الصناعية الثانوية,دبلوم الثانوي الصناعي,التقنية الالكترونية,الإلكترونيات,برامج مفعله,51,101,الفصل التدريبي السادس ,7,13,الكت-024,ورشة صيانة الكترونية,0,4
المعاهد الصناعية الثانوية,دبلوم الثانوي الصناعي,التقنية الالكترونية,الإلكترونيات,برامج مفعله,51,101,الفصل التدريبي السادس ,7,13,الكت-025,ورشة صيانة اجهزة ذكية,0,4
المعاهد الصناعية الثانوية,دبلوم الثانوي الصناعي,التقنية الالكترونية,الإلكترونيات,برامج مفعله,51,101,الفصل التدريبي السادس ,7,13,الكت-052,المتحكمات الدقيقة متقدم,0,4
المعاهد الصناعية الثانوية,دبلوم الثانوي الصناعي,التقنية الالكترونية,الإلكترونيات,برامج مفعله,51,101,الفصل التدريبي السادس ,7,13,الكت-053,أساسيات برمجة الربوت,0,4
المعاهد الصناعية الثانوية,دبلوم الثانوي الصناعي,التقنية الالكترونية,الإلكترونيات,برامج مفعله,51,101,الفصل التدريبي السادس ,7,13,الكت-098,تدريب إنتاجي,0,6
المعاهد الصناعية الثانوية,دبلوم الثانوي الصناعي,التقنية الالكترونية,الإلكترونيات,برامج مفعله,51,101,الفصل التدريبي السادس ,7,13,نشاط-003,أنشطة مهنية - 3,4,0
المعاهد الصناعية الثانوية,دبلوم الثانوي الصناعي,تقنية الانتاج الإعلامي,التجليد,برامج مفعله,1,8,الفصل التدريبي الأول ,1,8,تجلد-085,تقنيات التجليد,0,16
المعاهد الصناعية الثانوية,دبلوم الثانوي الصناعي,تقنية الانتاج الإعلامي,التصميم و التجهيز الطباعي,برامج مفعله,1,8,الفصل التدريبي الأول ,1,8,تصمم-085,مهارات التصميم والإعداد,0,16
المعاهد الصناعية الثانوية,دبلوم الثانوي الصناعي,تقنية الانتاج الإعلامي,التصوير الضوئي - الفوتوغرافي,برامج مفعله,51,103,الفصل التدريبي الأول ,9,21,اسلم-001,ثقافة إسلامية-1,2,0
المعاهد الصناعية الثانوية,دبلوم الثانوي الصناعي,تقنية الانتاج الإعلامي,التصوير الضوئي - الفوتوغرافي,برامج مفعله,51,103,الفصل التدريبي الأول ,9,21,انجل-001,لغة إنجليزية (1),4,0
المعاهد الصناعية الثانوية,دبلوم الثانوي الصناعي,تقنية الانتاج الإعلامي,التصوير الضوئي - الفوتوغرافي,برامج مفعله,51,103,الفصل التدريبي الأول ,9,21,بدني-001,التربية البدنية-1,0,4
المعاهد الصناعية الثانوية,دبلوم الثانوي الصناعي,تقنية الانتاج الإعلامي,التصوير الضوئي - الفوتوغرافي,برامج مفعله,1,14,الفصل التدريبي الأول ,1,14,تصور-047,مهارات التصوير الضوئي,0,28
المعاهد الصناعية الثانوية,دبلوم الثانوي الصناعي,تقنية الانتاج الإعلامي,التصوير الضوئي - الفوتوغرافي,برامج مفعله,1,12,الفصل التدريبي الأول ,1,12,تصور-048,مهارات المونتاج الرقمي,0,24
المعاهد الصناعية الثانوية,دبلوم الثانوي الصناعي,تقنية الانتاج الإعلامي,التصوير الضوئي - الفوتوغرافي,برامج مفعله,1,8,الفصل التدريبي الأول ,1,8,تصور-049,مهارات التصوير الصحفي,0,16
المعاهد الصناعية الثانوية,دبلوم الثانوي الصناعي,تقنية الانتاج الإعلامي,التصوير الضوئي - الفوتوغرافي,برامج مفعله,1,10,الفصل التدريبي الأول ,1,10,تصور-056,مهارات التصوير الفوتوغرافي,0,20
المعاهد الصناعية الثانوية,دبلوم الثانوي الصناعي,تقنية الانتاج الإعلامي,التصوير الضوئي - الفوتوغرافي,برامج مفعله,1,10,الفصل التدريبي الأول ,1,10,تصور-085,مهارات التصوير التلفزيوني والس,0,20
المعاهد الصناعية الثانوية,دبلوم الثانوي الصناعي,تقنية الانتاج الإعلامي,التصوير الضوئي - الفوتوغرافي,برامج مفعله,51,103,الفصل التدريبي الأول ,9,21,حاسب-001,أساسيات الحاسب الآلي,0,6
المعاهد الصناعية الثانوية,دبلوم الثانوي الصناعي,تقنية الانتاج الإعلامي,التصوير الضوئي - الفوتوغرافي,برامج مفعله,51,103,الفصل التدريبي الأول ,9,21,رياض-001,رياضيات (1),2,0
المعاهد الصناعية الثانوية,دبلوم الثانوي الصناعي,تقنية الانتاج الإعلامي,التصوير الضوئي - الفوتوغرافي,برامج مفعله,51,103,الفصل التدريبي الأول ,9,21,عربي-001,لغة عربية-1,2,0
المعاهد الصناعية الثانوية,دبلوم الثانوي الصناعي,تقنية الانتاج الإعلامي,التصوير الضوئي - الفوتوغرافي,برامج مفعله,51,103,الفصل التدريبي الأول ,9,21,فيزي-001,فــيـزيـــــــاء,2,2
المعاهد الصناعية الثانوية,دبلوم الثانوي الصناعي,تقنية الانتاج الإعلامي,التصوير الضوئي - الفوتوغرافي,برامج مفعله,51,103,الفصل التدريبي الأول ,9,21,ماهر-001,مدخل الى مهارات القرن 21,2,0
المعاهد الصناعية الثانوية,دبلوم الثانوي الصناعي,تقنية الانتاج الإعلامي,التصوير الضوئي - الفوتوغرافي,برامج مفعله,51,103,الفصل التدريبي الأول ,9,21,مهني-002,السلامة والصحة المهنية,1,2
المعاهد الصناعية الثانوية,دبلوم الثانوي الصناعي,تقنية الانتاج الإعلامي,التصوير الضوئي - الفوتوغرافي,برامج مفعله,51,103,الفصل التدريبي الثالث ,9,19,اسلم-003,ثقافة إسلامية-3,2,0
المعاهد الصناعية الثانوية,دبلوم الثانوي الصناعي,تقنية الانتاج الإعلامي,التصوير الضوئي - الفوتوغرافي,برامج مفعله,51,103,الفصل التدريبي الثالث ,9,19,انجل-003,لغة إنجليزية (3),4,0
المعاهد الصناعية الثانوية,دبلوم الثانوي الصناعي,تقنية الانتاج الإعلامي,التصوير الضوئي - الفوتوغرافي,برامج مفعله,51,103,الفصل التدريبي الثالث ,9,19,تميد-011,اساسيات التصوير الفوتوغرافي,0,4
المعاهد الصناعية الثانوية,دبلوم الثانوي الصناعي,تقنية الانتاج الإعلامي,التصوير الضوئي - الفوتوغرافي,برامج مفعله,51,103,الفصل التدريبي الثالث ,9,19,تميد-012,اساسيات التصميم والتجهيزالطباع,0,4
المعاهد الصناعية الثانوية,دبلوم الثانوي الصناعي,تقنية الانتاج الإعلامي,التصوير الضوئي - الفوتوغرافي,برامج مفعله,51,103,الفصل التدريبي الثالث ,9,19,حاسب-011,تطبيقات مفتوحة المصدر,0,4
المعاهد الصناعية الثانوية,دبلوم الثانوي الصناعي,تقنية الانتاج الإعلامي,التصوير الضوئي - الفوتوغرافي,برامج مفعله,51,103,الفصل التدريبي الثالث ,9,19,حاسب-012,تقنيات الانترنت,0,4
المعاهد الصناعية الثانوية,دبلوم الثانوي الصناعي,تقنية الانتاج الإعلامي,التصوير الضوئي - الفوتوغرافي,برامج مفعله,51,103,الفصل التدريبي الثالث ,9,19,رياض-003,رياضيات (3),2,0
المعاهد الصناعية الثانوية,دبلوم الثانوي الصناعي,تقنية الانتاج الإعلامي,التصوير الضوئي - الفوتوغرافي,برامج مفعله,51,103,الفصل التدريبي الثالث ,9,19,ماهر-004,بحث ومصادر المعلومات,2,0
المعاهد الصناعية الثانوية,دبلوم الثانوي الصناعي,تقنية الانتاج الإعلامي,التصوير الضوئي - الفوتوغرافي,برامج مفعله,51,103,الفصل التدريبي الثالث ,9,19,مهني-003,الرسم الهندسي,0,4
المعاهد الصناعية الثانوية,دبلوم الثانوي الصناعي,تقنية الانتاج الإعلامي,التصوير الضوئي - الفوتوغرافي,برامج مفعله,51,103,الفصل التدريبي الثاني ,10,22,اسلك-001,سلوك مهني,2,0
المعاهد الصناعية الثانوية,دبلوم الثانوي الصناعي,تقنية الانتاج الإعلامي,التصوير الضوئي - الفوتوغرافي,برامج مفعله,51,103,الفصل التدريبي الثاني ,10,22,اسلم-002,ثقافة إسلامية-2,2,0
المعاهد الصناعية الثانوية,دبلوم الثانوي الصناعي,تقنية الانتاج الإعلامي,التصوير الضوئي - الفوتوغرافي,برامج مفعله,51,103,الفصل التدريبي الثاني ,10,22,انجل-002,لغة إنجليزية (2),4,0
المعاهد الصناعية الثانوية,دبلوم الثانوي الصناعي,تقنية الانتاج الإعلامي,التصوير الضوئي - الفوتوغرافي,برامج مفعله,51,103,الفصل التدريبي الثاني ,10,22,بدني-002,التربية البدنية-2,0,2
المعاهد الصناعية الثانوية,دبلوم الثانوي الصناعي,تقنية الانتاج الإعلامي,التصوير الضوئي - الفوتوغرافي,برامج مفعله,51,103,الفصل التدريبي الثاني ,10,22,حاسب-002,تطبيقات الحاسب الآلي,0,6
المعاهد الصناعية الثانوية,دبلوم الثانوي الصناعي,تقنية الانتاج الإعلامي,التصوير الضوئي - الفوتوغرافي,برامج مفعله,51,103,الفصل التدريبي الثاني ,10,22,رياض-002,رياضيات (2),2,0
المعاهد الصناعية الثانوية,دبلوم الثانوي الصناعي,تقنية الانتاج الإعلامي,التصوير الضوئي - الفوتوغرافي,برامج مفعله,51,103,الفصل التدريبي الثاني ,10,22,عربي-002,لغة عربية-2,2,0
المعاهد الصناعية الثانوية,دبلوم الثانوي الصناعي,تقنية الانتاج الإعلامي,التصوير الضوئي - الفوتوغرافي,برامج مفعله,51,103,الفصل التدريبي الثاني ,10,22,ماهر-002,مهارات التواصل والتعاون,2,0
المعاهد الصناعية الثانوية,دبلوم الثانوي الصناعي,تقنية الانتاج الإعلامي,التصوير الضوئي - الفوتوغرافي,برامج مفعله,51,103,الفصل التدريبي الثاني ,10,22,ماهر-003,التفكير الناقد والإبداعي,2,0
المعاهد الصناعية الثانوية,دبلوم الثانوي الصناعي,تقنية الانتاج الإعلامي,التصوير الضوئي - الفوتوغرافي,برامج مفعله,51,103,الفصل التدريبي الثاني ,10,22,مهني-001,ورش تأسيسية,0,6
المعاهد الصناعية الثانوية,دبلوم الثانوي الصناعي,تقنية الانتاج الإعلامي,التصوير الضوئي - الفوتوغرافي,برامج مفعله,51,103,الفصل التدريبي الخامس ,8,14,تصور-022,فن التكوين الفوتوغرافي,0,4
المعاهد الصناعية الثانوية,دبلوم الثانوي الصناعي,تقنية الانتاج الإعلامي,التصوير الضوئي - الفوتوغرافي,برامج مفعله,51,103,الفصل التدريبي الخامس ,8,14,تصور-032,فن الاضاءة  (2),0,4
المعاهد الصناعية الثانوية,دبلوم الثانوي الصناعي,تقنية الانتاج الإعلامي,التصوير الضوئي - الفوتوغرافي,برامج مفعله,51,103,الفصل التدريبي الخامس ,8,14,تصور-033,التصوير الصحفي,0,4
المعاهد الصناعية الثانوية,دبلوم الثانوي الصناعي,تقنية الانتاج الإعلامي,التصوير الضوئي - الفوتوغرافي,برامج مفعله,51,103,الفصل التدريبي الخامس ,8,14,تصور-034,تصوير الطبيعة والمدن,0,4
المعاهد الصناعية الثانوية,دبلوم الثانوي الصناعي,تقنية الانتاج الإعلامي,التصوير الضوئي - الفوتوغرافي,برامج مفعله,51,103,الفصل التدريبي الخامس ,8,14,تصور-051,مهارات التصوير التلفزيوني,0,4
المعاهد الصناعية الثانوية,دبلوم الثانوي الصناعي,تقنية الانتاج الإعلامي,التصوير الضوئي - الفوتوغرافي,برامج مفعله,51,103,الفصل التدريبي الخامس ,8,14,تصور-071,معالجة الصور,0,4
المعاهد الصناعية الثانوية,دبلوم الثانوي الصناعي,تقنية الانتاج الإعلامي,التصوير الضوئي - الفوتوغرافي,برامج مفعله,51,103,الفصل التدريبي الخامس ,8,14,تصور-091,مشاريع إنتاجية,0,4
المعاهد الصناعية الثانوية,دبلوم الثانوي الصناعي,تقنية الانتاج الإعلامي,التصوير الضوئي - الفوتوغرافي,برامج مفعله,51,103,الفصل التدريبي الخامس ,8,14,نشاط-002,أنشطة مهنية 2,2,0
المعاهد الصناعية الثانوية,دبلوم الثانوي الصناعي,تقنية الانتاج الإعلامي,التصوير الضوئي - الفوتوغرافي,برامج مفعله,51,103,الفصل التدريبي الرابع ,8,14,تصور-012,الكاميرا الفوتوغرافية,0,4
المعاهد الصناعية الثانوية,دبلوم الثانوي الصناعي,تقنية الانتاج الإعلامي,التصوير الضوئي - الفوتوغرافي,برامج مفعله,51,103,الفصل التدريبي الرابع ,8,14,تصور-021,التعريض وعمق الميدان,0,4
المعاهد الصناعية الثانوية,دبلوم الثانوي الصناعي,تقنية الانتاج الإعلامي,التصوير الضوئي - الفوتوغرافي,برامج مفعله,51,103,الفصل التدريبي الرابع ,8,14,تصور-031,فن الإضاءة (1),0,4
المعاهد الصناعية الثانوية,دبلوم الثانوي الصناعي,تقنية الانتاج الإعلامي,التصوير الضوئي - الفوتوغرافي,برامج مفعله,51,103,الفصل التدريبي الرابع ,8,14,تصور-041,أساسيات التصوير التليفزيوني والسينمائي,0,4
المعاهد الصناعية الثانوية,دبلوم الثانوي الصناعي,تقنية الانتاج الإعلامي,التصوير الضوئي - الفوتوغرافي,برامج مفعله,51,103,الفصل التدريبي الرابع ,8,14,تصور-070,مقدمة في معالجة الصور,0,4
المعاهد الصناعية الثانوية,دبلوم الثانوي الصناعي,تقنية الانتاج الإعلامي,التصوير الضوئي - الفوتوغرافي,برامج مفعله,51,103,الفصل التدريبي الرابع ,8,14,تميد-013,اساسيات الطباعة,0,4
المعاهد الصناعية الثانوية,دبلوم الثانوي الصناعي,تقنية الانتاج الإعلامي,التصوير الضوئي - الفوتوغرافي,برامج مفعله,51,103,الفصل التدريبي الرابع ,8,14,مهني-004,مقدمة في ريادة الأعمال,1,2
المعاهد الصناعية الثانوية,دبلوم الثانوي الصناعي,تقنية الانتاج الإعلامي,التصوير الضوئي - الفوتوغرافي,برامج مفعله,51,103,الفصل التدريبي الرابع ,8,14,نشاط-001,أنشطة مهنية,2,0
المعاهد الصناعية الثانوية,دبلوم الثانوي الصناعي,تقنية الانتاج الإعلامي,التصوير الضوئي - الفوتوغرافي,برامج مفعله,51,103,الفصل التدريبي السادس ,7,13,تصور-036,فن التصوير داخل الاستوديو,0,4
المعاهد الصناعية الثانوية,دبلوم الثانوي الصناعي,تقنية الانتاج الإعلامي,التصوير الضوئي - الفوتوغرافي,برامج مفعله,51,103,الفصل التدريبي السادس ,7,13,تصور-042,الكاميرا التليفزيونية والسينما,0,4
المعاهد الصناعية الثانوية,دبلوم الثانوي الصناعي,تقنية الانتاج الإعلامي,التصوير الضوئي - الفوتوغرافي,برامج مفعله,51,103,الفصل التدريبي السادس ,7,13,تصور-043,هندسة الصوت,0,4
المعاهد الصناعية الثانوية,دبلوم الثانوي الصناعي,تقنية الانتاج الإعلامي,التصوير الضوئي - الفوتوغرافي,برامج مفعله,51,103,الفصل التدريبي السادس ,7,13,تصور-052,المونتاج الرقمي,0,4
المعاهد الصناعية الثانوية,دبلوم الثانوي الصناعي,تقنية الانتاج الإعلامي,التصوير الضوئي - الفوتوغرافي,برامج مفعله,51,103,الفصل التدريبي السادس ,7,13,تصور-072,الجديد في عالم التصوير,0,4
المعاهد الصناعية الثانوية,دبلوم الثانوي الصناعي,تقنية الانتاج الإعلامي,التصوير الضوئي - الفوتوغرافي,برامج مفعله,51,103,الفصل التدريبي السادس ,7,13,تصور-098,تدريب إنتاجي,0,6
المعاهد الصناعية الثانوية,دبلوم الثانوي الصناعي,تقنية الانتاج الإعلامي,التصوير الضوئي - الفوتوغرافي,برامج مفعله,51,103,الفصل التدريبي السادس ,7,13,نشاط-003,أنشطة مهنية - 3,4,0
المعاهد الصناعية الثانوية,دبلوم الثانوي الصناعي,التقنية المدنية والمعمارية,التمديدات الصحية,برامج مفعله,51,101,الفصل التدريبي الأول ,9,21,اسلم-001,ثقافة إسلامية-1,2,0
المعاهد الصناعية الثانوية,دبلوم الثانوي الصناعي,التقنية المدنية والمعمارية,التمديدات الصحية,برامج مفعله,51,101,الفصل التدريبي الأول ,9,21,انجل-001,لغة إنجليزية (1),4,0
المعاهد الصناعية الثانوية,دبلوم الثانوي الصناعي,التقنية المدنية والمعمارية,التمديدات الصحية,برامج مفعله,51,101,الفصل التدريبي الأول ,9,21,بدني-001,التربية البدنية-1,0,4
المعاهد الصناعية الثانوية,دبلوم الثانوي الصناعي,التقنية المدنية والمعمارية,التمديدات الصحية,برامج مفعله,51,101,الفصل التدريبي الأول ,9,21,حاسب-001,أساسيات الحاسب الآلي,0,6
المعاهد الصناعية الثانوية,دبلوم الثانوي الصناعي,التقنية المدنية والمعمارية,التمديدات الصحية,برامج مفعله,51,101,الفصل التدريبي الأول ,9,21,رياض-001,رياضيات (1),2,0
المعاهد الصناعية الثانوية,دبلوم الثانوي الصناعي,التقنية المدنية والمعمارية,التمديدات الصحية,برامج مفعله,1,10,الفصل التدريبي الأول ,1,10,صحية-051,تركيبات التمديدات الصحية والكه,0,20
المعاهد الصناعية الثانوية,دبلوم الثانوي الصناعي,التقنية المدنية والمعمارية,التمديدات الصحية,برامج مفعله,1,10,الفصل التدريبي الأول ,1,10,صحية-052,تمديدات شبكات الري وتحلية المي,0,20
المعاهد الصناعية الثانوية,دبلوم الثانوي الصناعي,التقنية المدنية والمعمارية,التمديدات الصحية,برامج مفعله,1,10,الفصل التدريبي الأول ,1,10,صحية-059,صيانة شبكات التمديدات الصحية,0,20
المعاهد الصناعية الثانوية,دبلوم الثانوي الصناعي,التقنية المدنية والمعمارية,التمديدات الصحية,برامج مفعله,51,101,الفصل التدريبي الأول ,9,21,عربي-001,لغة عربية-1,2,0
المعاهد الصناعية الثانوية,دبلوم الثانوي الصناعي,التقنية المدنية والمعمارية,التمديدات الصحية,برامج مفعله,51,101,الفصل التدريبي الأول ,9,21,فيزي-001,فــيـزيـــــــاء,2,2
المعاهد الصناعية الثانوية,دبلوم الثانوي الصناعي,التقنية المدنية والمعمارية,التمديدات الصحية,برامج مفعله,51,101,الفصل التدريبي الأول ,9,21,ماهر-001,مدخل الى مهارات القرن 21,2,0
المعاهد الصناعية الثانوية,دبلوم الثانوي الصناعي,التقنية المدنية والمعمارية,التمديدات الصحية,برامج مفعله,51,101,الفصل التدريبي الأول ,9,21,مهني-002,السلامة والصحة المهنية,1,2
المعاهد الصناعية الثانوية,دبلوم الثانوي الصناعي,التقنية المدنية والمعمارية,التمديدات الصحية,برامج مفعله,51,101,الفصل التدريبي الثالث ,9,19,اسلم-003,ثقافة إسلامية-3,2,0
المعاهد الصناعية الثانوية,دبلوم الثانوي الصناعي,التقنية المدنية والمعمارية,التمديدات الصحية,برامج مفعله,51,101,الفصل التدريبي الثالث ,9,19,انجل-003,لغة إنجليزية (3),4,0
المعاهد الصناعية الثانوية,دبلوم الثانوي الصناعي,التقنية المدنية والمعمارية,التمديدات الصحية,برامج مفعله,51,101,الفصل التدريبي الثالث ,9,19,رياض-003,رياضيات (3),2,0
المعاهد الصناعية الثانوية,دبلوم الثانوي الصناعي,التقنية المدنية والمعمارية,التمديدات الصحية,برامج مفعله,51,101,الفصل التدريبي الثالث ,9,19,ماهر-004,بحث ومصادر المعلومات,2,0
المعاهد الصناعية الثانوية,دبلوم الثانوي الصناعي,التقنية المدنية والمعمارية,التمديدات الصحية,برامج مفعله,51,101,الفصل التدريبي الثالث ,9,19,مرسم-001,اساسيات المساحة,0,4
المعاهد الصناعية الثانوية,دبلوم الثانوي الصناعي,التقنية المدنية والمعمارية,التمديدات الصحية,برامج مفعله,51,101,الفصل التدريبي الثالث ,9,19,مرسم-002,أساسيات الإنشاءات,0,4
المعاهد الصناعية الثانوية,دبلوم الثانوي الصناعي,التقنية المدنية والمعمارية,التمديدات الصحية,برامج مفعله,51,101,الفصل التدريبي الثالث ,9,19,مرسم-003,رسم و قراءة المخططات,0,4
المعاهد الصناعية الثانوية,دبلوم الثانوي الصناعي,التقنية المدنية والمعمارية,التمديدات الصحية,برامج مفعله,51,101,الفصل التدريبي الثالث ,9,19,مرسم-004,اساسيات عقود التشييد,0,4
المعاهد الصناعية الثانوية,دبلوم الثانوي الصناعي,التقنية المدنية والمعمارية,التمديدات الصحية,برامج مفعله,51,101,الفصل التدريبي الثالث ,9,19,مهني-003,الرسم الهندسي,0,4
المعاهد الصناعية الثانوية,دبلوم الثانوي الصناعي,التقنية المدنية والمعمارية,التمديدات الصحية,برامج مفعله,51,101,الفصل التدريبي الثاني ,10,22,اسلك-001,سلوك مهني,2,0
المعاهد الصناعية الثانوية,دبلوم الثانوي الصناعي,التقنية المدنية والمعمارية,التمديدات الصحية,برامج مفعله,51,101,الفصل التدريبي الثاني ,10,22,اسلم-002,ثقافة إسلامية-2,2,0
المعاهد الصناعية الثانوية,دبلوم الثانوي الصناعي,التقنية المدنية والمعمارية,التمديدات الصحية,برامج مفعله,51,101,الفصل التدريبي الثاني ,10,22,انجل-002,لغة إنجليزية (2),4,0
المعاهد الصناعية الثانوية,دبلوم الثانوي الصناعي,التقنية المدنية والمعمارية,التمديدات الصحية,برامج مفعله,51,101,الفصل التدريبي الثاني ,10,22,بدني-002,التربية البدنية-2,0,2
المعاهد الصناعية الثانوية,دبلوم الثانوي الصناعي,التقنية المدنية والمعمارية,التمديدات الصحية,برامج مفعله,51,101,الفصل التدريبي الثاني ,10,22,حاسب-002,تطبيقات الحاسب الآلي,0,6
المعاهد الصناعية الثانوية,دبلوم الثانوي الصناعي,التقنية المدنية والمعمارية,التمديدات الصحية,برامج مفعله,51,101,الفصل التدريبي الثاني ,10,22,رياض-002,رياضيات (2),2,0
المعاهد الصناعية الثانوية,دبلوم الثانوي الصناعي,التقنية المدنية والمعمارية,التمديدات الصحية,برامج مفعله,51,101,الفصل التدريبي الثاني ,10,22,عربي-002,لغة عربية-2,2,0
المعاهد الصناعية الثانوية,دبلوم الثانوي الصناعي,التقنية المدنية والمعمارية,التمديدات الصحية,برامج مفعله,51,101,الفصل التدريبي الثاني ,10,22,ماهر-002,مهارات التواصل والتعاون,2,0
المعاهد الصناعية الثانوية,دبلوم الثانوي الصناعي,التقنية المدنية والمعمارية,التمديدات الصحية,برامج مفعله,51,101,الفصل التدريبي الثاني ,10,22,ماهر-003,التفكير الناقد والإبداعي,2,0
المعاهد الصناعية الثانوية,دبلوم الثانوي الصناعي,التقنية المدنية والمعمارية,التمديدات الصحية,برامج مفعله,51,101,الفصل التدريبي الثاني ,10,22,مهني-001,ورش تأسيسية,0,6
المعاهد الصناعية الثانوية,دبلوم الثانوي الصناعي,التقنية المدنية والمعمارية,التمديدات الصحية,برامج مفعله,51,101,الفصل التدريبي الخامس ,8,14,صحية-011,اساسيات التمديدات الصحية,0,4
المعاهد الصناعية الثانوية,دبلوم الثانوي الصناعي,التقنية المدنية والمعمارية,التمديدات الصحية,برامج مفعله,51,101,الفصل التدريبي الخامس ,8,14,صحية-012,تكنولوجيا التمديدات الصحية ( 1,0,4
المعاهد الصناعية الثانوية,دبلوم الثانوي الصناعي,التقنية المدنية والمعمارية,التمديدات الصحية,برامج مفعله,51,101,الفصل التدريبي الخامس ,8,14,صحية-022,شبكات الخزانات والمضخات,0,4
المعاهد الصناعية الثانوية,دبلوم الثانوي الصناعي,التقنية المدنية والمعمارية,التمديدات الصحية,برامج مفعله,51,101,الفصل التدريبي الخامس ,8,14,صحية-023,شبكات الغاز والري,0,4
المعاهد الصناعية الثانوية,دبلوم الثانوي الصناعي,التقنية المدنية والمعمارية,التمديدات الصحية,برامج مفعله,51,101,الفصل التدريبي الخامس ,8,14,صحية-024,شبكات الصرف الصحي,0,4
المعاهد الصناعية الثانوية,دبلوم الثانوي الصناعي,التقنية المدنية والمعمارية,التمديدات الصحية,برامج مفعله,51,101,الفصل التدريبي الخامس ,8,14,صحية-031,التصاميم الصحية,0,4
المعاهد الصناعية الثانوية,دبلوم الثانوي الصناعي,التقنية المدنية والمعمارية,التمديدات الصحية,برامج مفعله,51,101,الفصل التدريبي الخامس ,8,14,صحية-091,مشاريع إنتاجية,0,4
المعاهد الصناعية الثانوية,دبلوم الثانوي الصناعي,التقنية المدنية والمعمارية,التمديدات الصحية,برامج مفعله,51,101,الفصل التدريبي الخامس ,8,14,نشاط-002,أنشطة مهنية 2,2,0
المعاهد الصناعية الثانوية,دبلوم الثانوي الصناعي,التقنية المدنية والمعمارية,التمديدات الصحية,برامج مفعله,51,101,الفصل التدريبي الرابع ,8,14,حاكر-016,اختبار المواد,0,4
المعاهد الصناعية الثانوية,دبلوم الثانوي الصناعي,التقنية المدنية والمعمارية,التمديدات الصحية,برامج مفعله,51,101,الفصل التدريبي الرابع ,8,14,صحية-021,شبكات التغذية,0,4
المعاهد الصناعية الثانوية,دبلوم الثانوي الصناعي,التقنية المدنية والمعمارية,التمديدات الصحية,برامج مفعله,51,101,الفصل التدريبي الرابع ,8,14,مدرع-001,نمذجة معلومات المباني,0,4
المعاهد الصناعية الثانوية,دبلوم الثانوي الصناعي,التقنية المدنية والمعمارية,التمديدات الصحية,برامج مفعله,51,101,الفصل التدريبي الرابع ,8,14,مدرع-002,ورشة شدات وحديد تسليح1,0,4
المعاهد الصناعية الثانوية,دبلوم الثانوي الصناعي,التقنية المدنية والمعمارية,التمديدات الصحية,برامج مفعله,51,101,الفصل التدريبي الرابع ,8,14,مدرع-003,تركيبات صحية وكهربائية,0,4
المعاهد الصناعية الثانوية,دبلوم الثانوي الصناعي,التقنية المدنية والمعمارية,التمديدات الصحية,برامج مفعله,51,101,الفصل التدريبي الرابع ,8,14,مدرع-004,جداول الكميات,0,4
المعاهد الصناعية الثانوية,دبلوم الثانوي الصناعي,التقنية المدنية والمعمارية,التمديدات الصحية,برامج مفعله,51,101,الفصل التدريبي الرابع ,8,14,مهني-004,مقدمة في ريادة الأعمال,1,2
المعاهد الصناعية الثانوية,دبلوم الثانوي الصناعي,التقنية المدنية والمعمارية,التمديدات الصحية,برامج مفعله,51,101,الفصل التدريبي الرابع ,8,14,نشاط-001,أنشطة مهنية,2,0
المعاهد الصناعية الثانوية,دبلوم الثانوي الصناعي,التقنية المدنية والمعمارية,التمديدات الصحية,برامج مفعله,51,101,الفصل التدريبي السادس ,7,13,صحية-013,تكنولوجيا التمديدات الصحية ( 2,0,4
المعاهد الصناعية الثانوية,دبلوم الثانوي الصناعي,التقنية المدنية والمعمارية,التمديدات الصحية,برامج مفعله,51,101,الفصل التدريبي السادس ,7,13,صحية-032,الصيانة الوقائية,0,4
المعاهد الصناعية الثانوية,دبلوم الثانوي الصناعي,التقنية المدنية والمعمارية,التمديدات الصحية,برامج مفعله,51,101,الفصل التدريبي السادس ,7,13,صحية-041,الاجهزة الصحية,0,4
المعاهد الصناعية الثانوية,دبلوم الثانوي الصناعي,التقنية المدنية والمعمارية,التمديدات الصحية,برامج مفعله,51,101,الفصل التدريبي السادس ,7,13,صحية-042,أجهزة تحلية المياة,0,4
المعاهد الصناعية الثانوية,دبلوم الثانوي الصناعي,التقنية المدنية والمعمارية,التمديدات الصحية,برامج مفعله,51,101,الفصل التدريبي السادس ,7,13,صحية-043,المسابح والنوافير,0,4
المعاهد الصناعية الثانوية,دبلوم الثانوي الصناعي,التقنية المدنية والمعمارية,التمديدات الصحية,برامج مفعله,51,101,الفصل التدريبي السادس ,7,13,صحية-098,تدريب إنتاجي,0,6
المعاهد الصناعية الثانوية,دبلوم الثانوي الصناعي,التقنية المدنية والمعمارية,التمديدات الصحية,برامج مفعله,51,101,الفصل التدريبي السادس ,7,13,نشاط-003,أنشطة مهنية - 3,4,0
المعاهد الصناعية الثانوية,دبلوم الثانوي الصناعي,الحاسب وتقنية المعلومات,الحاسب الآلي,برامج مفعله,51,103,الفصل التدريبي الأول ,9,21,اسلم-001,ثقافة إسلامية-1,2,0
المعاهد الصناعية الثانوية,دبلوم الثانوي الصناعي,الحاسب وتقنية المعلومات,الحاسب الآلي,برامج مفعله,51,103,الفصل التدريبي الأول ,9,21,انجل-001,لغة إنجليزية (1),4,0
المعاهد الصناعية الثانوية,دبلوم الثانوي الصناعي,الحاسب وتقنية المعلومات,الحاسب الآلي,برامج مفعله,51,103,الفصل التدريبي الأول ,9,21,بدني-001,التربية البدنية-1,0,4
المعاهد الصناعية الثانوية,دبلوم الثانوي الصناعي,الحاسب وتقنية المعلومات,الحاسب الآلي,برامج مفعله,51,103,الفصل التدريبي الأول ,9,21,حاسب-001,أساسيات الحاسب الآلي,0,6
المعاهد الصناعية الثانوية,دبلوم الثانوي الصناعي,الحاسب وتقنية المعلومات,الحاسب الآلي,برامج مفعله,1,10,الفصل التدريبي الأول ,1,10,حاسب-081,إدخال البيانات ومعالجة النصوص,0,20
المعاهد الصناعية الثانوية,دبلوم الثانوي الصناعي,الحاسب وتقنية المعلومات,الحاسب الآلي,برامج مفعله,1,10,الفصل التدريبي الأول ,1,10,حاسب-083,صيانة مكونات الحاسب الآلي وطرفياته,0,20
المعاهد الصناعية الثانوية,دبلوم الثانوي الصناعي,الحاسب وتقنية المعلومات,الحاسب الآلي,برامج مفعله,1,10,الفصل التدريبي الأول ,1,10,حاسب-084,تركيب وتمديد كابلات الشبكات للحاسب الآلي,0,20
المعاهد الصناعية الثانوية,دبلوم الثانوي الصناعي,الحاسب وتقنية المعلومات,الحاسب الآلي,برامج مفعله,51,103,الفصل التدريبي الأول ,9,21,رياض-001,رياضيات (1),2,0
المعاهد الصناعية الثانوية,دبلوم الثانوي الصناعي,الحاسب وتقنية المعلومات,الحاسب الآلي,برامج مفعله,51,103,الفصل التدريبي الأول ,9,21,عربي-001,لغة عربية-1,2,0
المعاهد الصناعية الثانوية,دبلوم الثانوي الصناعي,الحاسب وتقنية المعلومات,الحاسب الآلي,برامج مفعله,51,103,الفصل التدريبي الأول ,9,21,فيزي-001,فــيـزيـــــــاء,2,2
المعاهد الصناعية الثانوية,دبلوم الثانوي الصناعي,الحاسب وتقنية المعلومات,الحاسب الآلي,برامج مفعله,51,103,الفصل التدريبي الأول ,9,21,ماهر-001,مدخل الى مهارات القرن 21,2,0
المعاهد الصناعية الثانوية,دبلوم الثانوي الصناعي,الحاسب وتقنية المعلومات,الحاسب الآلي,برامج مفعله,51,103,الفصل التدريبي الأول ,9,21,مهني-002,السلامة والصحة المهنية,1,2
المعاهد الصناعية الثانوية,دبلوم الثانوي الصناعي,الحاسب وتقنية المعلومات,الحاسب الآلي,برامج مفعله,51,103,الفصل التدريبي الثالث ,9,19,اسلم-003,ثقافة إسلامية-3,2,0
المعاهد الصناعية الثانوية,دبلوم الثانوي الصناعي,الحاسب وتقنية المعلومات,الحاسب الآلي,برامج مفعله,51,103,الفصل التدريبي الثالث ,9,19,الكت-010,أجهزة وقياس,0,4
المعاهد الصناعية الثانوية,دبلوم الثانوي الصناعي,الحاسب وتقنية المعلومات,الحاسب الآلي,برامج مفعله,51,103,الفصل التدريبي الثالث ,9,19,انجل-003,لغة إنجليزية (3),4,0
المعاهد الصناعية الثانوية,دبلوم الثانوي الصناعي,الحاسب وتقنية المعلومات,الحاسب الآلي,برامج مفعله,51,103,الفصل التدريبي الثالث ,9,19,حاسب-011,تطبيقات مفتوحة المصدر,0,4
المعاهد الصناعية الثانوية,دبلوم الثانوي الصناعي,الحاسب وتقنية المعلومات,الحاسب الآلي,برامج مفعله,51,103,الفصل التدريبي الثالث ,9,19,حاكر-012,أساسيات الكهرباء,0,4
المعاهد الصناعية الثانوية,دبلوم الثانوي الصناعي,الحاسب وتقنية المعلومات,الحاسب الآلي,برامج مفعله,51,103,الفصل التدريبي الثالث ,9,19,حاكر-013,أساسيات الإلكترونيات,0,4
المعاهد الصناعية الثانوية,دبلوم الثانوي الصناعي,الحاسب وتقنية المعلومات,الحاسب الآلي,برامج مفعله,51,103,الفصل التدريبي الثالث ,9,19,رياض-003,رياضيات (3),2,0
المعاهد الصناعية الثانوية,دبلوم الثانوي الصناعي,الحاسب وتقنية المعلومات,الحاسب الآلي,برامج مفعله,51,103,الفصل التدريبي الثالث ,9,19,ماهر-004,بحث ومصادر المعلومات,2,0
المعاهد الصناعية الثانوية,دبلوم الثانوي الصناعي,الحاسب وتقنية المعلومات,الحاسب الآلي,برامج مفعله,51,103,الفصل التدريبي الثالث ,9,19,مهني-003,الرسم الهندسي,0,4
المعاهد الصناعية الثانوية,دبلوم الثانوي الصناعي,الحاسب وتقنية المعلومات,الحاسب الآلي,برامج مفعله,51,103,الفصل التدريبي الثاني ,10,22,اسلك-001,سلوك مهني,2,0
المعاهد الصناعية الثانوية,دبلوم الثانوي الصناعي,الحاسب وتقنية المعلومات,الحاسب الآلي,برامج مفعله,51,103,الفصل التدريبي الثاني ,10,22,اسلم-002,ثقافة إسلامية-2,2,0
المعاهد الصناعية الثانوية,دبلوم الثانوي الصناعي,الحاسب وتقنية المعلومات,الحاسب الآلي,برامج مفعله,51,103,الفصل التدريبي الثاني ,10,22,انجل-002,لغة إنجليزية (2),4,0
المعاهد الصناعية الثانوية,دبلوم الثانوي الصناعي,الحاسب وتقنية المعلومات,الحاسب الآلي,برامج مفعله,51,103,الفصل التدريبي الثاني ,10,22,بدني-002,التربية البدنية-2,0,2
المعاهد الصناعية الثانوية,دبلوم الثانوي الصناعي,الحاسب وتقنية المعلومات,الحاسب الآلي,برامج مفعله,51,103,الفصل التدريبي الثاني ,10,22,حاسب-002,تطبيقات الحاسب الآلي,0,6
المعاهد الصناعية الثانوية,دبلوم الثانوي الصناعي,الحاسب وتقنية المعلومات,الحاسب الآلي,برامج مفعله,51,103,الفصل التدريبي الثاني ,10,22,رياض-002,رياضيات (2),2,0
المعاهد الصناعية الثانوية,دبلوم الثانوي الصناعي,الحاسب وتقنية المعلومات,الحاسب الآلي,برامج مفعله,51,103,الفصل التدريبي الثاني ,10,22,عربي-002,لغة عربية-2,2,0
المعاهد الصناعية الثانوية,دبلوم الثانوي الصناعي,الحاسب وتقنية المعلومات,الحاسب الآلي,برامج مفعله,51,103,الفصل التدريبي الثاني ,10,22,ماهر-002,مهارات التواصل والتعاون,2,0
المعاهد الصناعية الثانوية,دبلوم الثانوي الصناعي,الحاسب وتقنية المعلومات,الحاسب الآلي,برامج مفعله,51,103,الفصل التدريبي الثاني ,10,22,ماهر-003,التفكير الناقد والإبداعي,2,0
المعاهد الصناعية الثانوية,دبلوم الثانوي الصناعي,الحاسب وتقنية المعلومات,الحاسب الآلي,برامج مفعله,51,103,الفصل التدريبي الثاني ,10,22,مهني-001,ورش تأسيسية,0,6
المعاهد الصناعية الثانوية,دبلوم الثانوي الصناعي,الحاسب وتقنية المعلومات,الحاسب الآلي,برامج مفعله,51,103,الفصل التدريبي الخامس ,8,14,حاسب-022,مكونات الحاسب-2,0,4
المعاهد الصناعية الثانوية,دبلوم الثانوي الصناعي,الحاسب وتقنية المعلومات,الحاسب الآلي,برامج مفعله,51,103,الفصل التدريبي الخامس ,8,14,حاسب-023,صيانة الأجهزة الكفية,0,4
المعاهد الصناعية الثانوية,دبلوم الثانوي الصناعي,الحاسب وتقنية المعلومات,الحاسب الآلي,برامج مفعله,51,103,الفصل التدريبي الخامس ,8,14,حاسب-032,لغة برمجة-2,0,4
المعاهد الصناعية الثانوية,دبلوم الثانوي الصناعي,الحاسب وتقنية المعلومات,الحاسب الآلي,برامج مفعله,51,103,الفصل التدريبي الخامس ,8,14,حاسب-043,تمديد الكيابل النحاسية,0,4
المعاهد الصناعية الثانوية,دبلوم الثانوي الصناعي,الحاسب وتقنية المعلومات,الحاسب الآلي,برامج مفعله,51,103,الفصل التدريبي الخامس ,8,14,حاسب-044,شبكات الحاسب,0,4
المعاهد الصناعية الثانوية,دبلوم الثانوي الصناعي,الحاسب وتقنية المعلومات,الحاسب الآلي,برامج مفعله,51,103,الفصل التدريبي الخامس ,8,14,حاسب-052,نظام تشغيل الشبكة-1,0,4
المعاهد الصناعية الثانوية,دبلوم الثانوي الصناعي,الحاسب وتقنية المعلومات,الحاسب الآلي,برامج مفعله,51,103,الفصل التدريبي الخامس ,8,14,حاسب-091,مشاريع إنتاجية,0,4
المعاهد الصناعية الثانوية,دبلوم الثانوي الصناعي,الحاسب وتقنية المعلومات,الحاسب الآلي,برامج مفعله,51,103,الفصل التدريبي الخامس ,8,14,نشاط-002,أنشطة مهنية 2,2,0
المعاهد الصناعية الثانوية,دبلوم الثانوي الصناعي,الحاسب وتقنية المعلومات,الحاسب الآلي,برامج مفعله,51,103,الفصل التدريبي الرابع ,8,14,حاسب-012,تقنيات الانترنت,0,4
المعاهد الصناعية الثانوية,دبلوم الثانوي الصناعي,الحاسب وتقنية المعلومات,الحاسب الآلي,برامج مفعله,51,103,الفصل التدريبي الرابع ,8,14,حاسب-021,مكونات الحاسب-1,0,4
المعاهد الصناعية الثانوية,دبلوم الثانوي الصناعي,الحاسب وتقنية المعلومات,الحاسب الآلي,برامج مفعله,51,103,الفصل التدريبي الرابع ,8,14,حاسب-031,لغة برمجة-1,0,4
المعاهد الصناعية الثانوية,دبلوم الثانوي الصناعي,الحاسب وتقنية المعلومات,الحاسب الآلي,برامج مفعله,51,103,الفصل التدريبي الرابع ,8,14,حاسب-041,أساسيات الشبكات,0,4
المعاهد الصناعية الثانوية,دبلوم الثانوي الصناعي,الحاسب وتقنية المعلومات,الحاسب الآلي,برامج مفعله,51,103,الفصل التدريبي الرابع ,8,14,حاسب-042,رسم الشبكات بالحاسب,0,4
المعاهد الصناعية الثانوية,دبلوم الثانوي الصناعي,الحاسب وتقنية المعلومات,الحاسب الآلي,برامج مفعله,51,103,الفصل التدريبي الرابع ,8,14,حاسب-051,أساسيات نظام لينكس,0,4
المعاهد الصناعية الثانوية,دبلوم الثانوي الصناعي,الحاسب وتقنية المعلومات,الحاسب الآلي,برامج مفعله,51,103,الفصل التدريبي الرابع ,8,14,مهني-004,مقدمة في ريادة الأعمال,1,2
المعاهد الصناعية الثانوية,دبلوم الثانوي الصناعي,الحاسب وتقنية المعلومات,الحاسب الآلي,برامج مفعله,51,103,الفصل التدريبي الرابع ,8,14,نشاط-001,أنشطة مهنية,2,0
المعاهد الصناعية الثانوية,دبلوم الثانوي الصناعي,الحاسب وتقنية المعلومات,الحاسب الآلي,برامج مفعله,51,103,الفصل التدريبي السادس ,7,13,حاسب-013,مبادئ قواعد البيانات,0,4
المعاهد الصناعية الثانوية,دبلوم الثانوي الصناعي,الحاسب وتقنية المعلومات,الحاسب الآلي,برامج مفعله,51,103,الفصل التدريبي السادس ,7,13,حاسب-024,طرفيات الحاسب,0,4
المعاهد الصناعية الثانوية,دبلوم الثانوي الصناعي,الحاسب وتقنية المعلومات,الحاسب الآلي,برامج مفعله,51,103,الفصل التدريبي السادس ,7,13,حاسب-025,مهارات صيانة الحاسب,0,4
المعاهد الصناعية الثانوية,دبلوم الثانوي الصناعي,الحاسب وتقنية المعلومات,الحاسب الآلي,برامج مفعله,51,103,الفصل التدريبي السادس ,7,13,حاسب-045,تمديد كيابل الالياف الضوئية,0,4
المعاهد الصناعية الثانوية,دبلوم الثانوي الصناعي,الحاسب وتقنية المعلومات,الحاسب الآلي,برامج مفعله,51,103,الفصل التدريبي السادس ,7,13,حاسب-053,نظام تشغيل الشبكة-2,0,4
المعاهد الصناعية الثانوية,دبلوم الثانوي الصناعي,الحاسب وتقنية المعلومات,الحاسب الآلي,برامج مفعله,51,103,الفصل التدريبي السادس ,7,13,حاسب-098,تدريب إنتاجي,0,6
المعاهد الصناعية الثانوية,دبلوم الثانوي الصناعي,الحاسب وتقنية المعلومات,الحاسب الآلي,برامج مفعله,51,103,الفصل التدريبي السادس ,7,13,نشاط-003,أنشطة مهنية - 3,4,0
المعاهد الصناعية الثانوية,دبلوم الثانوي الصناعي,تقنية التزيين والتجميل,الحلاقة والتجميل,برامج مفعله,51,103,الفصل التدريبي الأول ,9,21,اسلم-001,ثقافة إسلامية-1,2,0
المعاهد الصناعية الثانوية,دبلوم الثانوي الصناعي,تقنية التزيين والتجميل,الحلاقة والتجميل,برامج مفعله,51,103,الفصل التدريبي الأول ,9,21,انجل-001,لغة إنجليزية (1),4,0
المعاهد الصناعية الثانوية,دبلوم الثانوي الصناعي,تقنية التزيين والتجميل,الحلاقة والتجميل,برامج مفعله,51,103,الفصل التدريبي الأول ,9,21,بدني-001,التربية البدنية-1,0,4
المعاهد الصناعية الثانوية,دبلوم الثانوي الصناعي,تقنية التزيين والتجميل,الحلاقة والتجميل,برامج مفعله,51,103,الفصل التدريبي الأول ,9,21,حاسب-001,أساسيات الحاسب الآلي,0,6
المعاهد الصناعية الثانوية,دبلوم الثانوي الصناعي,تقنية التزيين والتجميل,الحلاقة والتجميل,برامج مفعله,1,10,الفصل التدريبي الأول ,1,10,حلاق-085,مهارات حلاقة الشعر والعناية ال,0,20
المعاهد الصناعية الثانوية,دبلوم الثانوي الصناعي,تقنية التزيين والتجميل,الحلاقة والتجميل,برامج مفعله,51,103,الفصل التدريبي الأول ,9,21,رياض-001,رياضيات (1),2,0
المعاهد الصناعية الثانوية,دبلوم الثانوي الصناعي,تقنية التزيين والتجميل,الحلاقة والتجميل,برامج مفعله,51,103,الفصل التدريبي الأول ,9,21,عربي-001,لغة عربية-1,2,0
المعاهد الصناعية الثانوية,دبلوم الثانوي الصناعي,تقنية التزيين والتجميل,الحلاقة والتجميل,برامج مفعله,51,103,الفصل التدريبي الأول ,9,21,فيزي-001,فــيـزيـــــــاء,2,2
المعاهد الصناعية الثانوية,دبلوم الثانوي الصناعي,تقنية التزيين والتجميل,الحلاقة والتجميل,برامج مفعله,51,103,الفصل التدريبي الأول ,9,21,ماهر-001,مدخل الى مهارات القرن 21,2,0
المعاهد الصناعية الثانوية,دبلوم الثانوي الصناعي,تقنية التزيين والتجميل,الحلاقة والتجميل,برامج مفعله,51,103,الفصل التدريبي الأول ,9,21,مهني-002,السلامة والصحة المهنية,1,2
المعاهد الصناعية الثانوية,دبلوم الثانوي الصناعي,تقنية التزيين والتجميل,الحلاقة والتجميل,برامج مفعله,51,103,الفصل التدريبي الثالث ,9,19,اسلم-003,ثقافة إسلامية-3,2,0
المعاهد الصناعية الثانوية,دبلوم الثانوي الصناعي,تقنية التزيين والتجميل,الحلاقة والتجميل,برامج مفعله,51,103,الفصل التدريبي الثالث ,9,19,انجل-003,لغة إنجليزية (3),4,0
المعاهد الصناعية الثانوية,دبلوم الثانوي الصناعي,تقنية التزيين والتجميل,الحلاقة والتجميل,برامج مفعله,51,103,الفصل التدريبي الثالث ,9,19,حائك-003,خدمة العملاء,0,4
المعاهد الصناعية الثانوية,دبلوم الثانوي الصناعي,تقنية التزيين والتجميل,الحلاقة والتجميل,برامج مفعله,51,103,الفصل التدريبي الثالث ,9,19,حائك-007,إدارة المعارض,0,4
المعاهد الصناعية الثانوية,دبلوم الثانوي الصناعي,تقنية التزيين والتجميل,الحلاقة والتجميل,برامج مفعله,51,103,الفصل التدريبي الثالث ,9,19,حلاق-001,مدخل علم الاحياء التطبيقي,0,4
المعاهد الصناعية الثانوية,دبلوم الثانوي الصناعي,تقنية التزيين والتجميل,الحلاقة والتجميل,برامج مفعله,51,103,الفصل التدريبي الثالث ,9,19,حلاق-021,مقدمة في الحلاقة,0,4
المعاهد الصناعية الثانوية,دبلوم الثانوي الصناعي,تقنية التزيين والتجميل,الحلاقة والتجميل,برامج مفعله,51,103,الفصل التدريبي الثالث ,9,19,رياض-003,رياضيات (3),2,0
المعاهد الصناعية الثانوية,دبلوم الثانوي الصناعي,تقنية التزيين والتجميل,الحلاقة والتجميل,برامج مفعله,51,103,الفصل التدريبي الثالث ,9,19,ماهر-004,بحث ومصادر المعلومات,2,0
المعاهد الصناعية الثانوية,دبلوم الثانوي الصناعي,تقنية التزيين والتجميل,الحلاقة والتجميل,برامج مفعله,51,103,الفصل التدريبي الثالث ,9,19,مهني-003,الرسم الهندسي,0,4
المعاهد الصناعية الثانوية,دبلوم الثانوي الصناعي,تقنية التزيين والتجميل,الحلاقة والتجميل,برامج مفعله,51,103,الفصل التدريبي الثاني ,10,22,اسلك-001,سلوك مهني,2,0
المعاهد الصناعية الثانوية,دبلوم الثانوي الصناعي,تقنية التزيين والتجميل,الحلاقة والتجميل,برامج مفعله,51,103,الفصل التدريبي الثاني ,10,22,اسلم-002,ثقافة إسلامية-2,2,0
المعاهد الصناعية الثانوية,دبلوم الثانوي الصناعي,تقنية التزيين والتجميل,الحلاقة والتجميل,برامج مفعله,51,103,الفصل التدريبي الثاني ,10,22,انجل-002,لغة إنجليزية (2),4,0
المعاهد الصناعية الثانوية,دبلوم الثانوي الصناعي,تقنية التزيين والتجميل,الحلاقة والتجميل,برامج مفعله,51,103,الفصل التدريبي الثاني ,10,22,بدني-002,التربية البدنية-2,0,2
المعاهد الصناعية الثانوية,دبلوم الثانوي الصناعي,تقنية التزيين والتجميل,الحلاقة والتجميل,برامج مفعله,51,103,الفصل التدريبي الثاني ,10,22,حاسب-002,تطبيقات الحاسب الآلي,0,6
المعاهد الصناعية الثانوية,دبلوم الثانوي الصناعي,تقنية التزيين والتجميل,الحلاقة والتجميل,برامج مفعله,51,103,الفصل التدريبي الثاني ,10,22,رياض-002,رياضيات (2),2,0
المعاهد الصناعية الثانوية,دبلوم الثانوي الصناعي,تقنية التزيين والتجميل,الحلاقة والتجميل,برامج مفعله,51,103,الفصل التدريبي الثاني ,10,22,عربي-002,لغة عربية-2,2,0
المعاهد الصناعية الثانوية,دبلوم الثانوي الصناعي,تقنية التزيين والتجميل,الحلاقة والتجميل,برامج مفعله,51,103,الفصل التدريبي الثاني ,10,22,ماهر-002,مهارات التواصل والتعاون,2,0
المعاهد الصناعية الثانوية,دبلوم الثانوي الصناعي,تقنية التزيين والتجميل,الحلاقة والتجميل,برامج مفعله,51,103,الفصل التدريبي الثاني ,10,22,ماهر-003,التفكير الناقد والإبداعي,2,0
المعاهد الصناعية الثانوية,دبلوم الثانوي الصناعي,تقنية التزيين والتجميل,الحلاقة والتجميل,برامج مفعله,51,103,الفصل التدريبي الثاني ,10,22,مهني-001,ورش تأسيسية,0,6
المعاهد الصناعية الثانوية,دبلوم الثانوي الصناعي,تقنية التزيين والتجميل,الحلاقة والتجميل,برامج مفعله,51,103,الفصل التدريبي الخامس ,8,14,حلاق-042,مهارت حلاقة الشعر بالموس,0,4
المعاهد الصناعية الثانوية,دبلوم الثانوي الصناعي,تقنية التزيين والتجميل,الحلاقة والتجميل,برامج مفعله,51,103,الفصل التدريبي الخامس ,8,14,حلاق-043,مهارت حلاقة الشعر بالماكينه,0,4
المعاهد الصناعية الثانوية,دبلوم الثانوي الصناعي,تقنية التزيين والتجميل,الحلاقة والتجميل,برامج مفعله,51,103,الفصل التدريبي الخامس ,8,14,حلاق-051,مهارات تصفيف الشعر,0,4
المعاهد الصناعية الثانوية,دبلوم الثانوي الصناعي,تقنية التزيين والتجميل,الحلاقة والتجميل,برامج مفعله,51,103,الفصل التدريبي الخامس ,8,14,حلاق-052,مهارات فرد و تجعيد الشعر,0,4
المعاهد الصناعية الثانوية,دبلوم الثانوي الصناعي,تقنية التزيين والتجميل,الحلاقة والتجميل,برامج مفعله,51,103,الفصل التدريبي الخامس ,8,14,حلاق-061,مهارت صبغ وتلوين الشعر,0,4
المعاهد الصناعية الثانوية,دبلوم الثانوي الصناعي,تقنية التزيين والتجميل,الحلاقة والتجميل,برامج مفعله,51,103,الفصل التدريبي الخامس ,8,14,حلاق-081,تنظيف البشرة,0,4
المعاهد الصناعية الثانوية,دبلوم الثانوي الصناعي,تقنية التزيين والتجميل,الحلاقة والتجميل,برامج مفعله,51,103,الفصل التدريبي الخامس ,8,14,حلاق-091,مشاريع إنتاجية,0,4
المعاهد الصناعية الثانوية,دبلوم الثانوي الصناعي,تقنية التزيين والتجميل,الحلاقة والتجميل,برامج مفعله,51,103,الفصل التدريبي الخامس ,8,14,نشاط-002,أنشطة مهنية 2,2,0
المعاهد الصناعية الثانوية,دبلوم الثانوي الصناعي,تقنية التزيين والتجميل,الحلاقة والتجميل,برامج مفعله,51,103,الفصل التدريبي الرابع ,8,14,حائك-001,مهارات الإتصال,0,4
المعاهد الصناعية الثانوية,دبلوم الثانوي الصناعي,تقنية التزيين والتجميل,الحلاقة والتجميل,برامج مفعله,51,103,الفصل التدريبي الرابع ,8,14,حائك-005,مبادئ التسويق,0,4
المعاهد الصناعية الثانوية,دبلوم الثانوي الصناعي,تقنية التزيين والتجميل,الحلاقة والتجميل,برامج مفعله,51,103,الفصل التدريبي الرابع ,8,14,حلاق-002,مستحضرات التجميل والتزيين,0,4
المعاهد الصناعية الثانوية,دبلوم الثانوي الصناعي,تقنية التزيين والتجميل,الحلاقة والتجميل,برامج مفعله,51,103,الفصل التدريبي الرابع ,8,14,حلاق-011,تأسيس صالون الحلاقة,0,4
المعاهد الصناعية الثانوية,دبلوم الثانوي الصناعي,تقنية التزيين والتجميل,الحلاقة والتجميل,برامج مفعله,51,103,الفصل التدريبي الرابع ,8,14,حلاق-013,ادارة صالون الحلاقة,0,4
المعاهد الصناعية الثانوية,دبلوم الثانوي الصناعي,تقنية التزيين والتجميل,الحلاقة والتجميل,برامج مفعله,51,103,الفصل التدريبي الرابع ,8,14,حلاق-041,مهارات قص الشعر بالمقص,0,4
المعاهد الصناعية الثانوية,دبلوم الثانوي الصناعي,تقنية التزيين والتجميل,الحلاقة والتجميل,برامج مفعله,51,103,الفصل التدريبي الرابع ,8,14,مهني-004,مقدمة في ريادة الأعمال,1,2
المعاهد الصناعية الثانوية,دبلوم الثانوي الصناعي,تقنية التزيين والتجميل,الحلاقة والتجميل,برامج مفعله,51,103,الفصل التدريبي الرابع ,8,14,نشاط-001,أنشطة مهنية,2,0
المعاهد الصناعية الثانوية,دبلوم الثانوي الصناعي,تقنية التزيين والتجميل,الحلاقة والتجميل,برامج مفعله,51,103,الفصل التدريبي السادس ,7,13,حلاق-071,الجديد في عالم الحلاقة,0,4
المعاهد الصناعية الثانوية,دبلوم الثانوي الصناعي,تقنية التزيين والتجميل,الحلاقة والتجميل,برامج مفعله,51,103,الفصل التدريبي السادس ,7,13,حلاق-072,الصيانه والتنظيف,0,4
المعاهد الصناعية الثانوية,دبلوم الثانوي الصناعي,تقنية التزيين والتجميل,الحلاقة والتجميل,برامج مفعله,51,103,الفصل التدريبي السادس ,7,13,حلاق-073,العناية باليدين والقدمين,0,4
المعاهد الصناعية الثانوية,دبلوم الثانوي الصناعي,تقنية التزيين والتجميل,الحلاقة والتجميل,برامج مفعله,51,103,الفصل التدريبي السادس ,7,13,حلاق-076,مهارات الماكياج,0,4
المعاهد الصناعية الثانوية,دبلوم الثانوي الصناعي,تقنية التزيين والتجميل,الحلاقة والتجميل,برامج مفعله,51,103,الفصل التدريبي السادس ,7,13,حلاق-082,تقشير البشرة,0,4
المعاهد الصناعية الثانوية,دبلوم الثانوي الصناعي,تقنية التزيين والتجميل,الحلاقة والتجميل,برامج مفعله,51,103,الفصل التدريبي السادس ,7,13,حلاق-098,تدريب إنتاجي,0,6
المعاهد الصناعية الثانوية,دبلوم الثانوي الصناعي,تقنية التزيين والتجميل,الحلاقة والتجميل,برامج مفعله,51,103,الفصل التدريبي السادس ,7,13,نشاط-003,أنشطة مهنية - 3,4,0
المعاهد الصناعية الثانوية,دبلوم الثانوي الصناعي,تقنية تصميم وتصنيع الأزياء,الخياطة الرجالية,برامج مفعله,51,103,الفصل التدريبي الأول ,9,21,اسلم-001,ثقافة إسلامية-1,2,0
المعاهد الصناعية الثانوية,دبلوم الثانوي الصناعي,تقنية تصميم وتصنيع الأزياء,الخياطة الرجالية,برامج مفعله,51,103,الفصل التدريبي الأول ,9,21,انجل-001,لغة إنجليزية (1),4,0
المعاهد الصناعية الثانوية,دبلوم الثانوي الصناعي,تقنية تصميم وتصنيع الأزياء,الخياطة الرجالية,برامج مفعله,51,103,الفصل التدريبي الأول ,9,21,بدني-001,التربية البدنية-1,0,4
المعاهد الصناعية الثانوية,دبلوم الثانوي الصناعي,تقنية تصميم وتصنيع الأزياء,الخياطة الرجالية,برامج مفعله,51,103,الفصل التدريبي الأول ,9,21,حاسب-001,أساسيات الحاسب الآلي,0,6
المعاهد الصناعية الثانوية,دبلوم الثانوي الصناعي,تقنية تصميم وتصنيع الأزياء,الخياطة الرجالية,برامج مفعله,1,10,الفصل التدريبي الأول ,1,10,خياط-085,تصميم وخياطة القميص والثوب,0,20
المعاهد الصناعية الثانوية,دبلوم الثانوي الصناعي,تقنية تصميم وتصنيع الأزياء,الخياطة الرجالية,برامج مفعله,1,8,الفصل التدريبي الأول ,1,8,خياط-086,تصميم وخياطة البنطلون,0,16
المعاهد الصناعية الثانوية,دبلوم الثانوي الصناعي,تقنية تصميم وتصنيع الأزياء,الخياطة الرجالية,برامج مفعله,1,8,الفصل التدريبي الأول ,1,8,خياط-087,تصميم وخياطة الجاكيت,0,16
المعاهد الصناعية الثانوية,دبلوم الثانوي الصناعي,تقنية تصميم وتصنيع الأزياء,الخياطة الرجالية,برامج مفعله,51,103,الفصل التدريبي الأول ,9,21,رياض-001,رياضيات (1),2,0
المعاهد الصناعية الثانوية,دبلوم الثانوي الصناعي,تقنية تصميم وتصنيع الأزياء,الخياطة الرجالية,برامج مفعله,51,103,الفصل التدريبي الأول ,9,21,عربي-001,لغة عربية-1,2,0
المعاهد الصناعية الثانوية,دبلوم الثانوي الصناعي,تقنية تصميم وتصنيع الأزياء,الخياطة الرجالية,برامج مفعله,51,103,الفصل التدريبي الأول ,9,21,فيزي-001,فــيـزيـــــــاء,2,2
المعاهد الصناعية الثانوية,دبلوم الثانوي الصناعي,تقنية تصميم وتصنيع الأزياء,الخياطة الرجالية,برامج مفعله,51,103,الفصل التدريبي الأول ,9,21,ماهر-001,مدخل الى مهارات القرن 21,2,0
المعاهد الصناعية الثانوية,دبلوم الثانوي الصناعي,تقنية تصميم وتصنيع الأزياء,الخياطة الرجالية,برامج مفعله,51,103,الفصل التدريبي الأول ,9,21,مهني-002,السلامة والصحة المهنية,1,2
المعاهد الصناعية الثانوية,دبلوم الثانوي الصناعي,تقنية تصميم وتصنيع الأزياء,الخياطة الرجالية,برامج مفعله,51,103,الفصل التدريبي الثالث ,9,19,اسلم-003,ثقافة إسلامية-3,2,0
المعاهد الصناعية الثانوية,دبلوم الثانوي الصناعي,تقنية تصميم وتصنيع الأزياء,الخياطة الرجالية,برامج مفعله,51,103,الفصل التدريبي الثالث ,9,19,انجل-003,لغة إنجليزية (3),4,0
المعاهد الصناعية الثانوية,دبلوم الثانوي الصناعي,تقنية تصميم وتصنيع الأزياء,الخياطة الرجالية,برامج مفعله,51,103,الفصل التدريبي الثالث ,9,19,حائك-001,مهارات الإتصال,0,4
المعاهد الصناعية الثانوية,دبلوم الثانوي الصناعي,تقنية تصميم وتصنيع الأزياء,الخياطة الرجالية,برامج مفعله,51,103,الفصل التدريبي الثالث ,9,19,حائك-003,خدمة العملاء,0,4
المعاهد الصناعية الثانوية,دبلوم الثانوي الصناعي,تقنية تصميم وتصنيع الأزياء,الخياطة الرجالية,برامج مفعله,51,103,الفصل التدريبي الثالث ,9,19,حائك-005,مبادئ التسويق,0,4
المعاهد الصناعية الثانوية,دبلوم الثانوي الصناعي,تقنية تصميم وتصنيع الأزياء,الخياطة الرجالية,برامج مفعله,51,103,الفصل التدريبي الثالث ,9,19,خياط-041,أساسيات الخياطة1,0,4
المعاهد الصناعية الثانوية,دبلوم الثانوي الصناعي,تقنية تصميم وتصنيع الأزياء,الخياطة الرجالية,برامج مفعله,51,103,الفصل التدريبي الثالث ,9,19,رياض-003,رياضيات (3),2,0
المعاهد الصناعية الثانوية,دبلوم الثانوي الصناعي,تقنية تصميم وتصنيع الأزياء,الخياطة الرجالية,برامج مفعله,51,103,الفصل التدريبي الثالث ,9,19,ماهر-004,بحث ومصادر المعلومات,2,0
المعاهد الصناعية الثانوية,دبلوم الثانوي الصناعي,تقنية تصميم وتصنيع الأزياء,الخياطة الرجالية,برامج مفعله,51,103,الفصل التدريبي الثالث ,9,19,مهني-003,الرسم الهندسي,0,4
المعاهد الصناعية الثانوية,دبلوم الثانوي الصناعي,تقنية تصميم وتصنيع الأزياء,الخياطة الرجالية,برامج مفعله,51,103,الفصل التدريبي الثاني ,10,22,اسلك-001,سلوك مهني,2,0
المعاهد الصناعية الثانوية,دبلوم الثانوي الصناعي,تقنية تصميم وتصنيع الأزياء,الخياطة الرجالية,برامج مفعله,51,103,الفصل التدريبي الثاني ,10,22,اسلم-002,ثقافة إسلامية-2,2,0
المعاهد الصناعية الثانوية,دبلوم الثانوي الصناعي,تقنية تصميم وتصنيع الأزياء,الخياطة الرجالية,برامج مفعله,51,103,الفصل التدريبي الثاني ,10,22,انجل-002,لغة إنجليزية (2),4,0
المعاهد الصناعية الثانوية,دبلوم الثانوي الصناعي,تقنية تصميم وتصنيع الأزياء,الخياطة الرجالية,برامج مفعله,51,103,الفصل التدريبي الثاني ,10,22,بدني-002,التربية البدنية-2,0,2
المعاهد الصناعية الثانوية,دبلوم الثانوي الصناعي,تقنية تصميم وتصنيع الأزياء,الخياطة الرجالية,برامج مفعله,51,103,الفصل التدريبي الثاني ,10,22,حاسب-002,تطبيقات الحاسب الآلي,0,6
المعاهد الصناعية الثانوية,دبلوم الثانوي الصناعي,تقنية تصميم وتصنيع الأزياء,الخياطة الرجالية,برامج مفعله,51,103,الفصل التدريبي الثاني ,10,22,رياض-002,رياضيات (2),2,0
المعاهد الصناعية الثانوية,دبلوم الثانوي الصناعي,تقنية تصميم وتصنيع الأزياء,الخياطة الرجالية,برامج مفعله,51,103,الفصل التدريبي الثاني ,10,22,عربي-002,لغة عربية-2,2,0
المعاهد الصناعية الثانوية,دبلوم الثانوي الصناعي,تقنية تصميم وتصنيع الأزياء,الخياطة الرجالية,برامج مفعله,51,103,الفصل التدريبي الثاني ,10,22,ماهر-002,مهارات التواصل والتعاون,2,0
المعاهد الصناعية الثانوية,دبلوم الثانوي الصناعي,تقنية تصميم وتصنيع الأزياء,الخياطة الرجالية,برامج مفعله,51,103,الفصل التدريبي الثاني ,10,22,ماهر-003,التفكير الناقد والإبداعي,2,0
المعاهد الصناعية الثانوية,دبلوم الثانوي الصناعي,تقنية تصميم وتصنيع الأزياء,الخياطة الرجالية,برامج مفعله,51,103,الفصل التدريبي الثاني ,10,22,مهني-001,ورش تأسيسية,0,6
المعاهد الصناعية الثانوية,دبلوم الثانوي الصناعي,تقنية تصميم وتصنيع الأزياء,الخياطة الرجالية,برامج مفعله,51,103,الفصل التدريبي الخامس ,8,14,حائك-007,إدارة المعارض,0,4
المعاهد الصناعية الثانوية,دبلوم الثانوي الصناعي,تقنية تصميم وتصنيع الأزياء,الخياطة الرجالية,برامج مفعله,51,103,الفصل التدريبي الخامس ,8,14,خياط-006,قص باترون الجاكيت,0,4
المعاهد الصناعية الثانوية,دبلوم الثانوي الصناعي,تقنية تصميم وتصنيع الأزياء,الخياطة الرجالية,برامج مفعله,51,103,الفصل التدريبي الخامس ,8,14,خياط-007,قص باترون البنطلون,0,4
المعاهد الصناعية الثانوية,دبلوم الثانوي الصناعي,تقنية تصميم وتصنيع الأزياء,الخياطة الرجالية,برامج مفعله,51,103,الفصل التدريبي الخامس ,8,14,خياط-011,قص باترون القميص والثوب,0,4
المعاهد الصناعية الثانوية,دبلوم الثانوي الصناعي,تقنية تصميم وتصنيع الأزياء,الخياطة الرجالية,برامج مفعله,51,103,الفصل التدريبي الخامس ,8,14,خياط-061,اجراءات الصيانة والسلامة,0,4
المعاهد الصناعية الثانوية,دبلوم الثانوي الصناعي,تقنية تصميم وتصنيع الأزياء,الخياطة الرجالية,برامج مفعله,51,103,الفصل التدريبي الخامس ,8,14,خياط-081,الأزياء و الملابس,0,4
المعاهد الصناعية الثانوية,دبلوم الثانوي الصناعي,تقنية تصميم وتصنيع الأزياء,الخياطة الرجالية,برامج مفعله,51,103,الفصل التدريبي الخامس ,8,14,خياط-091,مشاريع إنتاجية,0,4
المعاهد الصناعية الثانوية,دبلوم الثانوي الصناعي,تقنية تصميم وتصنيع الأزياء,الخياطة الرجالية,برامج مفعله,51,103,الفصل التدريبي الخامس ,8,14,نشاط-002,أنشطة مهنية 2,2,0
المعاهد الصناعية الثانوية,دبلوم الثانوي الصناعي,تقنية تصميم وتصنيع الأزياء,الخياطة الرجالية,برامج مفعله,51,103,الفصل التدريبي الرابع ,8,14,خياط-001,مبادئ تصميم الأزياء,0,4
المعاهد الصناعية الثانوية,دبلوم الثانوي الصناعي,تقنية تصميم وتصنيع الأزياء,الخياطة الرجالية,برامج مفعله,51,103,الفصل التدريبي الرابع ,8,14,خياط-002,رسم باترون الجاكيت,0,4
المعاهد الصناعية الثانوية,دبلوم الثانوي الصناعي,تقنية تصميم وتصنيع الأزياء,الخياطة الرجالية,برامج مفعله,51,103,الفصل التدريبي الرابع ,8,14,خياط-003,رسم باترون البنطلون,0,4
المعاهد الصناعية الثانوية,دبلوم الثانوي الصناعي,تقنية تصميم وتصنيع الأزياء,الخياطة الرجالية,برامج مفعله,51,103,الفصل التدريبي الرابع ,8,14,خياط-004,رسم باترون القميص والثوب,0,4
المعاهد الصناعية الثانوية,دبلوم الثانوي الصناعي,تقنية تصميم وتصنيع الأزياء,الخياطة الرجالية,برامج مفعله,51,103,الفصل التدريبي الرابع ,8,14,خياط-042,أساسيات الخياطة 2,0,4
المعاهد الصناعية الثانوية,دبلوم الثانوي الصناعي,تقنية تصميم وتصنيع الأزياء,الخياطة الرجالية,برامج مفعله,51,103,الفصل التدريبي الرابع ,8,14,خياط-062,إدارة المخزون,0,4
المعاهد الصناعية الثانوية,دبلوم الثانوي الصناعي,تقنية تصميم وتصنيع الأزياء,الخياطة الرجالية,برامج مفعله,51,103,الفصل التدريبي الرابع ,8,14,مهني-004,مقدمة في ريادة الأعمال,1,2
المعاهد الصناعية الثانوية,دبلوم الثانوي الصناعي,تقنية تصميم وتصنيع الأزياء,الخياطة الرجالية,برامج مفعله,51,103,الفصل التدريبي الرابع ,8,14,نشاط-001,أنشطة مهنية,2,0
المعاهد الصناعية الثانوية,دبلوم الثانوي الصناعي,تقنية تصميم وتصنيع الأزياء,الخياطة الرجالية,برامج مفعله,51,103,الفصل التدريبي السادس ,7,13,خياط-012,خياطة باترون القميص والثوب,0,4
المعاهد الصناعية الثانوية,دبلوم الثانوي الصناعي,تقنية تصميم وتصنيع الأزياء,الخياطة الرجالية,برامج مفعله,51,103,الفصل التدريبي السادس ,7,13,خياط-013,خياطة باترون الجاكيت,0,4
المعاهد الصناعية الثانوية,دبلوم الثانوي الصناعي,تقنية تصميم وتصنيع الأزياء,الخياطة الرجالية,برامج مفعله,51,103,الفصل التدريبي السادس ,7,13,خياط-014,خياطة باترون البنطلون,0,4
المعاهد الصناعية الثانوية,دبلوم الثانوي الصناعي,تقنية تصميم وتصنيع الأزياء,الخياطة الرجالية,برامج مفعله,51,103,الفصل التدريبي السادس ,7,13,خياط-046,عرض وتجهيز الملابس,0,4
المعاهد الصناعية الثانوية,دبلوم الثانوي الصناعي,تقنية تصميم وتصنيع الأزياء,الخياطة الرجالية,برامج مفعله,51,103,الفصل التدريبي السادس ,7,13,خياط-073,تطريز وطباعة الملابس,0,4
المعاهد الصناعية الثانوية,دبلوم الثانوي الصناعي,تقنية تصميم وتصنيع الأزياء,الخياطة الرجالية,برامج مفعله,51,103,الفصل التدريبي السادس ,7,13,خياط-098,تدريب إنتاجي,0,6
المعاهد الصناعية الثانوية,دبلوم الثانوي الصناعي,تقنية تصميم وتصنيع الأزياء,الخياطة الرجالية,برامج مفعله,51,103,الفصل التدريبي السادس ,7,13,نشاط-003,أنشطة مهنية - 3,4,0
المعاهد الصناعية الثانوية,دبلوم الثانوي الصناعي,التقنية المدنية والمعمارية,الرسم المعماري,برامج مفعله,51,103,الفصل التدريبي الأول ,9,21,اسلم-001,ثقافة إسلامية-1,2,0
المعاهد الصناعية الثانوية,دبلوم الثانوي الصناعي,التقنية المدنية والمعمارية,الرسم المعماري,برامج مفعله,51,103,الفصل التدريبي الأول ,9,21,انجل-001,لغة إنجليزية (1),4,0
المعاهد الصناعية الثانوية,دبلوم الثانوي الصناعي,التقنية المدنية والمعمارية,الرسم المعماري,برامج مفعله,51,103,الفصل التدريبي الأول ,9,21,بدني-001,التربية البدنية-1,0,4
المعاهد الصناعية الثانوية,دبلوم الثانوي الصناعي,التقنية المدنية والمعمارية,الرسم المعماري,برامج مفعله,51,103,الفصل التدريبي الأول ,9,21,حاسب-001,أساسيات الحاسب الآلي,0,6
المعاهد الصناعية الثانوية,دبلوم الثانوي الصناعي,التقنية المدنية والمعمارية,الرسم المعماري,برامج مفعله,1,8,الفصل التدريبي الأول ,1,8,رسمع-043,الرسومات التنفيذية,0,16
المعاهد الصناعية الثانوية,دبلوم الثانوي الصناعي,التقنية المدنية والمعمارية,الرسم المعماري,برامج مفعله,1,10,الفصل التدريبي الأول ,1,10,رسمع-064,الرسم الثلاثي الأبعاد,0,20
المعاهد الصناعية الثانوية,دبلوم الثانوي الصناعي,التقنية المدنية والمعمارية,الرسم المعماري,برامج مفعله,51,103,الفصل التدريبي الأول ,9,21,رياض-001,رياضيات (1),2,0
المعاهد الصناعية الثانوية,دبلوم الثانوي الصناعي,التقنية المدنية والمعمارية,الرسم المعماري,برامج مفعله,51,103,الفصل التدريبي الأول ,9,21,عربي-001,لغة عربية-1,2,0
المعاهد الصناعية الثانوية,دبلوم الثانوي الصناعي,التقنية المدنية والمعمارية,الرسم المعماري,برامج مفعله,1,10,الفصل التدريبي الأول ,1,10,عمار-067,مهارات الرسم المعماري,0,20
المعاهد الصناعية الثانوية,دبلوم الثانوي الصناعي,التقنية المدنية والمعمارية,الرسم المعماري,برامج مفعله,51,103,الفصل التدريبي الأول ,9,21,فيزي-001,فــيـزيـــــــاء,2,2
المعاهد الصناعية الثانوية,دبلوم الثانوي الصناعي,التقنية المدنية والمعمارية,الرسم المعماري,برامج مفعله,51,103,الفصل التدريبي الأول ,9,21,ماهر-001,مدخل الى مهارات القرن 21,2,0
المعاهد الصناعية الثانوية,دبلوم الثانوي الصناعي,التقنية المدنية والمعمارية,الرسم المعماري,برامج مفعله,51,103,الفصل التدريبي الأول ,9,21,مهني-002,السلامة والصحة المهنية,1,2
المعاهد الصناعية الثانوية,دبلوم الثانوي الصناعي,التقنية المدنية والمعمارية,الرسم المعماري,برامج مفعله,51,103,الفصل التدريبي الثالث ,9,19,اسلم-003,ثقافة إسلامية-3,2,0
المعاهد الصناعية الثانوية,دبلوم الثانوي الصناعي,التقنية المدنية والمعمارية,الرسم المعماري,برامج مفعله,51,103,الفصل التدريبي الثالث ,9,19,انجل-003,لغة إنجليزية (3),4,0
المعاهد الصناعية الثانوية,دبلوم الثانوي الصناعي,التقنية المدنية والمعمارية,الرسم المعماري,برامج مفعله,51,103,الفصل التدريبي الثالث ,9,19,حاكر-016,اختبار المواد,0,4
المعاهد الصناعية الثانوية,دبلوم الثانوي الصناعي,التقنية المدنية والمعمارية,الرسم المعماري,برامج مفعله,51,103,الفصل التدريبي الثالث ,9,19,رياض-003,رياضيات (3),2,0
المعاهد الصناعية الثانوية,دبلوم الثانوي الصناعي,التقنية المدنية والمعمارية,الرسم المعماري,برامج مفعله,51,103,الفصل التدريبي الثالث ,9,19,ماهر-004,بحث ومصادر المعلومات,2,0
المعاهد الصناعية الثانوية,دبلوم الثانوي الصناعي,التقنية المدنية والمعمارية,الرسم المعماري,برامج مفعله,51,103,الفصل التدريبي الثالث ,9,19,مرسم-001,اساسيات المساحة,0,4
المعاهد الصناعية الثانوية,دبلوم الثانوي الصناعي,التقنية المدنية والمعمارية,الرسم المعماري,برامج مفعله,51,103,الفصل التدريبي الثالث ,9,19,مرسم-002,أساسيات الإنشاءات,0,4
المعاهد الصناعية الثانوية,دبلوم الثانوي الصناعي,التقنية المدنية والمعمارية,الرسم المعماري,برامج مفعله,51,103,الفصل التدريبي الثالث ,9,19,مرسم-003,رسم و قراءة المخططات,0,4
المعاهد الصناعية الثانوية,دبلوم الثانوي الصناعي,التقنية المدنية والمعمارية,الرسم المعماري,برامج مفعله,51,103,الفصل التدريبي الثالث ,9,19,مهني-003,الرسم الهندسي,0,4
المعاهد الصناعية الثانوية,دبلوم الثانوي الصناعي,التقنية المدنية والمعمارية,الرسم المعماري,برامج مفعله,51,103,الفصل التدريبي الثاني ,10,22,اسلك-001,سلوك مهني,2,0
المعاهد الصناعية الثانوية,دبلوم الثانوي الصناعي,التقنية المدنية والمعمارية,الرسم المعماري,برامج مفعله,51,103,الفصل التدريبي الثاني ,10,22,اسلم-002,ثقافة إسلامية-2,2,0
المعاهد الصناعية الثانوية,دبلوم الثانوي الصناعي,التقنية المدنية والمعمارية,الرسم المعماري,برامج مفعله,51,103,الفصل التدريبي الثاني ,10,22,انجل-002,لغة إنجليزية (2),4,0
المعاهد الصناعية الثانوية,دبلوم الثانوي الصناعي,التقنية المدنية والمعمارية,الرسم المعماري,برامج مفعله,51,103,الفصل التدريبي الثاني ,10,22,بدني-002,التربية البدنية-2,0,2
المعاهد الصناعية الثانوية,دبلوم الثانوي الصناعي,التقنية المدنية والمعمارية,الرسم المعماري,برامج مفعله,51,103,الفصل التدريبي الثاني ,10,22,حاسب-002,تطبيقات الحاسب الآلي,0,6
المعاهد الصناعية الثانوية,دبلوم الثانوي الصناعي,التقنية المدنية والمعمارية,الرسم المعماري,برامج مفعله,51,103,الفصل التدريبي الثاني ,10,22,رياض-002,رياضيات (2),2,0
المعاهد الصناعية الثانوية,دبلوم الثانوي الصناعي,التقنية المدنية والمعمارية,الرسم المعماري,برامج مفعله,51,103,الفصل التدريبي الثاني ,10,22,عربي-002,لغة عربية-2,2,0
المعاهد الصناعية الثانوية,دبلوم الثانوي الصناعي,التقنية المدنية والمعمارية,الرسم المعماري,برامج مفعله,51,103,الفصل التدريبي الثاني ,10,22,ماهر-002,مهارات التواصل والتعاون,2,0
المعاهد الصناعية الثانوية,دبلوم الثانوي الصناعي,التقنية المدنية والمعمارية,الرسم المعماري,برامج مفعله,51,103,الفصل التدريبي الثاني ,10,22,ماهر-003,التفكير الناقد والإبداعي,2,0
المعاهد الصناعية الثانوية,دبلوم الثانوي الصناعي,التقنية المدنية والمعمارية,الرسم المعماري,برامج مفعله,51,103,الفصل التدريبي الثاني ,10,22,مهني-001,ورش تأسيسية,0,6
المعاهد الصناعية الثانوية,دبلوم الثانوي الصناعي,التقنية المدنية والمعمارية,الرسم المعماري,برامج مفعله,51,103,الفصل التدريبي الخامس ,8,14,رسمع-021,رسم معماري بالحاسب 1,0,4
المعاهد الصناعية الثانوية,دبلوم الثانوي الصناعي,التقنية المدنية والمعمارية,الرسم المعماري,برامج مفعله,51,103,الفصل التدريبي الخامس ,8,14,رسمع-031,رسم تنفيذي بالحاسب 1,0,4
المعاهد الصناعية الثانوية,دبلوم الثانوي الصناعي,التقنية المدنية والمعمارية,الرسم المعماري,برامج مفعله,51,103,الفصل التدريبي الخامس ,8,14,رسمع-041,رسم ثلاثي الابعاد 1,0,4
المعاهد الصناعية الثانوية,دبلوم الثانوي الصناعي,التقنية المدنية والمعمارية,الرسم المعماري,برامج مفعله,51,103,الفصل التدريبي الخامس ,8,14,رسمع-051,المجسمات المعمارية 1,0,4
المعاهد الصناعية الثانوية,دبلوم الثانوي الصناعي,التقنية المدنية والمعمارية,الرسم المعماري,برامج مفعله,51,103,الفصل التدريبي الخامس ,8,14,رسمع-061,المنظور والاظهار المعماري ( يد,0,4
المعاهد الصناعية الثانوية,دبلوم الثانوي الصناعي,التقنية المدنية والمعمارية,الرسم المعماري,برامج مفعله,51,103,الفصل التدريبي الخامس ,8,14,رسمع-071,رسم تفصيلي بالحاسب,0,4
المعاهد الصناعية الثانوية,دبلوم الثانوي الصناعي,التقنية المدنية والمعمارية,الرسم المعماري,برامج مفعله,51,103,الفصل التدريبي الخامس ,8,14,رسمع-091,مشاريع إنتاجية,0,4
المعاهد الصناعية الثانوية,دبلوم الثانوي الصناعي,التقنية المدنية والمعمارية,الرسم المعماري,برامج مفعله,51,103,الفصل التدريبي الخامس ,8,14,نشاط-002,أنشطة مهنية 2,2,0
المعاهد الصناعية الثانوية,دبلوم الثانوي الصناعي,التقنية المدنية والمعمارية,الرسم المعماري,برامج مفعله,51,103,الفصل التدريبي الرابع ,8,14,رسمع-011,مبادئ الرسم بالحاسب,0,4
المعاهد الصناعية الثانوية,دبلوم الثانوي الصناعي,التقنية المدنية والمعمارية,الرسم المعماري,برامج مفعله,51,103,الفصل التدريبي الرابع ,8,14,مدرع-001,نمذجة معلومات المباني,0,4
المعاهد الصناعية الثانوية,دبلوم الثانوي الصناعي,التقنية المدنية والمعمارية,الرسم المعماري,برامج مفعله,51,103,الفصل التدريبي الرابع ,8,14,مدرع-002,ورشة شدات وحديد تسليح1,0,4
المعاهد الصناعية الثانوية,دبلوم الثانوي الصناعي,التقنية المدنية والمعمارية,الرسم المعماري,برامج مفعله,51,103,الفصل التدريبي الرابع ,8,14,مدرع-003,تركيبات صحية وكهربائية,0,4
المعاهد الصناعية الثانوية,دبلوم الثانوي الصناعي,التقنية المدنية والمعمارية,الرسم المعماري,برامج مفعله,51,103,الفصل التدريبي الرابع ,8,14,مدرع-004,جداول الكميات,0,4
المعاهد الصناعية الثانوية,دبلوم الثانوي الصناعي,التقنية المدنية والمعمارية,الرسم المعماري,برامج مفعله,51,103,الفصل التدريبي الرابع ,8,14,مرسم-004,اساسيات عقود التشييد,0,4
المعاهد الصناعية الثانوية,دبلوم الثانوي الصناعي,التقنية المدنية والمعمارية,الرسم المعماري,برامج مفعله,51,103,الفصل التدريبي الرابع ,8,14,مهني-004,مقدمة في ريادة الأعمال,1,2
المعاهد الصناعية الثانوية,دبلوم الثانوي الصناعي,التقنية المدنية والمعمارية,الرسم المعماري,برامج مفعله,51,103,الفصل التدريبي الرابع ,8,14,نشاط-001,أنشطة مهنية,2,0
المعاهد الصناعية الثانوية,دبلوم الثانوي الصناعي,التقنية المدنية والمعمارية,الرسم المعماري,برامج مفعله,51,103,الفصل التدريبي السادس ,7,13,رسمع-022,رسم معماري بالحاسب 2,0,4
المعاهد الصناعية الثانوية,دبلوم الثانوي الصناعي,التقنية المدنية والمعمارية,الرسم المعماري,برامج مفعله,51,103,الفصل التدريبي السادس ,7,13,رسمع-032,رسم تنفيذي بالحاسب 2,0,4
المعاهد الصناعية الثانوية,دبلوم الثانوي الصناعي,التقنية المدنية والمعمارية,الرسم المعماري,برامج مفعله,51,103,الفصل التدريبي السادس ,7,13,رسمع-042,رسم ثلاثي الابعاد 2,0,4
المعاهد الصناعية الثانوية,دبلوم الثانوي الصناعي,التقنية المدنية والمعمارية,الرسم المعماري,برامج مفعله,51,103,الفصل التدريبي السادس ,7,13,رسمع-052,المجسمات المعمارية 2,0,4
المعاهد الصناعية الثانوية,دبلوم الثانوي الصناعي,التقنية المدنية والمعمارية,الرسم المعماري,برامج مفعله,51,103,الفصل التدريبي السادس ,7,13,رسمع-063,الأظهار المعماري بالحاسب,0,4
المعاهد الصناعية الثانوية,دبلوم الثانوي الصناعي,التقنية المدنية والمعمارية,الرسم المعماري,برامج مفعله,51,103,الفصل التدريبي السادس ,7,13,رسمع-098,تدريب إنتاجي,0,6
المعاهد الصناعية الثانوية,دبلوم الثانوي الصناعي,التقنية المدنية والمعمارية,الرسم المعماري,برامج مفعله,51,103,الفصل التدريبي السادس ,7,13,نشاط-003,أنشطة مهنية - 3,4,0
المعاهد الصناعية الثانوية,دبلوم الثانوي الصناعي,التقنية الميكانيكية,الصفائح المعدنية,برامج مفعله,51,103,الفصل التدريبي الأول ,9,21,اسلم-001,ثقافة إسلامية-1,2,0
المعاهد الصناعية الثانوية,دبلوم الثانوي الصناعي,التقنية الميكانيكية,الصفائح المعدنية,برامج مفعله,51,103,الفصل التدريبي الأول ,9,21,انجل-001,لغة إنجليزية (1),4,0
المعاهد الصناعية الثانوية,دبلوم الثانوي الصناعي,التقنية الميكانيكية,الصفائح المعدنية,برامج مفعله,51,103,الفصل التدريبي الأول ,9,21,بدني-001,التربية البدنية-1,0,4
المعاهد الصناعية الثانوية,دبلوم الثانوي الصناعي,التقنية الميكانيكية,الصفائح المعدنية,برامج مفعله,51,103,الفصل التدريبي الأول ,9,21,حاسب-001,أساسيات الحاسب الآلي,0,6
المعاهد الصناعية الثانوية,دبلوم الثانوي الصناعي,التقنية الميكانيكية,الصفائح المعدنية,برامج مفعله,51,103,الفصل التدريبي الأول ,9,21,رياض-001,رياضيات (1),2,0
المعاهد الصناعية الثانوية,دبلوم الثانوي الصناعي,التقنية الميكانيكية,الصفائح المعدنية,برامج مفعله,1,10,الفصل التدريبي الأول ,1,10,صفيح-093,تنفيذ تركيبات الصفائح المعدنية,0,20
المعاهد الصناعية الثانوية,دبلوم الثانوي الصناعي,التقنية الميكانيكية,الصفائح المعدنية,برامج مفعله,1,10,الفصل التدريبي الأول ,1,10,صفيح-094,تصميم وتشكيل منتجات الفولاذ المقاوم للصدأ,0,20
المعاهد الصناعية الثانوية,دبلوم الثانوي الصناعي,التقنية الميكانيكية,الصفائح المعدنية,برامج مفعله,1,10,الفصل التدريبي الأول ,1,10,صفيح-095,صيانة وإصلاح الأثاث المعدني,0,20
المعاهد الصناعية الثانوية,دبلوم الثانوي الصناعي,التقنية الميكانيكية,الصفائح المعدنية,برامج مفعله,51,103,الفصل التدريبي الأول ,9,21,عربي-001,لغة عربية-1,2,0
المعاهد الصناعية الثانوية,دبلوم الثانوي الصناعي,التقنية الميكانيكية,الصفائح المعدنية,برامج مفعله,51,103,الفصل التدريبي الأول ,9,21,فيزي-001,فــيـزيـــــــاء,2,2
المعاهد الصناعية الثانوية,دبلوم الثانوي الصناعي,التقنية الميكانيكية,الصفائح المعدنية,برامج مفعله,51,103,الفصل التدريبي الأول ,9,21,ماهر-001,مدخل الى مهارات القرن 21,2,0
المعاهد الصناعية الثانوية,دبلوم الثانوي الصناعي,التقنية الميكانيكية,الصفائح المعدنية,برامج مفعله,51,103,الفصل التدريبي الأول ,9,21,مهني-002,السلامة والصحة المهنية,1,2
المعاهد الصناعية الثانوية,دبلوم الثانوي الصناعي,التقنية الميكانيكية,الصفائح المعدنية,برامج مفعله,51,103,الفصل التدريبي الثالث ,9,19,اسلم-003,ثقافة إسلامية-3,2,0
المعاهد الصناعية الثانوية,دبلوم الثانوي الصناعي,التقنية الميكانيكية,الصفائح المعدنية,برامج مفعله,51,103,الفصل التدريبي الثالث ,9,19,انجل-003,لغة إنجليزية (3),4,0
المعاهد الصناعية الثانوية,دبلوم الثانوي الصناعي,التقنية الميكانيكية,الصفائح المعدنية,برامج مفعله,51,103,الفصل التدريبي الثالث ,9,19,حاكر-011,أجهزة القياسات,0,4
المعاهد الصناعية الثانوية,دبلوم الثانوي الصناعي,التقنية الميكانيكية,الصفائح المعدنية,برامج مفعله,51,103,الفصل التدريبي الثالث ,9,19,حاكر-012,أساسيات الكهرباء,0,4
المعاهد الصناعية الثانوية,دبلوم الثانوي الصناعي,التقنية الميكانيكية,الصفائح المعدنية,برامج مفعله,51,103,الفصل التدريبي الثالث ,9,19,حاكر-014,تطبيقات صناعية,0,4
المعاهد الصناعية الثانوية,دبلوم الثانوي الصناعي,التقنية الميكانيكية,الصفائح المعدنية,برامج مفعله,51,103,الفصل التدريبي الثالث ,9,19,رياض-003,رياضيات (3),2,0
المعاهد الصناعية الثانوية,دبلوم الثانوي الصناعي,التقنية الميكانيكية,الصفائح المعدنية,برامج مفعله,51,103,الفصل التدريبي الثالث ,9,19,ماهر-004,بحث ومصادر المعلومات,2,0
المعاهد الصناعية الثانوية,دبلوم الثانوي الصناعي,التقنية الميكانيكية,الصفائح المعدنية,برامج مفعله,51,103,الفصل التدريبي الثالث ,9,19,مهني-003,الرسم الهندسي,0,4
المعاهد الصناعية الثانوية,دبلوم الثانوي الصناعي,التقنية الميكانيكية,الصفائح المعدنية,برامج مفعله,51,103,الفصل التدريبي الثالث ,9,19,ميكا-013,الرسم بالحاسب الالي,0,4
المعاهد الصناعية الثانوية,دبلوم الثانوي الصناعي,التقنية الميكانيكية,الصفائح المعدنية,برامج مفعله,51,103,الفصل التدريبي الثاني ,10,22,اسلك-001,سلوك مهني,2,0
المعاهد الصناعية الثانوية,دبلوم الثانوي الصناعي,التقنية الميكانيكية,الصفائح المعدنية,برامج مفعله,51,103,الفصل التدريبي الثاني ,10,22,اسلم-002,ثقافة إسلامية-2,2,0
المعاهد الصناعية الثانوية,دبلوم الثانوي الصناعي,التقنية الميكانيكية,الصفائح المعدنية,برامج مفعله,51,103,الفصل التدريبي الثاني ,10,22,انجل-002,لغة إنجليزية (2),4,0
المعاهد الصناعية الثانوية,دبلوم الثانوي الصناعي,التقنية الميكانيكية,الصفائح المعدنية,برامج مفعله,51,103,الفصل التدريبي الثاني ,10,22,بدني-002,التربية البدنية-2,0,2
المعاهد الصناعية الثانوية,دبلوم الثانوي الصناعي,التقنية الميكانيكية,الصفائح المعدنية,برامج مفعله,51,103,الفصل التدريبي الثاني ,10,22,حاسب-002,تطبيقات الحاسب الآلي,0,6
المعاهد الصناعية الثانوية,دبلوم الثانوي الصناعي,التقنية الميكانيكية,الصفائح المعدنية,برامج مفعله,51,103,الفصل التدريبي الثاني ,10,22,رياض-002,رياضيات (2),2,0
المعاهد الصناعية الثانوية,دبلوم الثانوي الصناعي,التقنية الميكانيكية,الصفائح المعدنية,برامج مفعله,51,103,الفصل التدريبي الثاني ,10,22,عربي-002,لغة عربية-2,2,0
المعاهد الصناعية الثانوية,دبلوم الثانوي الصناعي,التقنية الميكانيكية,الصفائح المعدنية,برامج مفعله,51,103,الفصل التدريبي الثاني ,10,22,ماهر-002,مهارات التواصل والتعاون,2,0
المعاهد الصناعية الثانوية,دبلوم الثانوي الصناعي,التقنية الميكانيكية,الصفائح المعدنية,برامج مفعله,51,103,الفصل التدريبي الثاني ,10,22,ماهر-003,التفكير الناقد والإبداعي,2,0
المعاهد الصناعية الثانوية,دبلوم الثانوي الصناعي,التقنية الميكانيكية,الصفائح المعدنية,برامج مفعله,51,103,الفصل التدريبي الثاني ,10,22,مهني-001,ورش تأسيسية,0,6
المعاهد الصناعية الثانوية,دبلوم الثانوي الصناعي,التقنية الميكانيكية,الصفائح المعدنية,برامج مفعله,51,103,الفصل التدريبي الخامس ,8,14,صفيح-011,الرسم الفني للصفائح المعدنية,0,4
المعاهد الصناعية الثانوية,دبلوم الثانوي الصناعي,التقنية الميكانيكية,الصفائح المعدنية,برامج مفعله,51,103,الفصل التدريبي الخامس ,8,14,صفيح-021,منتجات الفولاذ المقاوم للصدأ,0,4
المعاهد الصناعية الثانوية,دبلوم الثانوي الصناعي,التقنية الميكانيكية,الصفائح المعدنية,برامج مفعله,51,103,الفصل التدريبي الخامس ,8,14,صفيح-031,افراد السطوح والاشكال الاسطوان,0,4
المعاهد الصناعية الثانوية,دبلوم الثانوي الصناعي,التقنية الميكانيكية,الصفائح المعدنية,برامج مفعله,51,103,الفصل التدريبي الخامس ,8,14,صفيح-051,اساسيات مجاري الهواء,0,4
المعاهد الصناعية الثانوية,دبلوم الثانوي الصناعي,التقنية الميكانيكية,الصفائح المعدنية,برامج مفعله,51,103,الفصل التدريبي الخامس ,8,14,صفيح-091,مشاريع إنتاجية,0,4
المعاهد الصناعية الثانوية,دبلوم الثانوي الصناعي,التقنية الميكانيكية,الصفائح المعدنية,برامج مفعله,51,103,الفصل التدريبي الخامس ,8,14,ميكا-042,أساسيات اللحام بالقوس المعدني والغاز,0,4
المعاهد الصناعية الثانوية,دبلوم الثانوي الصناعي,التقنية الميكانيكية,الصفائح المعدنية,برامج مفعله,51,103,الفصل التدريبي الخامس ,8,14,ميكا-072,تقنيات الوصل,0,4
المعاهد الصناعية الثانوية,دبلوم الثانوي الصناعي,التقنية الميكانيكية,الصفائح المعدنية,برامج مفعله,51,103,الفصل التدريبي الخامس ,8,14,نشاط-002,أنشطة مهنية 2,2,0
المعاهد الصناعية الثانوية,دبلوم الثانوي الصناعي,التقنية الميكانيكية,الصفائح المعدنية,برامج مفعله,51,103,الفصل التدريبي الرابع ,8,14,مهني-004,مقدمة في ريادة الأعمال,1,2
المعاهد الصناعية الثانوية,دبلوم الثانوي الصناعي,التقنية الميكانيكية,الصفائح المعدنية,برامج مفعله,51,103,الفصل التدريبي الرابع ,8,14,ميكا-011,الرسم المتقدم بالحاسب الآلي,0,4
المعاهد الصناعية الثانوية,دبلوم الثانوي الصناعي,التقنية الميكانيكية,الصفائح المعدنية,برامج مفعله,51,103,الفصل التدريبي الرابع ,8,14,ميكا-021,أساسيات الخراطة,0,4
المعاهد الصناعية الثانوية,دبلوم الثانوي الصناعي,التقنية الميكانيكية,الصفائح المعدنية,برامج مفعله,51,103,الفصل التدريبي الرابع ,8,14,ميكا-023,تفريز الأسطح المستوية,0,4
المعاهد الصناعية الثانوية,دبلوم الثانوي الصناعي,التقنية الميكانيكية,الصفائح المعدنية,برامج مفعله,51,103,الفصل التدريبي الرابع ,8,14,ميكا-041,أساسيات اللحام بالقوس المعدني المحجب,0,4
المعاهد الصناعية الثانوية,دبلوم الثانوي الصناعي,التقنية الميكانيكية,الصفائح المعدنية,برامج مفعله,51,103,الفصل التدريبي الرابع ,8,14,ميكا-043,اللحام والقطع بالأكسي استيلين,0,4
المعاهد الصناعية الثانوية,دبلوم الثانوي الصناعي,التقنية الميكانيكية,الصفائح المعدنية,برامج مفعله,51,103,الفصل التدريبي الرابع ,8,14,ميكا-071,اساسيات التشغيل والتشكيل,0,4
المعاهد الصناعية الثانوية,دبلوم الثانوي الصناعي,التقنية الميكانيكية,الصفائح المعدنية,برامج مفعله,51,103,الفصل التدريبي الرابع ,8,14,نشاط-001,أنشطة مهنية,2,0
المعاهد الصناعية الثانوية,دبلوم الثانوي الصناعي,التقنية الميكانيكية,الصفائح المعدنية,برامج مفعله,51,103,الفصل التدريبي السادس ,7,13,صفيح-032,افراد السطوح الهرمية والمخروطي,0,4
المعاهد الصناعية الثانوية,دبلوم الثانوي الصناعي,التقنية الميكانيكية,الصفائح المعدنية,برامج مفعله,51,103,الفصل التدريبي السادس ,7,13,صفيح-041,الأثاث المعدني,0,4
المعاهد الصناعية الثانوية,دبلوم الثانوي الصناعي,التقنية الميكانيكية,الصفائح المعدنية,برامج مفعله,51,103,الفصل التدريبي السادس ,7,13,صفيح-052,تصميم وتنفيذ مجاري الهواء,0,4
المعاهد الصناعية الثانوية,دبلوم الثانوي الصناعي,التقنية الميكانيكية,الصفائح المعدنية,برامج مفعله,51,103,الفصل التدريبي السادس ,7,13,صفيح-098,تدريب إنتاجي,0,6
المعاهد الصناعية الثانوية,دبلوم الثانوي الصناعي,التقنية الميكانيكية,الصفائح المعدنية,برامج مفعله,51,103,الفصل التدريبي السادس ,7,13,ميكا-045,اللحام بقوس التنجستن والغاز,0,4
المعاهد الصناعية الثانوية,دبلوم الثانوي الصناعي,التقنية الميكانيكية,الصفائح المعدنية,برامج مفعله,51,103,الفصل التدريبي السادس ,7,13,ميكا-046,الإنشاءات المعدنية,0,4
المعاهد الصناعية الثانوية,دبلوم الثانوي الصناعي,التقنية الميكانيكية,الصفائح المعدنية,برامج مفعله,51,103,الفصل التدريبي السادس ,7,13,نشاط-003,أنشطة مهنية - 3,4,0
المعاهد الصناعية الثانوية,دبلوم الثانوي الصناعي,تقنية الانتاج الإعلامي,الطباعة الآلية,برامج مفعله,51,103,الفصل التدريبي الأول ,9,21,اسلم-001,ثقافة إسلامية-1,2,0
المعاهد الصناعية الثانوية,دبلوم الثانوي الصناعي,تقنية الانتاج الإعلامي,الطباعة الآلية,برامج مفعله,51,103,الفصل التدريبي الأول ,9,21,انجل-001,لغة إنجليزية (1),4,0
المعاهد الصناعية الثانوية,دبلوم الثانوي الصناعي,تقنية الانتاج الإعلامي,الطباعة الآلية,برامج مفعله,51,103,الفصل التدريبي الأول ,9,21,بدني-001,التربية البدنية-1,0,4
المعاهد الصناعية الثانوية,دبلوم الثانوي الصناعي,تقنية الانتاج الإعلامي,الطباعة الآلية,برامج مفعله,51,103,الفصل التدريبي الأول ,9,21,حاسب-001,أساسيات الحاسب الآلي,0,6
المعاهد الصناعية الثانوية,دبلوم الثانوي الصناعي,تقنية الانتاج الإعلامي,الطباعة الآلية,برامج مفعله,51,103,الفصل التدريبي الأول ,9,21,رياض-001,رياضيات (1),2,0
المعاهد الصناعية الثانوية,دبلوم الثانوي الصناعي,تقنية الانتاج الإعلامي,الطباعة الآلية,برامج مفعله,51,103,الفصل التدريبي الأول ,9,21,عربي-001,لغة عربية-1,2,0
المعاهد الصناعية الثانوية,دبلوم الثانوي الصناعي,تقنية الانتاج الإعلامي,الطباعة الآلية,برامج مفعله,51,103,الفصل التدريبي الأول ,9,21,فيزي-001,فــيـزيـــــــاء,2,2
المعاهد الصناعية الثانوية,دبلوم الثانوي الصناعي,تقنية الانتاج الإعلامي,الطباعة الآلية,برامج مفعله,51,103,الفصل التدريبي الأول ,9,21,ماهر-001,مدخل الى مهارات القرن 21,2,0
المعاهد الصناعية الثانوية,دبلوم الثانوي الصناعي,تقنية الانتاج الإعلامي,الطباعة الآلية,برامج مفعله,51,103,الفصل التدريبي الأول ,9,21,مهني-002,السلامة والصحة المهنية,1,2
المعاهد الصناعية الثانوية,دبلوم الثانوي الصناعي,تقنية الانتاج الإعلامي,الطباعة الآلية,برامج مفعله,51,103,الفصل التدريبي الثالث ,9,19,اسلم-003,ثقافة إسلامية-3,2,0
المعاهد الصناعية الثانوية,دبلوم الثانوي الصناعي,تقنية الانتاج الإعلامي,الطباعة الآلية,برامج مفعله,51,103,الفصل التدريبي الثالث ,9,19,انجل-003,لغة إنجليزية (3),4,0
المعاهد الصناعية الثانوية,دبلوم الثانوي الصناعي,تقنية الانتاج الإعلامي,الطباعة الآلية,برامج مفعله,51,103,الفصل التدريبي الثالث ,9,19,تميد-011,اساسيات التصوير الفوتوغرافي,0,4
المعاهد الصناعية الثانوية,دبلوم الثانوي الصناعي,تقنية الانتاج الإعلامي,الطباعة الآلية,برامج مفعله,51,103,الفصل التدريبي الثالث ,9,19,تميد-012,اساسيات التصميم والتجهيزالطباع,0,4
المعاهد الصناعية الثانوية,دبلوم الثانوي الصناعي,تقنية الانتاج الإعلامي,الطباعة الآلية,برامج مفعله,51,103,الفصل التدريبي الثالث ,9,19,تميد-013,اساسيات الطباعة,0,4
المعاهد الصناعية الثانوية,دبلوم الثانوي الصناعي,تقنية الانتاج الإعلامي,الطباعة الآلية,برامج مفعله,51,103,الفصل التدريبي الثالث ,9,19,تميد-020,الأسس العلمية للتجليد,0,4
المعاهد الصناعية الثانوية,دبلوم الثانوي الصناعي,تقنية الانتاج الإعلامي,الطباعة الآلية,برامج مفعله,51,103,الفصل التدريبي الثالث ,9,19,رياض-003,رياضيات (3),2,0
المعاهد الصناعية الثانوية,دبلوم الثانوي الصناعي,تقنية الانتاج الإعلامي,الطباعة الآلية,برامج مفعله,51,103,الفصل التدريبي الثالث ,9,19,ماهر-004,بحث ومصادر المعلومات,2,0
المعاهد الصناعية الثانوية,دبلوم الثانوي الصناعي,تقنية الانتاج الإعلامي,الطباعة الآلية,برامج مفعله,51,103,الفصل التدريبي الثالث ,9,19,مهني-003,الرسم الهندسي,0,4
المعاهد الصناعية الثانوية,دبلوم الثانوي الصناعي,تقنية الانتاج الإعلامي,الطباعة الآلية,برامج مفعله,51,103,الفصل التدريبي الثاني ,10,22,اسلك-001,سلوك مهني,2,0
المعاهد الصناعية الثانوية,دبلوم الثانوي الصناعي,تقنية الانتاج الإعلامي,الطباعة الآلية,برامج مفعله,51,103,الفصل التدريبي الثاني ,10,22,اسلم-002,ثقافة إسلامية-2,2,0
المعاهد الصناعية الثانوية,دبلوم الثانوي الصناعي,تقنية الانتاج الإعلامي,الطباعة الآلية,برامج مفعله,51,103,الفصل التدريبي الثاني ,10,22,انجل-002,لغة إنجليزية (2),4,0
المعاهد الصناعية الثانوية,دبلوم الثانوي الصناعي,تقنية الانتاج الإعلامي,الطباعة الآلية,برامج مفعله,51,103,الفصل التدريبي الثاني ,10,22,بدني-002,التربية البدنية-2,0,2
المعاهد الصناعية الثانوية,دبلوم الثانوي الصناعي,تقنية الانتاج الإعلامي,الطباعة الآلية,برامج مفعله,51,103,الفصل التدريبي الثاني ,10,22,حاسب-002,تطبيقات الحاسب الآلي,0,6
المعاهد الصناعية الثانوية,دبلوم الثانوي الصناعي,تقنية الانتاج الإعلامي,الطباعة الآلية,برامج مفعله,51,103,الفصل التدريبي الثاني ,10,22,رياض-002,رياضيات (2),2,0
المعاهد الصناعية الثانوية,دبلوم الثانوي الصناعي,تقنية الانتاج الإعلامي,الطباعة الآلية,برامج مفعله,51,103,الفصل التدريبي الثاني ,10,22,عربي-002,لغة عربية-2,2,0
المعاهد الصناعية الثانوية,دبلوم الثانوي الصناعي,تقنية الانتاج الإعلامي,الطباعة الآلية,برامج مفعله,51,103,الفصل التدريبي الثاني ,10,22,ماهر-002,مهارات التواصل والتعاون,2,0
المعاهد الصناعية الثانوية,دبلوم الثانوي الصناعي,تقنية الانتاج الإعلامي,الطباعة الآلية,برامج مفعله,51,103,الفصل التدريبي الثاني ,10,22,ماهر-003,التفكير الناقد والإبداعي,2,0
المعاهد الصناعية الثانوية,دبلوم الثانوي الصناعي,تقنية الانتاج الإعلامي,الطباعة الآلية,برامج مفعله,51,103,الفصل التدريبي الثاني ,10,22,مهني-001,ورش تأسيسية,0,6
المعاهد الصناعية الثانوية,دبلوم الثانوي الصناعي,تقنية الانتاج الإعلامي,الطباعة الآلية,برامج مفعله,51,103,الفصل التدريبي الخامس ,8,14,تطبع-011, الطباعة الرقمية,0,4
المعاهد الصناعية الثانوية,دبلوم الثانوي الصناعي,تقنية الانتاج الإعلامي,الطباعة الآلية,برامج مفعله,51,103,الفصل التدريبي الخامس ,8,14,تطبع-022,تجهيز ماكينة طباعة الأوفست,0,4
المعاهد الصناعية الثانوية,دبلوم الثانوي الصناعي,تقنية الانتاج الإعلامي,الطباعة الآلية,برامج مفعله,51,103,الفصل التدريبي الخامس ,8,14,تطبع-031,طباعة أوفست لون واحد,0,4
المعاهد الصناعية الثانوية,دبلوم الثانوي الصناعي,تقنية الانتاج الإعلامي,الطباعة الآلية,برامج مفعله,51,103,الفصل التدريبي الخامس ,8,14,تطبع-032,طباعة الأوفست لونين,0,4
المعاهد الصناعية الثانوية,دبلوم الثانوي الصناعي,تقنية الانتاج الإعلامي,الطباعة الآلية,برامج مفعله,51,103,الفصل التدريبي الخامس ,8,14,تطبع-041,السلامة المهنية والصيانة الوقائية,0,4
المعاهد الصناعية الثانوية,دبلوم الثانوي الصناعي,تقنية الانتاج الإعلامي,الطباعة الآلية,برامج مفعله,51,103,الفصل التدريبي الخامس ,8,14,تطبع-052,مشاكل وحلول الطباعة,0,4
المعاهد الصناعية الثانوية,دبلوم الثانوي الصناعي,تقنية الانتاج الإعلامي,الطباعة الآلية,برامج مفعله,51,103,الفصل التدريبي الخامس ,8,14,تطبع-091,مشاريع إنتاجية,0,4
المعاهد الصناعية الثانوية,دبلوم الثانوي الصناعي,تقنية الانتاج الإعلامي,الطباعة الآلية,برامج مفعله,51,103,الفصل التدريبي الخامس ,8,14,نشاط-002,أنشطة مهنية 2,2,0
المعاهد الصناعية الثانوية,دبلوم الثانوي الصناعي,تقنية الانتاج الإعلامي,الطباعة الآلية,برامج مفعله,51,103,الفصل التدريبي الرابع ,8,14,تصمم-056,التصميم الإبداعي,0,4
المعاهد الصناعية الثانوية,دبلوم الثانوي الصناعي,تقنية الانتاج الإعلامي,الطباعة الآلية,برامج مفعله,51,103,الفصل التدريبي الرابع ,8,14,تصمم-057,الرسم الإبداعي,0,4
المعاهد الصناعية الثانوية,دبلوم الثانوي الصناعي,تقنية الانتاج الإعلامي,الطباعة الآلية,برامج مفعله,51,103,الفصل التدريبي الرابع ,8,14,تصمم-062,تصميم الرسومات المعلوماتية,0,4
المعاهد الصناعية الثانوية,دبلوم الثانوي الصناعي,تقنية الانتاج الإعلامي,الطباعة الآلية,برامج مفعله,51,103,الفصل التدريبي الرابع ,8,14,تصمم-065,الإخراج الصحفي,0,4
المعاهد الصناعية الثانوية,دبلوم الثانوي الصناعي,تقنية الانتاج الإعلامي,الطباعة الآلية,برامج مفعله,51,103,الفصل التدريبي الرابع ,8,14,تصمم-067,المونتاج االالكتروني,0,4
المعاهد الصناعية الثانوية,دبلوم الثانوي الصناعي,تقنية الانتاج الإعلامي,الطباعة الآلية,برامج مفعله,51,103,الفصل التدريبي الرابع ,8,14,تصمم-068,علم الألوان,0,4
المعاهد الصناعية الثانوية,دبلوم الثانوي الصناعي,تقنية الانتاج الإعلامي,الطباعة الآلية,برامج مفعله,51,103,الفصل التدريبي الرابع ,8,14,مهني-004,مقدمة في ريادة الأعمال,1,2
المعاهد الصناعية الثانوية,دبلوم الثانوي الصناعي,تقنية الانتاج الإعلامي,الطباعة الآلية,برامج مفعله,51,103,الفصل التدريبي الرابع ,8,14,نشاط-001,أنشطة مهنية,2,0
المعاهد الصناعية الثانوية,دبلوم الثانوي الصناعي,تقنية الانتاج الإعلامي,الطباعة الآلية,برامج مفعله,51,103,الفصل التدريبي السادس ,7,13,تجلد-012,أعمال التجليد العادي,0,4
المعاهد الصناعية الثانوية,دبلوم الثانوي الصناعي,تقنية الانتاج الإعلامي,الطباعة الآلية,برامج مفعله,51,103,الفصل التدريبي السادس ,7,13,تجلد-013,تقنية التجليد الحديثه,0,4
المعاهد الصناعية الثانوية,دبلوم الثانوي الصناعي,تقنية الانتاج الإعلامي,الطباعة الآلية,برامج مفعله,51,103,الفصل التدريبي السادس ,7,13,تجلد-014,آلات التجليد,0,4
المعاهد الصناعية الثانوية,دبلوم الثانوي الصناعي,تقنية الانتاج الإعلامي,الطباعة الآلية,برامج مفعله,51,103,الفصل التدريبي السادس ,7,13,تجلد-015,خطوط الانتاج,0,4
المعاهد الصناعية الثانوية,دبلوم الثانوي الصناعي,تقنية الانتاج الإعلامي,الطباعة الآلية,برامج مفعله,51,103,الفصل التدريبي السادس ,7,13,تجلد-016,التجليد الفاخر  والحفر بالليزر,0,4
المعاهد الصناعية الثانوية,دبلوم الثانوي الصناعي,تقنية الانتاج الإعلامي,الطباعة الآلية,برامج مفعله,51,103,الفصل التدريبي السادس ,7,13,تجلد-098,تدريب إنتاجي,0,6
المعاهد الصناعية الثانوية,دبلوم الثانوي الصناعي,تقنية الانتاج الإعلامي,الطباعة الآلية,برامج مفعله,51,103,الفصل التدريبي السادس ,7,13,نشاط-003,أنشطة مهنية - 3,4,0
المعاهد الصناعية الثانوية,دبلوم الثانوي الصناعي,التقنية الكهربائية,الكهرباء الإنشائية,برامج مفعله,51,103,الفصل التدريبي الأول ,9,21,اسلم-001,ثقافة إسلامية-1,2,0
المعاهد الصناعية الثانوية,دبلوم الثانوي الصناعي,التقنية الكهربائية,الكهرباء الإنشائية,برامج مفعله,51,103,الفصل التدريبي الأول ,9,21,انجل-001,لغة إنجليزية (1),4,0
المعاهد الصناعية الثانوية,دبلوم الثانوي الصناعي,التقنية الكهربائية,الكهرباء الإنشائية,برامج مفعله,51,103,الفصل التدريبي الأول ,9,21,بدني-001,التربية البدنية-1,0,4
المعاهد الصناعية الثانوية,دبلوم الثانوي الصناعي,التقنية الكهربائية,الكهرباء الإنشائية,برامج مفعله,51,103,الفصل التدريبي الأول ,9,21,حاسب-001,أساسيات الحاسب الآلي,0,6
المعاهد الصناعية الثانوية,دبلوم الثانوي الصناعي,التقنية الكهربائية,الكهرباء الإنشائية,برامج مفعله,51,103,الفصل التدريبي الأول ,9,21,رياض-001,رياضيات (1),2,0
المعاهد الصناعية الثانوية,دبلوم الثانوي الصناعي,التقنية الكهربائية,الكهرباء الإنشائية,برامج مفعله,51,103,الفصل التدريبي الأول ,9,21,عربي-001,لغة عربية-1,2,0
المعاهد الصناعية الثانوية,دبلوم الثانوي الصناعي,التقنية الكهربائية,الكهرباء الإنشائية,برامج مفعله,51,103,الفصل التدريبي الأول ,9,21,فيزي-001,فــيـزيـــــــاء,2,2
المعاهد الصناعية الثانوية,دبلوم الثانوي الصناعي,التقنية الكهربائية,الكهرباء الإنشائية,برامج مفعله,1,10,الفصل التدريبي الأول ,1,10,كهرش-083,عمليات الفحص والصيانة للأعطال الكهربائية,0,20
المعاهد الصناعية الثانوية,دبلوم الثانوي الصناعي,التقنية الكهربائية,الكهرباء الإنشائية,برامج مفعله,1,12,الفصل التدريبي الأول ,1,12,كهرش-084,"توصيل وتركيب دوائر الاتصال و أنظمة الإنذار
والمراقبة",0,24
المعاهد الصناعية الثانوية,دبلوم الثانوي الصناعي,التقنية الكهربائية,الكهرباء الإنشائية,برامج مفعله,1,10,الفصل التدريبي الأول ,1,10,كهرش-085,تصميم وتركيب أنظمة الطاقة الشمسية,0,20
المعاهد الصناعية الثانوية,دبلوم الثانوي الصناعي,التقنية الكهربائية,الكهرباء الإنشائية,برامج مفعله,1,10,الفصل التدريبي الأول ,1,10,كهرش-087,"تصميم ورسم الدوائر الكهربائية بمساعدة
الحاسب الآلي",0,20
المعاهد الصناعية الثانوية,دبلوم الثانوي الصناعي,التقنية الكهربائية,الكهرباء الإنشائية,برامج مفعله,1,12,الفصل التدريبي الأول ,1,12,كهرش-088,توزيع الأحمال والتمديدات الكهربائية في المباني,0,24
المعاهد الصناعية الثانوية,دبلوم الثانوي الصناعي,التقنية الكهربائية,الكهرباء الإنشائية,برامج مفعله,51,103,الفصل التدريبي الأول ,9,21,ماهر-001,مدخل الى مهارات القرن 21,2,0
المعاهد الصناعية الثانوية,دبلوم الثانوي الصناعي,التقنية الكهربائية,الكهرباء الإنشائية,برامج مفعله,51,103,الفصل التدريبي الأول ,9,21,مهني-002,السلامة والصحة المهنية,1,2
المعاهد الصناعية الثانوية,دبلوم الثانوي الصناعي,التقنية الكهربائية,الكهرباء الإنشائية,برامج مفعله,51,103,الفصل التدريبي الثالث ,9,19,اسلم-003,ثقافة إسلامية-3,2,0
المعاهد الصناعية الثانوية,دبلوم الثانوي الصناعي,التقنية الكهربائية,الكهرباء الإنشائية,برامج مفعله,51,103,الفصل التدريبي الثالث ,9,19,انجل-003,لغة إنجليزية (3),4,0
المعاهد الصناعية الثانوية,دبلوم الثانوي الصناعي,التقنية الكهربائية,الكهرباء الإنشائية,برامج مفعله,51,103,الفصل التدريبي الثالث ,9,19,حاكر-011,أجهزة القياسات,0,4
المعاهد الصناعية الثانوية,دبلوم الثانوي الصناعي,التقنية الكهربائية,الكهرباء الإنشائية,برامج مفعله,51,103,الفصل التدريبي الثالث ,9,19,حاكر-012,أساسيات الكهرباء,0,4
المعاهد الصناعية الثانوية,دبلوم الثانوي الصناعي,التقنية الكهربائية,الكهرباء الإنشائية,برامج مفعله,51,103,الفصل التدريبي الثالث ,9,19,حاكر-013,أساسيات الإلكترونيات,0,4
المعاهد الصناعية الثانوية,دبلوم الثانوي الصناعي,التقنية الكهربائية,الكهرباء الإنشائية,برامج مفعله,51,103,الفصل التدريبي الثالث ,9,19,حاكر-014,تطبيقات صناعية,0,4
المعاهد الصناعية الثانوية,دبلوم الثانوي الصناعي,التقنية الكهربائية,الكهرباء الإنشائية,برامج مفعله,51,103,الفصل التدريبي الثالث ,9,19,رياض-003,رياضيات (3),2,0
المعاهد الصناعية الثانوية,دبلوم الثانوي الصناعي,التقنية الكهربائية,الكهرباء الإنشائية,برامج مفعله,51,103,الفصل التدريبي الثالث ,9,19,ماهر-004,بحث ومصادر المعلومات,2,0
المعاهد الصناعية الثانوية,دبلوم الثانوي الصناعي,التقنية الكهربائية,الكهرباء الإنشائية,برامج مفعله,51,103,الفصل التدريبي الثالث ,9,19,مهني-003,الرسم الهندسي,0,4
المعاهد الصناعية الثانوية,دبلوم الثانوي الصناعي,التقنية الكهربائية,الكهرباء الإنشائية,برامج مفعله,51,103,الفصل التدريبي الثاني ,10,22,اسلك-001,سلوك مهني,2,0
المعاهد الصناعية الثانوية,دبلوم الثانوي الصناعي,التقنية الكهربائية,الكهرباء الإنشائية,برامج مفعله,51,103,الفصل التدريبي الثاني ,10,22,اسلم-002,ثقافة إسلامية-2,2,0
المعاهد الصناعية الثانوية,دبلوم الثانوي الصناعي,التقنية الكهربائية,الكهرباء الإنشائية,برامج مفعله,51,103,الفصل التدريبي الثاني ,10,22,انجل-002,لغة إنجليزية (2),4,0
المعاهد الصناعية الثانوية,دبلوم الثانوي الصناعي,التقنية الكهربائية,الكهرباء الإنشائية,برامج مفعله,51,103,الفصل التدريبي الثاني ,10,22,بدني-002,التربية البدنية-2,0,2
المعاهد الصناعية الثانوية,دبلوم الثانوي الصناعي,التقنية الكهربائية,الكهرباء الإنشائية,برامج مفعله,51,103,الفصل التدريبي الثاني ,10,22,حاسب-002,تطبيقات الحاسب الآلي,0,6
المعاهد الصناعية الثانوية,دبلوم الثانوي الصناعي,التقنية الكهربائية,الكهرباء الإنشائية,برامج مفعله,51,103,الفصل التدريبي الثاني ,10,22,رياض-002,رياضيات (2),2,0
المعاهد الصناعية الثانوية,دبلوم الثانوي الصناعي,التقنية الكهربائية,الكهرباء الإنشائية,برامج مفعله,51,103,الفصل التدريبي الثاني ,10,22,عربي-002,لغة عربية-2,2,0
المعاهد الصناعية الثانوية,دبلوم الثانوي الصناعي,التقنية الكهربائية,الكهرباء الإنشائية,برامج مفعله,51,103,الفصل التدريبي الثاني ,10,22,ماهر-002,مهارات التواصل والتعاون,2,0
المعاهد الصناعية الثانوية,دبلوم الثانوي الصناعي,التقنية الكهربائية,الكهرباء الإنشائية,برامج مفعله,51,103,الفصل التدريبي الثاني ,10,22,ماهر-003,التفكير الناقد والإبداعي,2,0
المعاهد الصناعية الثانوية,دبلوم الثانوي الصناعي,التقنية الكهربائية,الكهرباء الإنشائية,برامج مفعله,51,103,الفصل التدريبي الثاني ,10,22,مهني-001,ورش تأسيسية,0,6
المعاهد الصناعية الثانوية,دبلوم الثانوي الصناعي,التقنية الكهربائية,الكهرباء الإنشائية,برامج مفعله,51,103,الفصل التدريبي الخامس ,8,14,كهرش-031,دوائر الإتصال وأنظمة المراقبة,0,4
المعاهد الصناعية الثانوية,دبلوم الثانوي الصناعي,التقنية الكهربائية,الكهرباء الإنشائية,برامج مفعله,51,103,الفصل التدريبي الخامس ,8,14,كهرش-032,أنظمة الإنذار وأنظمة الرش,0,4
المعاهد الصناعية الثانوية,دبلوم الثانوي الصناعي,التقنية الكهربائية,الكهرباء الإنشائية,برامج مفعله,51,103,الفصل التدريبي الخامس ,8,14,كهرش-042,التمديدات الكهربائية المتقدمة,0,4
المعاهد الصناعية الثانوية,دبلوم الثانوي الصناعي,التقنية الكهربائية,الكهرباء الإنشائية,برامج مفعله,51,103,الفصل التدريبي الخامس ,8,14,كهرش-043,توزيع الأحمال الكهربائية,0,4
المعاهد الصناعية الثانوية,دبلوم الثانوي الصناعي,التقنية الكهربائية,الكهرباء الإنشائية,برامج مفعله,51,103,الفصل التدريبي الخامس ,8,14,كهرش-051,التحكم بالمحركات 1,0,4
المعاهد الصناعية الثانوية,دبلوم الثانوي الصناعي,التقنية الكهربائية,الكهرباء الإنشائية,برامج مفعله,51,103,الفصل التدريبي الخامس ,8,14,كهرش-052,تطبيقات التحكم بالمحركات 1,0,4
المعاهد الصناعية الثانوية,دبلوم الثانوي الصناعي,التقنية الكهربائية,الكهرباء الإنشائية,برامج مفعله,51,103,الفصل التدريبي الخامس ,8,14,كهرش-091,مشاريع إنتاجية,0,4
المعاهد الصناعية الثانوية,دبلوم الثانوي الصناعي,التقنية الكهربائية,الكهرباء الإنشائية,برامج مفعله,51,103,الفصل التدريبي الخامس ,8,14,نشاط-002,أنشطة مهنية 2,2,0
المعاهد الصناعية الثانوية,دبلوم الثانوي الصناعي,التقنية الكهربائية,الكهرباء الإنشائية,برامج مفعله,51,103,الفصل التدريبي الرابع ,8,14,حاكر-015,تطبيقات فنية,0,4
المعاهد الصناعية الثانوية,دبلوم الثانوي الصناعي,التقنية الكهربائية,الكهرباء الإنشائية,برامج مفعله,51,103,الفصل التدريبي الرابع ,8,14,كهرب-011,الرسم الفني بالحاسب الآلي,0,4
المعاهد الصناعية الثانوية,دبلوم الثانوي الصناعي,التقنية الكهربائية,الكهرباء الإنشائية,برامج مفعله,51,103,الفصل التدريبي الرابع ,8,14,كهرب-012,الحماية الكهربائية,0,4
المعاهد الصناعية الثانوية,دبلوم الثانوي الصناعي,التقنية الكهربائية,الكهرباء الإنشائية,برامج مفعله,51,103,الفصل التدريبي الرابع ,8,14,كهرب-013,قياسات كهربائية,0,4
المعاهد الصناعية الثانوية,دبلوم الثانوي الصناعي,التقنية الكهربائية,الكهرباء الإنشائية,برامج مفعله,51,103,الفصل التدريبي الرابع ,8,14,كهرب-014,التمديدات المنزلية,0,4
المعاهد الصناعية الثانوية,دبلوم الثانوي الصناعي,التقنية الكهربائية,الكهرباء الإنشائية,برامج مفعله,51,103,الفصل التدريبي الرابع ,8,14,كهرش-081,فحص وصيانة الأعطال الكهربائية,0,4
المعاهد الصناعية الثانوية,دبلوم الثانوي الصناعي,التقنية الكهربائية,الكهرباء الإنشائية,برامج مفعله,51,103,الفصل التدريبي الرابع ,8,14,مهني-004,مقدمة في ريادة الأعمال,1,2
المعاهد الصناعية الثانوية,دبلوم الثانوي الصناعي,التقنية الكهربائية,الكهرباء الإنشائية,برامج مفعله,51,103,الفصل التدريبي الرابع ,8,14,نشاط-001,أنشطة مهنية,2,0
المعاهد الصناعية الثانوية,دبلوم الثانوي الصناعي,التقنية الكهربائية,الكهرباء الإنشائية,برامج مفعله,51,103,الفصل التدريبي السادس ,7,13,كهرش-053,التحكم بالمحركات 2,0,4
المعاهد الصناعية الثانوية,دبلوم الثانوي الصناعي,التقنية الكهربائية,الكهرباء الإنشائية,برامج مفعله,51,103,الفصل التدريبي السادس ,7,13,كهرش-054,تطبيقات التحكم بالمحركات 2,0,4
المعاهد الصناعية الثانوية,دبلوم الثانوي الصناعي,التقنية الكهربائية,الكهرباء الإنشائية,برامج مفعله,51,103,الفصل التدريبي السادس ,7,13,كهرش-061,تركيبات الطاقة الشمسية,0,4
المعاهد الصناعية الثانوية,دبلوم الثانوي الصناعي,التقنية الكهربائية,الكهرباء الإنشائية,برامج مفعله,51,103,الفصل التدريبي السادس ,7,13,كهرش-071,الأعمال الكهربائية قبل الخرسانة,0,4
المعاهد الصناعية الثانوية,دبلوم الثانوي الصناعي,التقنية الكهربائية,الكهرباء الإنشائية,برامج مفعله,51,103,الفصل التدريبي السادس ,7,13,كهرش-072,الإنشاءات الكهربائية بعد الخرسانة,0,4
المعاهد الصناعية الثانوية,دبلوم الثانوي الصناعي,التقنية الكهربائية,الكهرباء الإنشائية,برامج مفعله,51,103,الفصل التدريبي السادس ,7,13,كهرش-098,تدريب إنتاجي,0,6
المعاهد الصناعية الثانوية,دبلوم الثانوي الصناعي,التقنية الكهربائية,الكهرباء الإنشائية,برامج مفعله,51,103,الفصل التدريبي السادس ,7,13,نشاط-003,أنشطة مهنية - 3,4,0
المعاهد الصناعية الثانوية,دبلوم الثانوي الصناعي,التقنية الكهربائية,الكهرباء الصناعية,برامج مفعله,51,103,الفصل التدريبي الأول ,9,21,اسلم-001,ثقافة إسلامية-1,2,0
المعاهد الصناعية الثانوية,دبلوم الثانوي الصناعي,التقنية الكهربائية,الكهرباء الصناعية,برامج مفعله,51,103,الفصل التدريبي الأول ,9,21,انجل-001,لغة إنجليزية (1),4,0
المعاهد الصناعية الثانوية,دبلوم الثانوي الصناعي,التقنية الكهربائية,الكهرباء الصناعية,برامج مفعله,51,103,الفصل التدريبي الأول ,9,21,بدني-001,التربية البدنية-1,0,4
المعاهد الصناعية الثانوية,دبلوم الثانوي الصناعي,التقنية الكهربائية,الكهرباء الصناعية,برامج مفعله,51,103,الفصل التدريبي الأول ,9,21,حاسب-001,أساسيات الحاسب الآلي,0,6
المعاهد الصناعية الثانوية,دبلوم الثانوي الصناعي,التقنية الكهربائية,الكهرباء الصناعية,برامج مفعله,51,103,الفصل التدريبي الأول ,9,21,رياض-001,رياضيات (1),2,0
المعاهد الصناعية الثانوية,دبلوم الثانوي الصناعي,التقنية الكهربائية,الكهرباء الصناعية,برامج مفعله,51,103,الفصل التدريبي الأول ,9,21,عربي-001,لغة عربية-1,2,0
المعاهد الصناعية الثانوية,دبلوم الثانوي الصناعي,التقنية الكهربائية,الكهرباء الصناعية,برامج مفعله,51,103,الفصل التدريبي الأول ,9,21,فيزي-001,فــيـزيـــــــاء,2,2
المعاهد الصناعية الثانوية,دبلوم الثانوي الصناعي,التقنية الكهربائية,الكهرباء الصناعية,برامج مفعله,1,10,الفصل التدريبي الأول ,1,10,كهرص-084,اللوحات الكهربائية وتطبيقاتها,0,20
المعاهد الصناعية الثانوية,دبلوم الثانوي الصناعي,التقنية الكهربائية,الكهرباء الصناعية,برامج مفعله,1,10,الفصل التدريبي الأول ,1,10,كهرص-086,تركيب التمديدات الكهربائية المنزلية,0,20
المعاهد الصناعية الثانوية,دبلوم الثانوي الصناعي,التقنية الكهربائية,الكهرباء الصناعية,برامج مفعله,1,10,الفصل التدريبي الأول ,1,10,كهرص-087,صيانة الأجهزة الكهربائية المنزلية,0,20
المعاهد الصناعية الثانوية,دبلوم الثانوي الصناعي,التقنية الكهربائية,الكهرباء الصناعية,برامج مفعله,1,10,الفصل التدريبي الأول ,1,10,كهرص-088,صيانة ولف المحركات الكهربائية أحادية وثلاثية الأوجه,0,20
المعاهد الصناعية الثانوية,دبلوم الثانوي الصناعي,التقنية الكهربائية,الكهرباء الصناعية,برامج مفعله,51,103,الفصل التدريبي الأول ,9,21,ماهر-001,مدخل الى مهارات القرن 21,2,0
المعاهد الصناعية الثانوية,دبلوم الثانوي الصناعي,التقنية الكهربائية,الكهرباء الصناعية,برامج مفعله,51,103,الفصل التدريبي الأول ,9,21,مهني-002,السلامة والصحة المهنية,1,2
المعاهد الصناعية الثانوية,دبلوم الثانوي الصناعي,التقنية الكهربائية,الكهرباء الصناعية,برامج مفعله,51,103,الفصل التدريبي الثالث ,9,19,اسلم-003,ثقافة إسلامية-3,2,0
المعاهد الصناعية الثانوية,دبلوم الثانوي الصناعي,التقنية الكهربائية,الكهرباء الصناعية,برامج مفعله,51,103,الفصل التدريبي الثالث ,9,19,انجل-003,لغة إنجليزية (3),4,0
المعاهد الصناعية الثانوية,دبلوم الثانوي الصناعي,التقنية الكهربائية,الكهرباء الصناعية,برامج مفعله,51,103,الفصل التدريبي الثالث ,9,19,حاكر-011,أجهزة القياسات,0,4
المعاهد الصناعية الثانوية,دبلوم الثانوي الصناعي,التقنية الكهربائية,الكهرباء الصناعية,برامج مفعله,51,103,الفصل التدريبي الثالث ,9,19,حاكر-012,أساسيات الكهرباء,0,4
المعاهد الصناعية الثانوية,دبلوم الثانوي الصناعي,التقنية الكهربائية,الكهرباء الصناعية,برامج مفعله,51,103,الفصل التدريبي الثالث ,9,19,حاكر-013,أساسيات الإلكترونيات,0,4
المعاهد الصناعية الثانوية,دبلوم الثانوي الصناعي,التقنية الكهربائية,الكهرباء الصناعية,برامج مفعله,51,103,الفصل التدريبي الثالث ,9,19,حاكر-014,تطبيقات صناعية,0,4
المعاهد الصناعية الثانوية,دبلوم الثانوي الصناعي,التقنية الكهربائية,الكهرباء الصناعية,برامج مفعله,51,103,الفصل التدريبي الثالث ,9,19,رياض-003,رياضيات (3),2,0
المعاهد الصناعية الثانوية,دبلوم الثانوي الصناعي,التقنية الكهربائية,الكهرباء الصناعية,برامج مفعله,51,103,الفصل التدريبي الثالث ,9,19,ماهر-004,بحث ومصادر المعلومات,2,0
المعاهد الصناعية الثانوية,دبلوم الثانوي الصناعي,التقنية الكهربائية,الكهرباء الصناعية,برامج مفعله,51,103,الفصل التدريبي الثالث ,9,19,مهني-003,الرسم الهندسي,0,4
المعاهد الصناعية الثانوية,دبلوم الثانوي الصناعي,التقنية الكهربائية,الكهرباء الصناعية,برامج مفعله,51,103,الفصل التدريبي الثاني ,10,22,اسلك-001,سلوك مهني,2,0
المعاهد الصناعية الثانوية,دبلوم الثانوي الصناعي,التقنية الكهربائية,الكهرباء الصناعية,برامج مفعله,51,103,الفصل التدريبي الثاني ,10,22,اسلم-002,ثقافة إسلامية-2,2,0
المعاهد الصناعية الثانوية,دبلوم الثانوي الصناعي,التقنية الكهربائية,الكهرباء الصناعية,برامج مفعله,51,103,الفصل التدريبي الثاني ,10,22,انجل-002,لغة إنجليزية (2),4,0
المعاهد الصناعية الثانوية,دبلوم الثانوي الصناعي,التقنية الكهربائية,الكهرباء الصناعية,برامج مفعله,51,103,الفصل التدريبي الثاني ,10,22,بدني-002,التربية البدنية-2,0,2
المعاهد الصناعية الثانوية,دبلوم الثانوي الصناعي,التقنية الكهربائية,الكهرباء الصناعية,برامج مفعله,51,103,الفصل التدريبي الثاني ,10,22,حاسب-002,تطبيقات الحاسب الآلي,0,6
المعاهد الصناعية الثانوية,دبلوم الثانوي الصناعي,التقنية الكهربائية,الكهرباء الصناعية,برامج مفعله,51,103,الفصل التدريبي الثاني ,10,22,رياض-002,رياضيات (2),2,0
المعاهد الصناعية الثانوية,دبلوم الثانوي الصناعي,التقنية الكهربائية,الكهرباء الصناعية,برامج مفعله,51,103,الفصل التدريبي الثاني ,10,22,عربي-002,لغة عربية-2,2,0
المعاهد الصناعية الثانوية,دبلوم الثانوي الصناعي,التقنية الكهربائية,الكهرباء الصناعية,برامج مفعله,51,103,الفصل التدريبي الثاني ,10,22,ماهر-002,مهارات التواصل والتعاون,2,0
المعاهد الصناعية الثانوية,دبلوم الثانوي الصناعي,التقنية الكهربائية,الكهرباء الصناعية,برامج مفعله,51,103,الفصل التدريبي الثاني ,10,22,ماهر-003,التفكير الناقد والإبداعي,2,0
المعاهد الصناعية الثانوية,دبلوم الثانوي الصناعي,التقنية الكهربائية,الكهرباء الصناعية,برامج مفعله,51,103,الفصل التدريبي الثاني ,10,22,مهني-001,ورش تأسيسية,0,6
المعاهد الصناعية الثانوية,دبلوم الثانوي الصناعي,التقنية الكهربائية,الكهرباء الصناعية,برامج مفعله,51,103,الفصل التدريبي الخامس ,8,14,كهرص-011,المفاتيح الكهرومغناطيسية,0,4
المعاهد الصناعية الثانوية,دبلوم الثانوي الصناعي,التقنية الكهربائية,الكهرباء الصناعية,برامج مفعله,51,103,الفصل التدريبي الخامس ,8,14,كهرص-021,دوائر التحكم (1),0,4
المعاهد الصناعية الثانوية,دبلوم الثانوي الصناعي,التقنية الكهربائية,الكهرباء الصناعية,برامج مفعله,51,103,الفصل التدريبي الخامس ,8,14,كهرص-031,تطبيقات على اللوحات الكهربائية (1),0,4
المعاهد الصناعية الثانوية,دبلوم الثانوي الصناعي,التقنية الكهربائية,الكهرباء الصناعية,برامج مفعله,51,103,الفصل التدريبي الخامس ,8,14,كهرص-041,أساسيات المحركات أحادية الوجة,0,4
المعاهد الصناعية الثانوية,دبلوم الثانوي الصناعي,التقنية الكهربائية,الكهرباء الصناعية,برامج مفعله,51,103,الفصل التدريبي الخامس ,8,14,كهرص-042,لف المحركات أحادية الوجة,0,4
المعاهد الصناعية الثانوية,دبلوم الثانوي الصناعي,التقنية الكهربائية,الكهرباء الصناعية,برامج مفعله,51,103,الفصل التدريبي الخامس ,8,14,كهرص-051,صيانة الأجهزة المنزلية,0,4
المعاهد الصناعية الثانوية,دبلوم الثانوي الصناعي,التقنية الكهربائية,الكهرباء الصناعية,برامج مفعله,51,103,الفصل التدريبي الخامس ,8,14,كهرص-091,مشاريع إنتاجية,0,4
المعاهد الصناعية الثانوية,دبلوم الثانوي الصناعي,التقنية الكهربائية,الكهرباء الصناعية,برامج مفعله,51,103,الفصل التدريبي الخامس ,8,14,نشاط-002,أنشطة مهنية 2,2,0
المعاهد الصناعية الثانوية,دبلوم الثانوي الصناعي,التقنية الكهربائية,الكهرباء الصناعية,برامج مفعله,51,103,الفصل التدريبي الرابع ,8,14,حاكر-015,تطبيقات فنية,0,4
المعاهد الصناعية الثانوية,دبلوم الثانوي الصناعي,التقنية الكهربائية,الكهرباء الصناعية,برامج مفعله,51,103,الفصل التدريبي الرابع ,8,14,كهرب-011,الرسم الفني بالحاسب الآلي,0,4
المعاهد الصناعية الثانوية,دبلوم الثانوي الصناعي,التقنية الكهربائية,الكهرباء الصناعية,برامج مفعله,51,103,الفصل التدريبي الرابع ,8,14,كهرب-012,الحماية الكهربائية,0,4
المعاهد الصناعية الثانوية,دبلوم الثانوي الصناعي,التقنية الكهربائية,الكهرباء الصناعية,برامج مفعله,51,103,الفصل التدريبي الرابع ,8,14,كهرب-013,قياسات كهربائية,0,4
المعاهد الصناعية الثانوية,دبلوم الثانوي الصناعي,التقنية الكهربائية,الكهرباء الصناعية,برامج مفعله,51,103,الفصل التدريبي الرابع ,8,14,كهرب-014,التمديدات المنزلية,0,4
المعاهد الصناعية الثانوية,دبلوم الثانوي الصناعي,التقنية الكهربائية,الكهرباء الصناعية,برامج مفعله,51,103,الفصل التدريبي الرابع ,8,14,كهرص-081,الطاقة المتجددة,0,4
المعاهد الصناعية الثانوية,دبلوم الثانوي الصناعي,التقنية الكهربائية,الكهرباء الصناعية,برامج مفعله,51,103,الفصل التدريبي الرابع ,8,14,مهني-004,مقدمة في ريادة الأعمال,1,2
المعاهد الصناعية الثانوية,دبلوم الثانوي الصناعي,التقنية الكهربائية,الكهرباء الصناعية,برامج مفعله,51,103,الفصل التدريبي الرابع ,8,14,نشاط-001,أنشطة مهنية,2,0
المعاهد الصناعية الثانوية,دبلوم الثانوي الصناعي,التقنية الكهربائية,الكهرباء الصناعية,برامج مفعله,51,103,الفصل التدريبي السادس ,7,13,كهرص-022,دوائر التحكم (2),0,4
المعاهد الصناعية الثانوية,دبلوم الثانوي الصناعي,التقنية الكهربائية,الكهرباء الصناعية,برامج مفعله,51,103,الفصل التدريبي السادس ,7,13,كهرص-032,تطبيقات على اللوحات الكهربائية (2),0,4
المعاهد الصناعية الثانوية,دبلوم الثانوي الصناعي,التقنية الكهربائية,الكهرباء الصناعية,برامج مفعله,51,103,الفصل التدريبي السادس ,7,13,كهرص-071,أساسيات المحركات ثلاثية الأوجة,0,4
المعاهد الصناعية الثانوية,دبلوم الثانوي الصناعي,التقنية الكهربائية,الكهرباء الصناعية,برامج مفعله,51,103,الفصل التدريبي السادس ,7,13,كهرص-072,لف المحركات ثلاثية الاوجة,0,4
المعاهد الصناعية الثانوية,دبلوم الثانوي الصناعي,التقنية الكهربائية,الكهرباء الصناعية,برامج مفعله,51,103,الفصل التدريبي السادس ,7,13,كهرص-082,التمديدات الكهربائية الذكية,0,4
المعاهد الصناعية الثانوية,دبلوم الثانوي الصناعي,التقنية الكهربائية,الكهرباء الصناعية,برامج مفعله,51,103,الفصل التدريبي السادس ,7,13,كهرص-098,تدريب إنتاجي,0,6
المعاهد الصناعية الثانوية,دبلوم الثانوي الصناعي,التقنية الكهربائية,الكهرباء الصناعية,برامج مفعله,51,103,الفصل التدريبي السادس ,7,13,نشاط-003,أنشطة مهنية - 3,4,0
المعاهد الصناعية الثانوية,دبلوم الثانوي الصناعي,التقنية الميكانيكية,اللحام,برامج مفعله,51,103,الفصل التدريبي الأول ,9,21,اسلم-001,ثقافة إسلامية-1,2,0
المعاهد الصناعية الثانوية,دبلوم الثانوي الصناعي,التقنية الميكانيكية,اللحام,برامج مفعله,51,103,الفصل التدريبي الأول ,9,21,انجل-001,لغة إنجليزية (1),4,0
المعاهد الصناعية الثانوية,دبلوم الثانوي الصناعي,التقنية الميكانيكية,اللحام,برامج مفعله,51,103,الفصل التدريبي الأول ,9,21,بدني-001,التربية البدنية-1,0,4
المعاهد الصناعية الثانوية,دبلوم الثانوي الصناعي,التقنية الميكانيكية,اللحام,برامج مفعله,51,103,الفصل التدريبي الأول ,9,21,حاسب-001,أساسيات الحاسب الآلي,0,6
المعاهد الصناعية الثانوية,دبلوم الثانوي الصناعي,التقنية الميكانيكية,اللحام,برامج مفعله,51,103,الفصل التدريبي الأول ,9,21,رياض-001,رياضيات (1),2,0
المعاهد الصناعية الثانوية,دبلوم الثانوي الصناعي,التقنية الميكانيكية,اللحام,برامج مفعله,51,103,الفصل التدريبي الأول ,9,21,عربي-001,لغة عربية-1,2,0
المعاهد الصناعية الثانوية,دبلوم الثانوي الصناعي,التقنية الميكانيكية,اللحام,برامج مفعله,51,103,الفصل التدريبي الأول ,9,21,فيزي-001,فــيـزيـــــــاء,2,2
المعاهد الصناعية الثانوية,دبلوم الثانوي الصناعي,التقنية الميكانيكية,اللحام,برامج مفعله,1,8,الفصل التدريبي الأول ,1,8,لحام-055,اللحام والقطع بإستخدام الأكسي استيلين,0,16
المعاهد الصناعية الثانوية,دبلوم الثانوي الصناعي,التقنية الميكانيكية,اللحام,برامج مفعله,1,10,الفصل التدريبي الأول ,1,10,لحام-065,"اللحام والقطع بإستخدام القوس المعدني
المحجب",0,20
المعاهد الصناعية الثانوية,دبلوم الثانوي الصناعي,التقنية الميكانيكية,اللحام,برامج مفعله,1,10,الفصل التدريبي الأول ,1,10,لحام-075,اللحام والقطع بإستخدام القوس المعدني والغاز,0,20
المعاهد الصناعية الثانوية,دبلوم الثانوي الصناعي,التقنية الميكانيكية,اللحام,برامج مفعله,1,8,الفصل التدريبي الأول ,1,8,لحام-085,اللحام والقطع بإستخدام قوس التنجستن والغاز,0,16
المعاهد الصناعية الثانوية,دبلوم الثانوي الصناعي,التقنية الميكانيكية,اللحام,برامج مفعله,1,10,الفصل التدريبي الأول ,1,10,لحام-095,تقنية لحام الأنابيب,0,20
المعاهد الصناعية الثانوية,دبلوم الثانوي الصناعي,التقنية الميكانيكية,اللحام,برامج مفعله,51,103,الفصل التدريبي الأول ,9,21,ماهر-001,مدخل الى مهارات القرن 21,2,0
المعاهد الصناعية الثانوية,دبلوم الثانوي الصناعي,التقنية الميكانيكية,اللحام,برامج مفعله,51,103,الفصل التدريبي الأول ,9,21,مهني-002,السلامة والصحة المهنية,1,2
المعاهد الصناعية الثانوية,دبلوم الثانوي الصناعي,التقنية الميكانيكية,اللحام,برامج مفعله,51,103,الفصل التدريبي الثالث ,9,19,اسلم-003,ثقافة إسلامية-3,2,0
المعاهد الصناعية الثانوية,دبلوم الثانوي الصناعي,التقنية الميكانيكية,اللحام,برامج مفعله,51,103,الفصل التدريبي الثالث ,9,19,انجل-003,لغة إنجليزية (3),4,0
المعاهد الصناعية الثانوية,دبلوم الثانوي الصناعي,التقنية الميكانيكية,اللحام,برامج مفعله,51,103,الفصل التدريبي الثالث ,9,19,حاكر-011,أجهزة القياسات,0,4
المعاهد الصناعية الثانوية,دبلوم الثانوي الصناعي,التقنية الميكانيكية,اللحام,برامج مفعله,51,103,الفصل التدريبي الثالث ,9,19,حاكر-012,أساسيات الكهرباء,0,4
المعاهد الصناعية الثانوية,دبلوم الثانوي الصناعي,التقنية الميكانيكية,اللحام,برامج مفعله,51,103,الفصل التدريبي الثالث ,9,19,حاكر-014,تطبيقات صناعية,0,4
المعاهد الصناعية الثانوية,دبلوم الثانوي الصناعي,التقنية الميكانيكية,اللحام,برامج مفعله,51,103,الفصل التدريبي الثالث ,9,19,رياض-003,رياضيات (3),2,0
المعاهد الصناعية الثانوية,دبلوم الثانوي الصناعي,التقنية الميكانيكية,اللحام,برامج مفعله,51,103,الفصل التدريبي الثالث ,9,19,ماهر-004,بحث ومصادر المعلومات,2,0
المعاهد الصناعية الثانوية,دبلوم الثانوي الصناعي,التقنية الميكانيكية,اللحام,برامج مفعله,51,103,الفصل التدريبي الثالث ,9,19,مهني-003,الرسم الهندسي,0,4
المعاهد الصناعية الثانوية,دبلوم الثانوي الصناعي,التقنية الميكانيكية,اللحام,برامج مفعله,51,103,الفصل التدريبي الثالث ,9,19,ميكا-013,الرسم بالحاسب الالي,0,4
المعاهد الصناعية الثانوية,دبلوم الثانوي الصناعي,التقنية الميكانيكية,اللحام,برامج مفعله,51,103,الفصل التدريبي الثاني ,10,22,اسلك-001,سلوك مهني,2,0
المعاهد الصناعية الثانوية,دبلوم الثانوي الصناعي,التقنية الميكانيكية,اللحام,برامج مفعله,51,103,الفصل التدريبي الثاني ,10,22,اسلم-002,ثقافة إسلامية-2,2,0
المعاهد الصناعية الثانوية,دبلوم الثانوي الصناعي,التقنية الميكانيكية,اللحام,برامج مفعله,51,103,الفصل التدريبي الثاني ,10,22,انجل-002,لغة إنجليزية (2),4,0
المعاهد الصناعية الثانوية,دبلوم الثانوي الصناعي,التقنية الميكانيكية,اللحام,برامج مفعله,51,103,الفصل التدريبي الثاني ,10,22,بدني-002,التربية البدنية-2,0,2
المعاهد الصناعية الثانوية,دبلوم الثانوي الصناعي,التقنية الميكانيكية,اللحام,برامج مفعله,51,103,الفصل التدريبي الثاني ,10,22,حاسب-002,تطبيقات الحاسب الآلي,0,6
المعاهد الصناعية الثانوية,دبلوم الثانوي الصناعي,التقنية الميكانيكية,اللحام,برامج مفعله,51,103,الفصل التدريبي الثاني ,10,22,رياض-002,رياضيات (2),2,0
المعاهد الصناعية الثانوية,دبلوم الثانوي الصناعي,التقنية الميكانيكية,اللحام,برامج مفعله,51,103,الفصل التدريبي الثاني ,10,22,عربي-002,لغة عربية-2,2,0
المعاهد الصناعية الثانوية,دبلوم الثانوي الصناعي,التقنية الميكانيكية,اللحام,برامج مفعله,51,103,الفصل التدريبي الثاني ,10,22,ماهر-002,مهارات التواصل والتعاون,2,0
المعاهد الصناعية الثانوية,دبلوم الثانوي الصناعي,التقنية الميكانيكية,اللحام,برامج مفعله,51,103,الفصل التدريبي الثاني ,10,22,ماهر-003,التفكير الناقد والإبداعي,2,0
المعاهد الصناعية الثانوية,دبلوم الثانوي الصناعي,التقنية الميكانيكية,اللحام,برامج مفعله,51,103,الفصل التدريبي الثاني ,10,22,مهني-001,ورش تأسيسية,0,6
المعاهد الصناعية الثانوية,دبلوم الثانوي الصناعي,التقنية الميكانيكية,اللحام,برامج مفعله,51,103,الفصل التدريبي الخامس ,8,14,لحام-011,اللحام بالقوس المعدني المحجب SMAW متقدم,0,4
المعاهد الصناعية الثانوية,دبلوم الثانوي الصناعي,التقنية الميكانيكية,اللحام,برامج مفعله,51,103,الفصل التدريبي الخامس ,8,14,لحام-012,لحام الانابيب,0,4
المعاهد الصناعية الثانوية,دبلوم الثانوي الصناعي,التقنية الميكانيكية,اللحام,برامج مفعله,51,103,الفصل التدريبي الخامس ,8,14,لحام-023,اختبارات اللحام,0,4
المعاهد الصناعية الثانوية,دبلوم الثانوي الصناعي,التقنية الميكانيكية,اللحام,برامج مفعله,51,103,الفصل التدريبي الخامس ,8,14,لحام-091,مشاريع إنتاجية,0,4
المعاهد الصناعية الثانوية,دبلوم الثانوي الصناعي,التقنية الميكانيكية,اللحام,برامج مفعله,51,103,الفصل التدريبي الخامس ,8,14,ميكا-011,الرسم المتقدم بالحاسب الآلي,0,4
المعاهد الصناعية الثانوية,دبلوم الثانوي الصناعي,التقنية الميكانيكية,اللحام,برامج مفعله,51,103,الفصل التدريبي الخامس ,8,14,ميكا-045,اللحام بقوس التنجستن والغاز,0,4
المعاهد الصناعية الثانوية,دبلوم الثانوي الصناعي,التقنية الميكانيكية,اللحام,برامج مفعله,51,103,الفصل التدريبي الخامس ,8,14,ميكا-072,تقنيات الوصل,0,4
المعاهد الصناعية الثانوية,دبلوم الثانوي الصناعي,التقنية الميكانيكية,اللحام,برامج مفعله,51,103,الفصل التدريبي الخامس ,8,14,نشاط-002,أنشطة مهنية 2,2,0
المعاهد الصناعية الثانوية,دبلوم الثانوي الصناعي,التقنية الميكانيكية,اللحام,برامج مفعله,51,103,الفصل التدريبي الرابع ,8,14,مهني-004,مقدمة في ريادة الأعمال,1,2
المعاهد الصناعية الثانوية,دبلوم الثانوي الصناعي,التقنية الميكانيكية,اللحام,برامج مفعله,51,103,الفصل التدريبي الرابع ,8,14,ميكا-021,أساسيات الخراطة,0,4
المعاهد الصناعية الثانوية,دبلوم الثانوي الصناعي,التقنية الميكانيكية,اللحام,برامج مفعله,51,103,الفصل التدريبي الرابع ,8,14,ميكا-023,تفريز الأسطح المستوية,0,4
المعاهد الصناعية الثانوية,دبلوم الثانوي الصناعي,التقنية الميكانيكية,اللحام,برامج مفعله,51,103,الفصل التدريبي الرابع ,8,14,ميكا-041,أساسيات اللحام بالقوس المعدني المحجب,0,4
المعاهد الصناعية الثانوية,دبلوم الثانوي الصناعي,التقنية الميكانيكية,اللحام,برامج مفعله,51,103,الفصل التدريبي الرابع ,8,14,ميكا-042,أساسيات اللحام بالقوس المعدني والغاز,0,4
المعاهد الصناعية الثانوية,دبلوم الثانوي الصناعي,التقنية الميكانيكية,اللحام,برامج مفعله,51,103,الفصل التدريبي الرابع ,8,14,ميكا-043,اللحام والقطع بالأكسي استيلين,0,4
المعاهد الصناعية الثانوية,دبلوم الثانوي الصناعي,التقنية الميكانيكية,اللحام,برامج مفعله,51,103,الفصل التدريبي الرابع ,8,14,ميكا-071,اساسيات التشغيل والتشكيل,0,4
المعاهد الصناعية الثانوية,دبلوم الثانوي الصناعي,التقنية الميكانيكية,اللحام,برامج مفعله,51,103,الفصل التدريبي الرابع ,8,14,نشاط-001,أنشطة مهنية,2,0
المعاهد الصناعية الثانوية,دبلوم الثانوي الصناعي,التقنية الميكانيكية,اللحام,برامج مفعله,51,103,الفصل التدريبي السادس ,7,13,لحام-013,تقنيات اللحام الحديثة,0,4
المعاهد الصناعية الثانوية,دبلوم الثانوي الصناعي,التقنية الميكانيكية,اللحام,برامج مفعله,51,103,الفصل التدريبي السادس ,7,13,لحام-014,"اللحام بالقوس المعدني والغاز GMAW/SAW
متقدم",0,4
المعاهد الصناعية الثانوية,دبلوم الثانوي الصناعي,التقنية الميكانيكية,اللحام,برامج مفعله,51,103,الفصل التدريبي السادس ,7,13,لحام-022,تقنيات القص الحديثة,0,4
المعاهد الصناعية الثانوية,دبلوم الثانوي الصناعي,التقنية الميكانيكية,اللحام,برامج مفعله,51,103,الفصل التدريبي السادس ,7,13,لحام-098,تدريب إنتاجي,0,6
المعاهد الصناعية الثانوية,دبلوم الثانوي الصناعي,التقنية الميكانيكية,اللحام,برامج مفعله,51,103,الفصل التدريبي السادس ,7,13,ميكا-029,التصنيع وضبط الجودة,0,4
المعاهد الصناعية الثانوية,دبلوم الثانوي الصناعي,التقنية الميكانيكية,اللحام,برامج مفعله,51,103,الفصل التدريبي السادس ,7,13,ميكا-046,الإنشاءات المعدنية,0,4
المعاهد الصناعية الثانوية,دبلوم الثانوي الصناعي,التقنية الميكانيكية,اللحام,برامج مفعله,51,103,الفصل التدريبي السادس ,7,13,نشاط-003,أنشطة مهنية - 3,4,0
المعاهد الصناعية الثانوية,دبلوم الثانوي الصناعي,التقنية المدنية والمعمارية,المراقبة المدنية,برامج مفعله,51,103,الفصل التدريبي الأول ,9,21,اسلم-001,ثقافة إسلامية-1,2,0
المعاهد الصناعية الثانوية,دبلوم الثانوي الصناعي,التقنية المدنية والمعمارية,المراقبة المدنية,برامج مفعله,51,103,الفصل التدريبي الأول ,9,21,انجل-001,لغة إنجليزية (1),4,0
المعاهد الصناعية الثانوية,دبلوم الثانوي الصناعي,التقنية المدنية والمعمارية,المراقبة المدنية,برامج مفعله,51,103,الفصل التدريبي الأول ,9,21,بدني-001,التربية البدنية-1,0,4
المعاهد الصناعية الثانوية,دبلوم الثانوي الصناعي,التقنية المدنية والمعمارية,المراقبة المدنية,برامج مفعله,51,103,الفصل التدريبي الأول ,9,21,حاسب-001,أساسيات الحاسب الآلي,0,6
المعاهد الصناعية الثانوية,دبلوم الثانوي الصناعي,التقنية المدنية والمعمارية,المراقبة المدنية,برامج مفعله,51,103,الفصل التدريبي الأول ,9,21,رياض-001,رياضيات (1),2,0
المعاهد الصناعية الثانوية,دبلوم الثانوي الصناعي,التقنية المدنية والمعمارية,المراقبة المدنية,برامج مفعله,51,103,الفصل التدريبي الأول ,9,21,عربي-001,لغة عربية-1,2,0
المعاهد الصناعية الثانوية,دبلوم الثانوي الصناعي,التقنية المدنية والمعمارية,المراقبة المدنية,برامج مفعله,51,103,الفصل التدريبي الأول ,9,21,فيزي-001,فــيـزيـــــــاء,2,2
المعاهد الصناعية الثانوية,دبلوم الثانوي الصناعي,التقنية المدنية والمعمارية,المراقبة المدنية,برامج مفعله,51,103,الفصل التدريبي الأول ,9,21,ماهر-001,مدخل الى مهارات القرن 21,2,0
المعاهد الصناعية الثانوية,دبلوم الثانوي الصناعي,التقنية المدنية والمعمارية,المراقبة المدنية,برامج مفعله,1,12,الفصل التدريبي الأول ,1,10,مدني-065,إختبارات التربة والخرسانة وا ل,0,20
المعاهد الصناعية الثانوية,دبلوم الثانوي الصناعي,التقنية المدنية والمعمارية,المراقبة المدنية,برامج مفعله,1,10,الفصل التدريبي الأول ,1,10,مدني-066,تقنيات الإنشاءات المدنية,0,20
المعاهد الصناعية الثانوية,دبلوم الثانوي الصناعي,التقنية المدنية والمعمارية,المراقبة المدنية,برامج مفعله,1,10,الفصل التدريبي الأول ,1,10,مدني-067,أعمال الطرق والتمديدات الصحية,0,20
المعاهد الصناعية الثانوية,دبلوم الثانوي الصناعي,التقنية المدنية والمعمارية,المراقبة المدنية,برامج مفعله,51,103,الفصل التدريبي الأول ,9,21,مهني-002,السلامة والصحة المهنية,1,2
المعاهد الصناعية الثانوية,دبلوم الثانوي الصناعي,التقنية المدنية والمعمارية,المراقبة المدنية,برامج مفعله,51,103,الفصل التدريبي الثالث ,9,19,اسلم-003,ثقافة إسلامية-3,2,0
المعاهد الصناعية الثانوية,دبلوم الثانوي الصناعي,التقنية المدنية والمعمارية,المراقبة المدنية,برامج مفعله,51,103,الفصل التدريبي الثالث ,9,19,انجل-003,لغة إنجليزية (3),4,0
المعاهد الصناعية الثانوية,دبلوم الثانوي الصناعي,التقنية المدنية والمعمارية,المراقبة المدنية,برامج مفعله,51,103,الفصل التدريبي الثالث ,9,19,رياض-003,رياضيات (3),2,0
المعاهد الصناعية الثانوية,دبلوم الثانوي الصناعي,التقنية المدنية والمعمارية,المراقبة المدنية,برامج مفعله,51,103,الفصل التدريبي الثالث ,9,19,ماهر-004,بحث ومصادر المعلومات,2,0
المعاهد الصناعية الثانوية,دبلوم الثانوي الصناعي,التقنية المدنية والمعمارية,المراقبة المدنية,برامج مفعله,51,103,الفصل التدريبي الثالث ,9,19,مرسم-001,اساسيات المساحة,0,4
المعاهد الصناعية الثانوية,دبلوم الثانوي الصناعي,التقنية المدنية والمعمارية,المراقبة المدنية,برامج مفعله,51,103,الفصل التدريبي الثالث ,9,19,مرسم-002,أساسيات الإنشاءات,0,4
المعاهد الصناعية الثانوية,دبلوم الثانوي الصناعي,التقنية المدنية والمعمارية,المراقبة المدنية,برامج مفعله,51,103,الفصل التدريبي الثالث ,9,19,مرسم-003,رسم و قراءة المخططات,0,4
المعاهد الصناعية الثانوية,دبلوم الثانوي الصناعي,التقنية المدنية والمعمارية,المراقبة المدنية,برامج مفعله,51,103,الفصل التدريبي الثالث ,9,19,مرسم-004,اساسيات عقود التشييد,0,4
المعاهد الصناعية الثانوية,دبلوم الثانوي الصناعي,التقنية المدنية والمعمارية,المراقبة المدنية,برامج مفعله,51,103,الفصل التدريبي الثالث ,9,19,مهني-003,الرسم الهندسي,0,4
المعاهد الصناعية الثانوية,دبلوم الثانوي الصناعي,التقنية المدنية والمعمارية,المراقبة المدنية,برامج مفعله,51,103,الفصل التدريبي الثاني ,10,22,اسلك-001,سلوك مهني,2,0
المعاهد الصناعية الثانوية,دبلوم الثانوي الصناعي,التقنية المدنية والمعمارية,المراقبة المدنية,برامج مفعله,51,103,الفصل التدريبي الثاني ,10,22,اسلم-002,ثقافة إسلامية-2,2,0
المعاهد الصناعية الثانوية,دبلوم الثانوي الصناعي,التقنية المدنية والمعمارية,المراقبة المدنية,برامج مفعله,51,103,الفصل التدريبي الثاني ,10,22,انجل-002,لغة إنجليزية (2),4,0
المعاهد الصناعية الثانوية,دبلوم الثانوي الصناعي,التقنية المدنية والمعمارية,المراقبة المدنية,برامج مفعله,51,103,الفصل التدريبي الثاني ,10,22,بدني-002,التربية البدنية-2,0,2
المعاهد الصناعية الثانوية,دبلوم الثانوي الصناعي,التقنية المدنية والمعمارية,المراقبة المدنية,برامج مفعله,51,103,الفصل التدريبي الثاني ,10,22,حاسب-002,تطبيقات الحاسب الآلي,0,6
المعاهد الصناعية الثانوية,دبلوم الثانوي الصناعي,التقنية المدنية والمعمارية,المراقبة المدنية,برامج مفعله,51,103,الفصل التدريبي الثاني ,10,22,رياض-002,رياضيات (2),2,0
المعاهد الصناعية الثانوية,دبلوم الثانوي الصناعي,التقنية المدنية والمعمارية,المراقبة المدنية,برامج مفعله,51,103,الفصل التدريبي الثاني ,10,22,عربي-002,لغة عربية-2,2,0
المعاهد الصناعية الثانوية,دبلوم الثانوي الصناعي,التقنية المدنية والمعمارية,المراقبة المدنية,برامج مفعله,51,103,الفصل التدريبي الثاني ,10,22,ماهر-002,مهارات التواصل والتعاون,2,0
المعاهد الصناعية الثانوية,دبلوم الثانوي الصناعي,التقنية المدنية والمعمارية,المراقبة المدنية,برامج مفعله,51,103,الفصل التدريبي الثاني ,10,22,ماهر-003,التفكير الناقد والإبداعي,2,0
المعاهد الصناعية الثانوية,دبلوم الثانوي الصناعي,التقنية المدنية والمعمارية,المراقبة المدنية,برامج مفعله,51,103,الفصل التدريبي الثاني ,10,22,مهني-001,ورش تأسيسية,0,6
المعاهد الصناعية الثانوية,دبلوم الثانوي الصناعي,التقنية المدنية والمعمارية,المراقبة المدنية,برامج مفعله,51,103,الفصل التدريبي الخامس ,8,14,مدني-002,ورشة شدات وحديد تسليح 2,0,4
المعاهد الصناعية الثانوية,دبلوم الثانوي الصناعي,التقنية المدنية والمعمارية,المراقبة المدنية,برامج مفعله,51,103,الفصل التدريبي الخامس ,8,14,مدني-003,حساب كميات  تخصصية,0,4
المعاهد الصناعية الثانوية,دبلوم الثانوي الصناعي,التقنية المدنية والمعمارية,المراقبة المدنية,برامج مفعله,51,103,الفصل التدريبي الخامس ,8,14,مدني-004,تقنيات الخرسانة,0,4
المعاهد الصناعية الثانوية,دبلوم الثانوي الصناعي,التقنية المدنية والمعمارية,المراقبة المدنية,برامج مفعله,51,103,الفصل التدريبي الخامس ,8,14,مدني-005,تقنية الانشاءات المدنية,0,4
المعاهد الصناعية الثانوية,دبلوم الثانوي الصناعي,التقنية المدنية والمعمارية,المراقبة المدنية,برامج مفعله,51,103,الفصل التدريبي الخامس ,8,14,مدني-006,أعمال طرق وتمديدات,0,4
المعاهد الصناعية الثانوية,دبلوم الثانوي الصناعي,التقنية المدنية والمعمارية,المراقبة المدنية,برامج مفعله,51,103,الفصل التدريبي الخامس ,8,14,مدني-007,ورش وتشطيبات,0,4
المعاهد الصناعية الثانوية,دبلوم الثانوي الصناعي,التقنية المدنية والمعمارية,المراقبة المدنية,برامج مفعله,51,103,الفصل التدريبي الخامس ,8,14,مدني-091,مشاريع إنتاجية,0,4
المعاهد الصناعية الثانوية,دبلوم الثانوي الصناعي,التقنية المدنية والمعمارية,المراقبة المدنية,برامج مفعله,51,103,الفصل التدريبي الخامس ,8,14,نشاط-002,أنشطة مهنية 2,2,0
المعاهد الصناعية الثانوية,دبلوم الثانوي الصناعي,التقنية المدنية والمعمارية,المراقبة المدنية,برامج مفعله,51,103,الفصل التدريبي الرابع ,8,14,حاكر-016,اختبار المواد,0,4
المعاهد الصناعية الثانوية,دبلوم الثانوي الصناعي,التقنية المدنية والمعمارية,المراقبة المدنية,برامج مفعله,51,103,الفصل التدريبي الرابع ,8,14,مدرع-001,نمذجة معلومات المباني,0,4
المعاهد الصناعية الثانوية,دبلوم الثانوي الصناعي,التقنية المدنية والمعمارية,المراقبة المدنية,برامج مفعله,51,103,الفصل التدريبي الرابع ,8,14,مدرع-002,ورشة شدات وحديد تسليح1,0,4
المعاهد الصناعية الثانوية,دبلوم الثانوي الصناعي,التقنية المدنية والمعمارية,المراقبة المدنية,برامج مفعله,51,103,الفصل التدريبي الرابع ,8,14,مدرع-003,تركيبات صحية وكهربائية,0,4
المعاهد الصناعية الثانوية,دبلوم الثانوي الصناعي,التقنية المدنية والمعمارية,المراقبة المدنية,برامج مفعله,51,103,الفصل التدريبي الرابع ,8,14,مدرع-004,جداول الكميات,0,4
المعاهد الصناعية الثانوية,دبلوم الثانوي الصناعي,التقنية المدنية والمعمارية,المراقبة المدنية,برامج مفعله,51,103,الفصل التدريبي الرابع ,8,14,مدني-001,رسم منشأت مدنية بالحاسب1,0,4
المعاهد الصناعية الثانوية,دبلوم الثانوي الصناعي,التقنية المدنية والمعمارية,المراقبة المدنية,برامج مفعله,51,103,الفصل التدريبي الرابع ,8,14,مهني-004,مقدمة في ريادة الأعمال,1,2
المعاهد الصناعية الثانوية,دبلوم الثانوي الصناعي,التقنية المدنية والمعمارية,المراقبة المدنية,برامج مفعله,51,103,الفصل التدريبي الرابع ,8,14,نشاط-001,أنشطة مهنية,2,0
المعاهد الصناعية الثانوية,دبلوم الثانوي الصناعي,التقنية المدنية والمعمارية,المراقبة المدنية,برامج مفعله,51,103,الفصل التدريبي السادس ,7,13,مدني-008,رسم منشأت مدنية بالحاسب2,0,4
المعاهد الصناعية الثانوية,دبلوم الثانوي الصناعي,التقنية المدنية والمعمارية,المراقبة المدنية,برامج مفعله,51,103,الفصل التدريبي السادس ,7,13,مدني-009,ورشة شدات وحديد تسليح3,0,4
المعاهد الصناعية الثانوية,دبلوم الثانوي الصناعي,التقنية المدنية والمعمارية,المراقبة المدنية,برامج مفعله,51,103,الفصل التدريبي السادس ,7,13,مدني-010,تقنيات التربة والاسفلت,0,4
المعاهد الصناعية الثانوية,دبلوم الثانوي الصناعي,التقنية المدنية والمعمارية,المراقبة المدنية,برامج مفعله,51,103,الفصل التدريبي السادس ,7,13,مدني-011,اساسيات تحليل انشائي,0,4
المعاهد الصناعية الثانوية,دبلوم الثانوي الصناعي,التقنية المدنية والمعمارية,المراقبة المدنية,برامج مفعله,51,103,الفصل التدريبي السادس ,7,13,مدني-012,حساب كميات بالحاسب,0,4
المعاهد الصناعية الثانوية,دبلوم الثانوي الصناعي,التقنية المدنية والمعمارية,المراقبة المدنية,برامج مفعله,51,103,الفصل التدريبي السادس ,7,13,مدني-098,تدريب إنتاجي,0,6
المعاهد الصناعية الثانوية,دبلوم الثانوي الصناعي,التقنية المدنية والمعمارية,المراقبة المدنية,برامج مفعله,51,103,الفصل التدريبي السادس ,7,13,نشاط-003,أنشطة مهنية - 3,4,0
المعاهد الصناعية الثانوية,دبلوم الثانوي الصناعي,التقنية المدنية والمعمارية,المراقبة المعمارية,برامج مفعله,51,103,الفصل التدريبي الأول ,9,21,اسلم-001,ثقافة إسلامية-1,2,0
المعاهد الصناعية الثانوية,دبلوم الثانوي الصناعي,التقنية المدنية والمعمارية,المراقبة المعمارية,برامج مفعله,51,103,الفصل التدريبي الأول ,9,21,انجل-001,لغة إنجليزية (1),4,0
المعاهد الصناعية الثانوية,دبلوم الثانوي الصناعي,التقنية المدنية والمعمارية,المراقبة المعمارية,برامج مفعله,51,103,الفصل التدريبي الأول ,9,21,بدني-001,التربية البدنية-1,0,4
المعاهد الصناعية الثانوية,دبلوم الثانوي الصناعي,التقنية المدنية والمعمارية,المراقبة المعمارية,برامج مفعله,51,103,الفصل التدريبي الأول ,9,21,حاسب-001,أساسيات الحاسب الآلي,0,6
المعاهد الصناعية الثانوية,دبلوم الثانوي الصناعي,التقنية المدنية والمعمارية,المراقبة المعمارية,برامج مفعله,1,10,الفصل التدريبي الأول ,1,10,رسمع-053,رسومات المجسمات المعمارية,0,20
المعاهد الصناعية الثانوية,دبلوم الثانوي الصناعي,التقنية المدنية والمعمارية,المراقبة المعمارية,برامج مفعله,51,103,الفصل التدريبي الأول ,9,21,رياض-001,رياضيات (1),2,0
المعاهد الصناعية الثانوية,دبلوم الثانوي الصناعي,التقنية المدنية والمعمارية,المراقبة المعمارية,برامج مفعله,51,103,الفصل التدريبي الأول ,9,21,عربي-001,لغة عربية-1,2,0
المعاهد الصناعية الثانوية,دبلوم الثانوي الصناعي,التقنية المدنية والمعمارية,المراقبة المعمارية,برامج مفعله,1,10,الفصل التدريبي الأول ,1,10,عمار-065,تقنيات الإنشاءات المعمارية,0,20
المعاهد الصناعية الثانوية,دبلوم الثانوي الصناعي,التقنية المدنية والمعمارية,المراقبة المعمارية,برامج مفعله,1,10,الفصل التدريبي الأول ,1,10,عمار-066,تقنيات معمارية,0,20
المعاهد الصناعية الثانوية,دبلوم الثانوي الصناعي,التقنية المدنية والمعمارية,المراقبة المعمارية,برامج مفعله,51,103,الفصل التدريبي الأول ,9,21,فيزي-001,فــيـزيـــــــاء,2,2
المعاهد الصناعية الثانوية,دبلوم الثانوي الصناعي,التقنية المدنية والمعمارية,المراقبة المعمارية,برامج مفعله,51,103,الفصل التدريبي الأول ,9,21,ماهر-001,مدخل الى مهارات القرن 21,2,0
المعاهد الصناعية الثانوية,دبلوم الثانوي الصناعي,التقنية المدنية والمعمارية,المراقبة المعمارية,برامج مفعله,51,103,الفصل التدريبي الأول ,9,21,مهني-002,السلامة والصحة المهنية,1,2
المعاهد الصناعية الثانوية,دبلوم الثانوي الصناعي,التقنية المدنية والمعمارية,المراقبة المعمارية,برامج مفعله,51,103,الفصل التدريبي الثالث ,9,19,اسلم-003,ثقافة إسلامية-3,2,0
المعاهد الصناعية الثانوية,دبلوم الثانوي الصناعي,التقنية المدنية والمعمارية,المراقبة المعمارية,برامج مفعله,51,103,الفصل التدريبي الثالث ,9,19,انجل-003,لغة إنجليزية (3),4,0
المعاهد الصناعية الثانوية,دبلوم الثانوي الصناعي,التقنية المدنية والمعمارية,المراقبة المعمارية,برامج مفعله,51,103,الفصل التدريبي الثالث ,9,19,رياض-003,رياضيات (3),2,0
المعاهد الصناعية الثانوية,دبلوم الثانوي الصناعي,التقنية المدنية والمعمارية,المراقبة المعمارية,برامج مفعله,51,103,الفصل التدريبي الثالث ,9,19,ماهر-004,بحث ومصادر المعلومات,2,0
المعاهد الصناعية الثانوية,دبلوم الثانوي الصناعي,التقنية المدنية والمعمارية,المراقبة المعمارية,برامج مفعله,51,103,الفصل التدريبي الثالث ,9,19,مرسم-001,اساسيات المساحة,0,4
المعاهد الصناعية الثانوية,دبلوم الثانوي الصناعي,التقنية المدنية والمعمارية,المراقبة المعمارية,برامج مفعله,51,103,الفصل التدريبي الثالث ,9,19,مرسم-002,أساسيات الإنشاءات,0,4
المعاهد الصناعية الثانوية,دبلوم الثانوي الصناعي,التقنية المدنية والمعمارية,المراقبة المعمارية,برامج مفعله,51,103,الفصل التدريبي الثالث ,9,19,مرسم-003,رسم و قراءة المخططات,0,4
المعاهد الصناعية الثانوية,دبلوم الثانوي الصناعي,التقنية المدنية والمعمارية,المراقبة المعمارية,برامج مفعله,51,103,الفصل التدريبي الثالث ,9,19,مرسم-004,اساسيات عقود التشييد,0,4
المعاهد الصناعية الثانوية,دبلوم الثانوي الصناعي,التقنية المدنية والمعمارية,المراقبة المعمارية,برامج مفعله,51,103,الفصل التدريبي الثالث ,9,19,مهني-003,الرسم الهندسي,0,4
المعاهد الصناعية الثانوية,دبلوم الثانوي الصناعي,التقنية المدنية والمعمارية,المراقبة المعمارية,برامج مفعله,51,103,الفصل التدريبي الثاني ,10,22,اسلك-001,سلوك مهني,2,0
المعاهد الصناعية الثانوية,دبلوم الثانوي الصناعي,التقنية المدنية والمعمارية,المراقبة المعمارية,برامج مفعله,51,103,الفصل التدريبي الثاني ,10,22,اسلم-002,ثقافة إسلامية-2,2,0
المعاهد الصناعية الثانوية,دبلوم الثانوي الصناعي,التقنية المدنية والمعمارية,المراقبة المعمارية,برامج مفعله,51,103,الفصل التدريبي الثاني ,10,22,انجل-002,لغة إنجليزية (2),4,0
المعاهد الصناعية الثانوية,دبلوم الثانوي الصناعي,التقنية المدنية والمعمارية,المراقبة المعمارية,برامج مفعله,51,103,الفصل التدريبي الثاني ,10,22,بدني-002,التربية البدنية-2,0,2
المعاهد الصناعية الثانوية,دبلوم الثانوي الصناعي,التقنية المدنية والمعمارية,المراقبة المعمارية,برامج مفعله,51,103,الفصل التدريبي الثاني ,10,22,حاسب-002,تطبيقات الحاسب الآلي,0,6
المعاهد الصناعية الثانوية,دبلوم الثانوي الصناعي,التقنية المدنية والمعمارية,المراقبة المعمارية,برامج مفعله,51,103,الفصل التدريبي الثاني ,10,22,رياض-002,رياضيات (2),2,0
المعاهد الصناعية الثانوية,دبلوم الثانوي الصناعي,التقنية المدنية والمعمارية,المراقبة المعمارية,برامج مفعله,51,103,الفصل التدريبي الثاني ,10,22,عربي-002,لغة عربية-2,2,0
المعاهد الصناعية الثانوية,دبلوم الثانوي الصناعي,التقنية المدنية والمعمارية,المراقبة المعمارية,برامج مفعله,51,103,الفصل التدريبي الثاني ,10,22,ماهر-002,مهارات التواصل والتعاون,2,0
المعاهد الصناعية الثانوية,دبلوم الثانوي الصناعي,التقنية المدنية والمعمارية,المراقبة المعمارية,برامج مفعله,51,103,الفصل التدريبي الثاني ,10,22,ماهر-003,التفكير الناقد والإبداعي,2,0
المعاهد الصناعية الثانوية,دبلوم الثانوي الصناعي,التقنية المدنية والمعمارية,المراقبة المعمارية,برامج مفعله,51,103,الفصل التدريبي الثاني ,10,22,مهني-001,ورش تأسيسية,0,6
المعاهد الصناعية الثانوية,دبلوم الثانوي الصناعي,التقنية المدنية والمعمارية,المراقبة المعمارية,برامج مفعله,51,103,الفصل التدريبي الخامس ,8,14,عمار-011,تقنيات العمارة الحديثة,0,4
المعاهد الصناعية الثانوية,دبلوم الثانوي الصناعي,التقنية المدنية والمعمارية,المراقبة المعمارية,برامج مفعله,51,103,الفصل التدريبي الخامس ,8,14,عمار-012,ورش شدات وحديد تسليح (2),0,4
المعاهد الصناعية الثانوية,دبلوم الثانوي الصناعي,التقنية المدنية والمعمارية,المراقبة المعمارية,برامج مفعله,51,103,الفصل التدريبي الخامس ,8,14,عمار-022,مهارات معماري ( 1 ),0,4
المعاهد الصناعية الثانوية,دبلوم الثانوي الصناعي,التقنية المدنية والمعمارية,المراقبة المعمارية,برامج مفعله,51,103,الفصل التدريبي الخامس ,8,14,عمار-024,جداول كميات معماري ( 1 ),0,4
المعاهد الصناعية الثانوية,دبلوم الثانوي الصناعي,التقنية المدنية والمعمارية,المراقبة المعمارية,برامج مفعله,51,103,الفصل التدريبي الخامس ,8,14,عمار-033,منظور معماري بالحاسب,0,4
المعاهد الصناعية الثانوية,دبلوم الثانوي الصناعي,التقنية المدنية والمعمارية,المراقبة المعمارية,برامج مفعله,51,103,الفصل التدريبي الخامس ,8,14,عمار-091,مشاريع إنتاجية,0,4
المعاهد الصناعية الثانوية,دبلوم الثانوي الصناعي,التقنية المدنية والمعمارية,المراقبة المعمارية,برامج مفعله,51,103,الفصل التدريبي الخامس ,8,14,مدني-004,تقنيات الخرسانة,0,4
المعاهد الصناعية الثانوية,دبلوم الثانوي الصناعي,التقنية المدنية والمعمارية,المراقبة المعمارية,برامج مفعله,51,103,الفصل التدريبي الخامس ,8,14,نشاط-002,أنشطة مهنية 2,2,0
المعاهد الصناعية الثانوية,دبلوم الثانوي الصناعي,التقنية المدنية والمعمارية,المراقبة المعمارية,برامج مفعله,51,103,الفصل التدريبي الرابع ,8,14,حاكر-016,اختبار المواد,0,4
المعاهد الصناعية الثانوية,دبلوم الثانوي الصناعي,التقنية المدنية والمعمارية,المراقبة المعمارية,برامج مفعله,51,103,الفصل التدريبي الرابع ,8,14,عمار-021,رسم وقراءة مخططات معماري (1 ),0,4
المعاهد الصناعية الثانوية,دبلوم الثانوي الصناعي,التقنية المدنية والمعمارية,المراقبة المعمارية,برامج مفعله,51,103,الفصل التدريبي الرابع ,8,14,مدرع-001,نمذجة معلومات المباني,0,4
المعاهد الصناعية الثانوية,دبلوم الثانوي الصناعي,التقنية المدنية والمعمارية,المراقبة المعمارية,برامج مفعله,51,103,الفصل التدريبي الرابع ,8,14,مدرع-002,ورشة شدات وحديد تسليح1,0,4
المعاهد الصناعية الثانوية,دبلوم الثانوي الصناعي,التقنية المدنية والمعمارية,المراقبة المعمارية,برامج مفعله,51,103,الفصل التدريبي الرابع ,8,14,مدرع-003,تركيبات صحية وكهربائية,0,4
المعاهد الصناعية الثانوية,دبلوم الثانوي الصناعي,التقنية المدنية والمعمارية,المراقبة المعمارية,برامج مفعله,51,103,الفصل التدريبي الرابع ,8,14,مدرع-004,جداول الكميات,0,4
المعاهد الصناعية الثانوية,دبلوم الثانوي الصناعي,التقنية المدنية والمعمارية,المراقبة المعمارية,برامج مفعله,51,103,الفصل التدريبي الرابع ,8,14,مهني-004,مقدمة في ريادة الأعمال,1,2
المعاهد الصناعية الثانوية,دبلوم الثانوي الصناعي,التقنية المدنية والمعمارية,المراقبة المعمارية,برامج مفعله,51,103,الفصل التدريبي الرابع ,8,14,نشاط-001,أنشطة مهنية,2,0
المعاهد الصناعية الثانوية,دبلوم الثانوي الصناعي,التقنية المدنية والمعمارية,المراقبة المعمارية,برامج مفعله,51,103,الفصل التدريبي السادس ,7,13,عمار-013,ورش شدات وحديد تسليح (3),0,4
المعاهد الصناعية الثانوية,دبلوم الثانوي الصناعي,التقنية المدنية والمعمارية,المراقبة المعمارية,برامج مفعله,51,103,الفصل التدريبي السادس ,7,13,عمار-023,رسم وقراءة مخططات معماري (2),0,4
المعاهد الصناعية الثانوية,دبلوم الثانوي الصناعي,التقنية المدنية والمعمارية,المراقبة المعمارية,برامج مفعله,51,103,الفصل التدريبي السادس ,7,13,عمار-032,ورشة تشطيبات,0,4
المعاهد الصناعية الثانوية,دبلوم الثانوي الصناعي,التقنية المدنية والمعمارية,المراقبة المعمارية,برامج مفعله,51,103,الفصل التدريبي السادس ,7,13,عمار-034,جداول كميات معماري ( 2 ),0,4
المعاهد الصناعية الثانوية,دبلوم الثانوي الصناعي,التقنية المدنية والمعمارية,المراقبة المعمارية,برامج مفعله,51,103,الفصل التدريبي السادس ,7,13,عمار-042,مهارات معماري ( 2),0,4
المعاهد الصناعية الثانوية,دبلوم الثانوي الصناعي,التقنية المدنية والمعمارية,المراقبة المعمارية,برامج مفعله,51,103,الفصل التدريبي السادس ,7,13,عمار-098,تدريب إنتاجي,0,6
المعاهد الصناعية الثانوية,دبلوم الثانوي الصناعي,التقنية المدنية والمعمارية,المراقبة المعمارية,برامج مفعله,51,103,الفصل التدريبي السادس ,7,13,نشاط-003,أنشطة مهنية - 3,4,0
المعاهد الصناعية الثانوية,دبلوم الثانوي الصناعي,التقنية الكهربائية,المصاعد الكهربائية,برامج مفعله,51,103,الفصل التدريبي الأول ,9,21,اسلم-001,ثقافة إسلامية-1,2,0
المعاهد الصناعية الثانوية,دبلوم الثانوي الصناعي,التقنية الكهربائية,المصاعد الكهربائية,برامج مفعله,51,103,الفصل التدريبي الأول ,9,21,انجل-001,لغة إنجليزية (1),4,0
المعاهد الصناعية الثانوية,دبلوم الثانوي الصناعي,التقنية الكهربائية,المصاعد الكهربائية,برامج مفعله,51,103,الفصل التدريبي الأول ,9,21,بدني-001,التربية البدنية-1,0,4
المعاهد الصناعية الثانوية,دبلوم الثانوي الصناعي,التقنية الكهربائية,المصاعد الكهربائية,برامج مفعله,51,103,الفصل التدريبي الأول ,9,21,حاسب-001,أساسيات الحاسب الآلي,0,6
المعاهد الصناعية الثانوية,دبلوم الثانوي الصناعي,التقنية الكهربائية,المصاعد الكهربائية,برامج مفعله,51,103,الفصل التدريبي الأول ,9,21,رياض-001,رياضيات (1),2,0
المعاهد الصناعية الثانوية,دبلوم الثانوي الصناعي,التقنية الكهربائية,المصاعد الكهربائية,برامج مفعله,51,103,الفصل التدريبي الأول ,9,21,عربي-001,لغة عربية-1,2,0
المعاهد الصناعية الثانوية,دبلوم الثانوي الصناعي,التقنية الكهربائية,المصاعد الكهربائية,برامج مفعله,51,103,الفصل التدريبي الأول ,9,21,فيزي-001,فــيـزيـــــــاء,2,2
المعاهد الصناعية الثانوية,دبلوم الثانوي الصناعي,التقنية الكهربائية,المصاعد الكهربائية,برامج مفعله,51,103,الفصل التدريبي الأول ,9,21,ماهر-001,مدخل الى مهارات القرن 21,2,0
المعاهد الصناعية الثانوية,دبلوم الثانوي الصناعي,التقنية الكهربائية,المصاعد الكهربائية,برامج مفعله,1,10,الفصل التدريبي الأول ,1,10,مصعد-065,صيانة المصاعد الكهربائية,0,20
المعاهد الصناعية الثانوية,دبلوم الثانوي الصناعي,التقنية الكهربائية,المصاعد الكهربائية,برامج مفعله,51,103,الفصل التدريبي الأول ,9,21,مهني-002,السلامة والصحة المهنية,1,2
المعاهد الصناعية الثانوية,دبلوم الثانوي الصناعي,التقنية الكهربائية,المصاعد الكهربائية,برامج مفعله,51,103,الفصل التدريبي الثالث ,9,19,اسلم-003,ثقافة إسلامية-3,2,0
المعاهد الصناعية الثانوية,دبلوم الثانوي الصناعي,التقنية الكهربائية,المصاعد الكهربائية,برامج مفعله,51,103,الفصل التدريبي الثالث ,9,19,انجل-003,لغة إنجليزية (3),4,0
المعاهد الصناعية الثانوية,دبلوم الثانوي الصناعي,التقنية الكهربائية,المصاعد الكهربائية,برامج مفعله,51,103,الفصل التدريبي الثالث ,9,19,حاكر-011,أجهزة القياسات,0,4
المعاهد الصناعية الثانوية,دبلوم الثانوي الصناعي,التقنية الكهربائية,المصاعد الكهربائية,برامج مفعله,51,103,الفصل التدريبي الثالث ,9,19,حاكر-012,أساسيات الكهرباء,0,4
المعاهد الصناعية الثانوية,دبلوم الثانوي الصناعي,التقنية الكهربائية,المصاعد الكهربائية,برامج مفعله,51,103,الفصل التدريبي الثالث ,9,19,حاكر-013,أساسيات الإلكترونيات,0,4
المعاهد الصناعية الثانوية,دبلوم الثانوي الصناعي,التقنية الكهربائية,المصاعد الكهربائية,برامج مفعله,51,103,الفصل التدريبي الثالث ,9,19,حاكر-015,تطبيقات فنية,0,4
المعاهد الصناعية الثانوية,دبلوم الثانوي الصناعي,التقنية الكهربائية,المصاعد الكهربائية,برامج مفعله,51,103,الفصل التدريبي الثالث ,9,19,رياض-003,رياضيات (3),2,0
المعاهد الصناعية الثانوية,دبلوم الثانوي الصناعي,التقنية الكهربائية,المصاعد الكهربائية,برامج مفعله,51,103,الفصل التدريبي الثالث ,9,19,ماهر-004,بحث ومصادر المعلومات,2,0
المعاهد الصناعية الثانوية,دبلوم الثانوي الصناعي,التقنية الكهربائية,المصاعد الكهربائية,برامج مفعله,51,103,الفصل التدريبي الثالث ,9,19,مهني-003,الرسم الهندسي,0,4
المعاهد الصناعية الثانوية,دبلوم الثانوي الصناعي,التقنية الكهربائية,المصاعد الكهربائية,برامج مفعله,51,103,الفصل التدريبي الثاني ,10,22,اسلك-001,سلوك مهني,2,0
المعاهد الصناعية الثانوية,دبلوم الثانوي الصناعي,التقنية الكهربائية,المصاعد الكهربائية,برامج مفعله,51,103,الفصل التدريبي الثاني ,10,22,اسلم-002,ثقافة إسلامية-2,2,0
المعاهد الصناعية الثانوية,دبلوم الثانوي الصناعي,التقنية الكهربائية,المصاعد الكهربائية,برامج مفعله,51,103,الفصل التدريبي الثاني ,10,22,انجل-002,لغة إنجليزية (2),4,0
المعاهد الصناعية الثانوية,دبلوم الثانوي الصناعي,التقنية الكهربائية,المصاعد الكهربائية,برامج مفعله,51,103,الفصل التدريبي الثاني ,10,22,بدني-002,التربية البدنية-2,0,2
المعاهد الصناعية الثانوية,دبلوم الثانوي الصناعي,التقنية الكهربائية,المصاعد الكهربائية,برامج مفعله,51,103,الفصل التدريبي الثاني ,10,22,حاسب-002,تطبيقات الحاسب الآلي,0,6
المعاهد الصناعية الثانوية,دبلوم الثانوي الصناعي,التقنية الكهربائية,المصاعد الكهربائية,برامج مفعله,51,103,الفصل التدريبي الثاني ,10,22,رياض-002,رياضيات (2),2,0
المعاهد الصناعية الثانوية,دبلوم الثانوي الصناعي,التقنية الكهربائية,المصاعد الكهربائية,برامج مفعله,51,103,الفصل التدريبي الثاني ,10,22,عربي-002,لغة عربية-2,2,0
المعاهد الصناعية الثانوية,دبلوم الثانوي الصناعي,التقنية الكهربائية,المصاعد الكهربائية,برامج مفعله,51,103,الفصل التدريبي الثاني ,10,22,ماهر-002,مهارات التواصل والتعاون,2,0
المعاهد الصناعية الثانوية,دبلوم الثانوي الصناعي,التقنية الكهربائية,المصاعد الكهربائية,برامج مفعله,51,103,الفصل التدريبي الثاني ,10,22,ماهر-003,التفكير الناقد والإبداعي,2,0
المعاهد الصناعية الثانوية,دبلوم الثانوي الصناعي,التقنية الكهربائية,المصاعد الكهربائية,برامج مفعله,51,103,الفصل التدريبي الثاني ,10,22,مهني-001,ورش تأسيسية,0,6
المعاهد الصناعية الثانوية,دبلوم الثانوي الصناعي,التقنية الكهربائية,المصاعد الكهربائية,برامج مفعله,51,103,الفصل التدريبي الخامس ,8,14,كهرب-011,الرسم الفني بالحاسب الآلي,0,4
المعاهد الصناعية الثانوية,دبلوم الثانوي الصناعي,التقنية الكهربائية,المصاعد الكهربائية,برامج مفعله,51,103,الفصل التدريبي الخامس ,8,14,مصعد-032,ورشة التحكم الكهربائية متقدم,0,4
المعاهد الصناعية الثانوية,دبلوم الثانوي الصناعي,التقنية الكهربائية,المصاعد الكهربائية,برامج مفعله,51,103,الفصل التدريبي الخامس ,8,14,مصعد-033,ورشة الآلات الكهربائية 1,0,4
المعاهد الصناعية الثانوية,دبلوم الثانوي الصناعي,التقنية الكهربائية,المصاعد الكهربائية,برامج مفعله,51,103,الفصل التدريبي الخامس ,8,14,مصعد-041,كهرباء المصاعد,0,4
المعاهد الصناعية الثانوية,دبلوم الثانوي الصناعي,التقنية الكهربائية,المصاعد الكهربائية,برامج مفعله,51,103,الفصل التدريبي الخامس ,8,14,مصعد-051,التحكم الهيدروليكي,0,4
المعاهد الصناعية الثانوية,دبلوم الثانوي الصناعي,التقنية الكهربائية,المصاعد الكهربائية,برامج مفعله,51,103,الفصل التدريبي الخامس ,8,14,مصعد-053,معمل التحريك الكهربائي,0,4
المعاهد الصناعية الثانوية,دبلوم الثانوي الصناعي,التقنية الكهربائية,المصاعد الكهربائية,برامج مفعله,51,103,الفصل التدريبي الخامس ,8,14,مصعد-091,مشاريع إنتاجية,0,4
المعاهد الصناعية الثانوية,دبلوم الثانوي الصناعي,التقنية الكهربائية,المصاعد الكهربائية,برامج مفعله,51,103,الفصل التدريبي الخامس ,8,14,نشاط-002,أنشطة مهنية 2,2,0
المعاهد الصناعية الثانوية,دبلوم الثانوي الصناعي,التقنية الكهربائية,المصاعد الكهربائية,برامج مفعله,51,103,الفصل التدريبي الرابع ,8,14,حاجك-012, عناصر الكترونية,0,4
المعاهد الصناعية الثانوية,دبلوم الثانوي الصناعي,التقنية الكهربائية,المصاعد الكهربائية,برامج مفعله,51,103,الفصل التدريبي الرابع ,8,14,حاكر-016,اختبار المواد,0,4
المعاهد الصناعية الثانوية,دبلوم الثانوي الصناعي,التقنية الكهربائية,المصاعد الكهربائية,برامج مفعله,51,103,الفصل التدريبي الرابع ,8,14,كهرب-014,التمديدات المنزلية,0,4
المعاهد الصناعية الثانوية,دبلوم الثانوي الصناعي,التقنية الكهربائية,المصاعد الكهربائية,برامج مفعله,51,103,الفصل التدريبي الرابع ,8,14,مرسم-002,أساسيات الإنشاءات,0,4
المعاهد الصناعية الثانوية,دبلوم الثانوي الصناعي,التقنية الكهربائية,المصاعد الكهربائية,برامج مفعله,51,103,الفصل التدريبي الرابع ,8,14,مصعد-021,ميكانيكا المصاعد,0,4
المعاهد الصناعية الثانوية,دبلوم الثانوي الصناعي,التقنية الكهربائية,المصاعد الكهربائية,برامج مفعله,51,103,الفصل التدريبي الرابع ,8,14,مصعد-031,ورشة التحكم الكهربائية,0,4
المعاهد الصناعية الثانوية,دبلوم الثانوي الصناعي,التقنية الكهربائية,المصاعد الكهربائية,برامج مفعله,51,103,الفصل التدريبي الرابع ,8,14,مهني-004,مقدمة في ريادة الأعمال,1,2
المعاهد الصناعية الثانوية,دبلوم الثانوي الصناعي,التقنية الكهربائية,المصاعد الكهربائية,برامج مفعله,51,103,الفصل التدريبي الرابع ,8,14,نشاط-001,أنشطة مهنية,2,0
المعاهد الصناعية الثانوية,دبلوم الثانوي الصناعي,التقنية الكهربائية,المصاعد الكهربائية,برامج مفعله,51,103,الفصل التدريبي السادس ,7,13,مصعد-034,ورشة الآلات الكهربائية 2,0,4
المعاهد الصناعية الثانوية,دبلوم الثانوي الصناعي,التقنية الكهربائية,المصاعد الكهربائية,برامج مفعله,51,103,الفصل التدريبي السادس ,7,13,مصعد-052,معمل  دوائر التحكم المبرمج,0,4
المعاهد الصناعية الثانوية,دبلوم الثانوي الصناعي,التقنية الكهربائية,المصاعد الكهربائية,برامج مفعله,51,103,الفصل التدريبي السادس ,7,13,مصعد-061,إصلاح الأعطال الكهربائية,0,4
المعاهد الصناعية الثانوية,دبلوم الثانوي الصناعي,التقنية الكهربائية,المصاعد الكهربائية,برامج مفعله,51,103,الفصل التدريبي السادس ,7,13,مصعد-062,الصيانة الدورية للمصاعد,0,4
المعاهد الصناعية الثانوية,دبلوم الثانوي الصناعي,التقنية الكهربائية,المصاعد الكهربائية,برامج مفعله,51,103,الفصل التدريبي السادس ,7,13,مصعد-063,إصلاح الاعطال الميكانيكية,0,4
المعاهد الصناعية الثانوية,دبلوم الثانوي الصناعي,التقنية الكهربائية,المصاعد الكهربائية,برامج مفعله,51,103,الفصل التدريبي السادس ,7,13,مصعد-098,تدريب إنتاجي,0,6
المعاهد الصناعية الثانوية,دبلوم الثانوي الصناعي,التقنية الكهربائية,المصاعد الكهربائية,برامج مفعله,51,103,الفصل التدريبي السادس ,7,13,نشاط-003,أنشطة مهنية - 3,4,0
المعاهد الصناعية الثانوية,دبلوم الثانوي الصناعي,التقنية الميكانيكية,المعدات ثقيلة,برامج مفعله,51,103,الفصل التدريبي الأول ,9,21,اسلم-001,ثقافة إسلامية-1,2,0
المعاهد الصناعية الثانوية,دبلوم الثانوي الصناعي,التقنية الميكانيكية,المعدات ثقيلة,برامج مفعله,51,103,الفصل التدريبي الأول ,9,21,انجل-001,لغة إنجليزية (1),4,0
المعاهد الصناعية الثانوية,دبلوم الثانوي الصناعي,التقنية الميكانيكية,المعدات ثقيلة,برامج مفعله,51,103,الفصل التدريبي الأول ,9,21,بدني-001,التربية البدنية-1,0,4
المعاهد الصناعية الثانوية,دبلوم الثانوي الصناعي,التقنية الميكانيكية,المعدات ثقيلة,برامج مفعله,1,8,الفصل التدريبي الأول ,1,8,ثقيل-093,حقن وقود الديزل بالمعدات الثقيلة,0,16
المعاهد الصناعية الثانوية,دبلوم الثانوي الصناعي,التقنية الميكانيكية,المعدات ثقيلة,برامج مفعله,1,12,الفصل التدريبي الأول ,1,12,ثقيل-094,مجموعة نقل القدرة بالمعدات الثقيلة,0,24
المعاهد الصناعية الثانوية,دبلوم الثانوي الصناعي,التقنية الميكانيكية,المعدات ثقيلة,برامج مفعله,1,10,الفصل التدريبي الأول ,1,10,ثقيل-095,أنظمة نقل القدرة بالمعدات الثقيلة والمجنزرات,0,20
المعاهد الصناعية الثانوية,دبلوم الثانوي الصناعي,التقنية الميكانيكية,المعدات ثقيلة,برامج مفعله,51,103,الفصل التدريبي الأول ,9,21,حاسب-001,أساسيات الحاسب الآلي,0,6
المعاهد الصناعية الثانوية,دبلوم الثانوي الصناعي,التقنية الميكانيكية,المعدات ثقيلة,برامج مفعله,51,103,الفصل التدريبي الأول ,9,21,رياض-001,رياضيات (1),2,0
المعاهد الصناعية الثانوية,دبلوم الثانوي الصناعي,التقنية الميكانيكية,المعدات ثقيلة,برامج مفعله,51,103,الفصل التدريبي الأول ,9,21,عربي-001,لغة عربية-1,2,0
المعاهد الصناعية الثانوية,دبلوم الثانوي الصناعي,التقنية الميكانيكية,المعدات ثقيلة,برامج مفعله,51,103,الفصل التدريبي الأول ,9,21,فيزي-001,فــيـزيـــــــاء,2,2
المعاهد الصناعية الثانوية,دبلوم الثانوي الصناعي,التقنية الميكانيكية,المعدات ثقيلة,برامج مفعله,51,103,الفصل التدريبي الأول ,9,21,ماهر-001,مدخل الى مهارات القرن 21,2,0
المعاهد الصناعية الثانوية,دبلوم الثانوي الصناعي,التقنية الميكانيكية,المعدات ثقيلة,برامج مفعله,51,103,الفصل التدريبي الأول ,9,21,مهني-002,السلامة والصحة المهنية,1,2
المعاهد الصناعية الثانوية,دبلوم الثانوي الصناعي,التقنية الميكانيكية,المعدات ثقيلة,برامج مفعله,51,103,الفصل التدريبي الثالث ,9,19,اسلم-003,ثقافة إسلامية-3,2,0
المعاهد الصناعية الثانوية,دبلوم الثانوي الصناعي,التقنية الميكانيكية,المعدات ثقيلة,برامج مفعله,51,103,الفصل التدريبي الثالث ,9,19,انجل-003,لغة إنجليزية (3),4,0
المعاهد الصناعية الثانوية,دبلوم الثانوي الصناعي,التقنية الميكانيكية,المعدات ثقيلة,برامج مفعله,51,103,الفصل التدريبي الثالث ,9,19,حاكر-011,أجهزة القياسات,0,4
المعاهد الصناعية الثانوية,دبلوم الثانوي الصناعي,التقنية الميكانيكية,المعدات ثقيلة,برامج مفعله,51,103,الفصل التدريبي الثالث ,9,19,حاكر-012,أساسيات الكهرباء,0,4
المعاهد الصناعية الثانوية,دبلوم الثانوي الصناعي,التقنية الميكانيكية,المعدات ثقيلة,برامج مفعله,51,103,الفصل التدريبي الثالث ,9,19,رياض-003,رياضيات (3),2,0
المعاهد الصناعية الثانوية,دبلوم الثانوي الصناعي,التقنية الميكانيكية,المعدات ثقيلة,برامج مفعله,51,103,الفصل التدريبي الثالث ,9,19,ماهر-004,بحث ومصادر المعلومات,2,0
المعاهد الصناعية الثانوية,دبلوم الثانوي الصناعي,التقنية الميكانيكية,المعدات ثقيلة,برامج مفعله,51,103,الفصل التدريبي الثالث ,9,19,مهني-003,الرسم الهندسي,0,4
المعاهد الصناعية الثانوية,دبلوم الثانوي الصناعي,التقنية الميكانيكية,المعدات ثقيلة,برامج مفعله,51,103,الفصل التدريبي الثالث ,9,19,ميكا-012,أساسيات التحكم الهيدروليكي والنيوماتي,0,4
المعاهد الصناعية الثانوية,دبلوم الثانوي الصناعي,التقنية الميكانيكية,المعدات ثقيلة,برامج مفعله,51,103,الفصل التدريبي الثالث ,9,19,ميكا-031,أساسيات المحركات,0,4
المعاهد الصناعية الثانوية,دبلوم الثانوي الصناعي,التقنية الميكانيكية,المعدات ثقيلة,برامج مفعله,51,103,الفصل التدريبي الثاني ,10,22,اسلك-001,سلوك مهني,2,0
المعاهد الصناعية الثانوية,دبلوم الثانوي الصناعي,التقنية الميكانيكية,المعدات ثقيلة,برامج مفعله,51,103,الفصل التدريبي الثاني ,10,22,اسلم-002,ثقافة إسلامية-2,2,0
المعاهد الصناعية الثانوية,دبلوم الثانوي الصناعي,التقنية الميكانيكية,المعدات ثقيلة,برامج مفعله,51,103,الفصل التدريبي الثاني ,10,22,انجل-002,لغة إنجليزية (2),4,0
المعاهد الصناعية الثانوية,دبلوم الثانوي الصناعي,التقنية الميكانيكية,المعدات ثقيلة,برامج مفعله,51,103,الفصل التدريبي الثاني ,10,22,بدني-002,التربية البدنية-2,0,2
المعاهد الصناعية الثانوية,دبلوم الثانوي الصناعي,التقنية الميكانيكية,المعدات ثقيلة,برامج مفعله,51,103,الفصل التدريبي الثاني ,10,22,حاسب-002,تطبيقات الحاسب الآلي,0,6
المعاهد الصناعية الثانوية,دبلوم الثانوي الصناعي,التقنية الميكانيكية,المعدات ثقيلة,برامج مفعله,51,103,الفصل التدريبي الثاني ,10,22,رياض-002,رياضيات (2),2,0
المعاهد الصناعية الثانوية,دبلوم الثانوي الصناعي,التقنية الميكانيكية,المعدات ثقيلة,برامج مفعله,51,103,الفصل التدريبي الثاني ,10,22,عربي-002,لغة عربية-2,2,0
المعاهد الصناعية الثانوية,دبلوم الثانوي الصناعي,التقنية الميكانيكية,المعدات ثقيلة,برامج مفعله,51,103,الفصل التدريبي الثاني ,10,22,ماهر-002,مهارات التواصل والتعاون,2,0
المعاهد الصناعية الثانوية,دبلوم الثانوي الصناعي,التقنية الميكانيكية,المعدات ثقيلة,برامج مفعله,51,103,الفصل التدريبي الثاني ,10,22,ماهر-003,التفكير الناقد والإبداعي,2,0
المعاهد الصناعية الثانوية,دبلوم الثانوي الصناعي,التقنية الميكانيكية,المعدات ثقيلة,برامج مفعله,51,103,الفصل التدريبي الثاني ,10,22,مهني-001,ورش تأسيسية,0,6
المعاهد الصناعية الثانوية,دبلوم الثانوي الصناعي,التقنية الميكانيكية,المعدات ثقيلة,برامج مفعله,51,103,الفصل التدريبي الخامس ,8,14,ثقيل-021,محركات الديزل  بالمعدات الثقيل,0,4
المعاهد الصناعية الثانوية,دبلوم الثانوي الصناعي,التقنية الميكانيكية,المعدات ثقيلة,برامج مفعله,51,103,الفصل التدريبي الخامس ,8,14,ثقيل-031,أنظمة نقل القدرة بالمعدات الثقيلة,0,4
المعاهد الصناعية الثانوية,دبلوم الثانوي الصناعي,التقنية الميكانيكية,المعدات ثقيلة,برامج مفعله,51,103,الفصل التدريبي الخامس ,8,14,ثقيل-041,الأنظمة الهيدروليكية للمعدات الثقيلة,0,4
المعاهد الصناعية الثانوية,دبلوم الثانوي الصناعي,التقنية الميكانيكية,المعدات ثقيلة,برامج مفعله,51,103,الفصل التدريبي الخامس ,8,14,ثقيل-091,مشاريع إنتاجية,0,4
المعاهد الصناعية الثانوية,دبلوم الثانوي الصناعي,التقنية الميكانيكية,المعدات ثقيلة,برامج مفعله,51,103,الفصل التدريبي الخامس ,8,14,ميكا-035,أنظمة الكبح,0,4
المعاهد الصناعية الثانوية,دبلوم الثانوي الصناعي,التقنية الميكانيكية,المعدات ثقيلة,برامج مفعله,51,103,الفصل التدريبي الخامس ,8,14,ميكا-037,أنظمة حقن وقود الديزل,0,4
المعاهد الصناعية الثانوية,دبلوم الثانوي الصناعي,التقنية الميكانيكية,المعدات ثقيلة,برامج مفعله,51,103,الفصل التدريبي الخامس ,8,14,ميكا-039,الالات الكهربائية,0,4
المعاهد الصناعية الثانوية,دبلوم الثانوي الصناعي,التقنية الميكانيكية,المعدات ثقيلة,برامج مفعله,51,103,الفصل التدريبي الخامس ,8,14,نشاط-002,أنشطة مهنية 2,2,0
المعاهد الصناعية الثانوية,دبلوم الثانوي الصناعي,التقنية الميكانيكية,المعدات ثقيلة,برامج مفعله,51,103,الفصل التدريبي الرابع ,8,14,ثقيل-011,رسم فني,0,4
المعاهد الصناعية الثانوية,دبلوم الثانوي الصناعي,التقنية الميكانيكية,المعدات ثقيلة,برامج مفعله,51,103,الفصل التدريبي الرابع ,8,14,مهني-004,مقدمة في ريادة الأعمال,1,2
المعاهد الصناعية الثانوية,دبلوم الثانوي الصناعي,التقنية الميكانيكية,المعدات ثقيلة,برامج مفعله,51,103,الفصل التدريبي الرابع ,8,14,ميكا-013,الرسم بالحاسب الالي,0,4
المعاهد الصناعية الثانوية,دبلوم الثانوي الصناعي,التقنية الميكانيكية,المعدات ثقيلة,برامج مفعله,51,103,الفصل التدريبي الرابع ,8,14,ميكا-032,صندوق السرعات اليدوي,0,4
المعاهد الصناعية الثانوية,دبلوم الثانوي الصناعي,التقنية الميكانيكية,المعدات ثقيلة,برامج مفعله,51,103,الفصل التدريبي الرابع ,8,14,ميكا-033,أنظمة التعليق,0,4
المعاهد الصناعية الثانوية,دبلوم الثانوي الصناعي,التقنية الميكانيكية,المعدات ثقيلة,برامج مفعله,51,103,الفصل التدريبي الرابع ,8,14,ميكا-034,أنظمة التوجيه,0,4
المعاهد الصناعية الثانوية,دبلوم الثانوي الصناعي,التقنية الميكانيكية,المعدات ثقيلة,برامج مفعله,51,103,الفصل التدريبي الرابع ,8,14,ميكا-038,الدوائر الكهربائية,0,4
المعاهد الصناعية الثانوية,دبلوم الثانوي الصناعي,التقنية الميكانيكية,المعدات ثقيلة,برامج مفعله,51,103,الفصل التدريبي الرابع ,8,14,نشاط-001,أنشطة مهنية,2,0
المعاهد الصناعية الثانوية,دبلوم الثانوي الصناعي,التقنية الميكانيكية,المعدات ثقيلة,برامج مفعله,51,103,الفصل التدريبي السادس ,7,13,ثقيل-032,أنظمة نقل القدرة بالمجنزرات,0,4
المعاهد الصناعية الثانوية,دبلوم الثانوي الصناعي,التقنية الميكانيكية,المعدات ثقيلة,برامج مفعله,51,103,الفصل التدريبي السادس ,7,13,ثقيل-042,أنظمة الكبح والهيكل بالمعدات الثقيلة,0,4
المعاهد الصناعية الثانوية,دبلوم الثانوي الصناعي,التقنية الميكانيكية,المعدات ثقيلة,برامج مفعله,51,103,الفصل التدريبي السادس ,7,13,ثقيل-043,أنظمة الهواء المضغوط (النيوماتك),0,4
المعاهد الصناعية الثانوية,دبلوم الثانوي الصناعي,التقنية الميكانيكية,المعدات ثقيلة,برامج مفعله,51,103,الفصل التدريبي السادس ,7,13,ثقيل-051,الصيانة الوقائية للمعدات الثقيلة,0,4
المعاهد الصناعية الثانوية,دبلوم الثانوي الصناعي,التقنية الميكانيكية,المعدات ثقيلة,برامج مفعله,51,103,الفصل التدريبي السادس ,7,13,ثقيل-052,إجراءات إستلام وتسليم المعدات,0,4
المعاهد الصناعية الثانوية,دبلوم الثانوي الصناعي,التقنية الميكانيكية,المعدات ثقيلة,برامج مفعله,51,103,الفصل التدريبي السادس ,7,13,ثقيل-098,تدريب إنتاجي,0,6
المعاهد الصناعية الثانوية,دبلوم الثانوي الصناعي,التقنية الميكانيكية,المعدات ثقيلة,برامج مفعله,51,103,الفصل التدريبي السادس ,7,13,نشاط-003,أنشطة مهنية - 3,4,0
المعاهد الصناعية الثانوية,دبلوم الثانوي الصناعي,التقنية الميكانيكية,النجارة العامة,برامج مفعله,51,103,الفصل التدريبي الأول ,9,21,اسلم-001,ثقافة إسلامية-1,2,0
المعاهد الصناعية الثانوية,دبلوم الثانوي الصناعي,التقنية الميكانيكية,النجارة العامة,برامج مفعله,51,103,الفصل التدريبي الأول ,9,21,انجل-001,لغة إنجليزية (1),4,0
المعاهد الصناعية الثانوية,دبلوم الثانوي الصناعي,التقنية الميكانيكية,النجارة العامة,برامج مفعله,51,103,الفصل التدريبي الأول ,9,21,بدني-001,التربية البدنية-1,0,4
المعاهد الصناعية الثانوية,دبلوم الثانوي الصناعي,التقنية الميكانيكية,النجارة العامة,برامج مفعله,51,103,الفصل التدريبي الأول ,9,21,حاسب-001,أساسيات الحاسب الآلي,0,6
المعاهد الصناعية الثانوية,دبلوم الثانوي الصناعي,التقنية الميكانيكية,النجارة العامة,برامج مفعله,51,103,الفصل التدريبي الأول ,9,21,رياض-001,رياضيات (1),2,0
المعاهد الصناعية الثانوية,دبلوم الثانوي الصناعي,التقنية الميكانيكية,النجارة العامة,برامج مفعله,51,103,الفصل التدريبي الأول ,9,21,عربي-001,لغة عربية-1,2,0
المعاهد الصناعية الثانوية,دبلوم الثانوي الصناعي,التقنية الميكانيكية,النجارة العامة,برامج مفعله,51,103,الفصل التدريبي الأول ,9,21,فيزي-001,فــيـزيـــــــاء,2,2
المعاهد الصناعية الثانوية,دبلوم الثانوي الصناعي,التقنية الميكانيكية,النجارة العامة,برامج مفعله,51,103,الفصل التدريبي الأول ,9,21,ماهر-001,مدخل الى مهارات القرن 21,2,0
المعاهد الصناعية الثانوية,دبلوم الثانوي الصناعي,التقنية الميكانيكية,النجارة العامة,برامج مفعله,51,103,الفصل التدريبي الأول ,9,21,مهني-002,السلامة والصحة المهنية,1,2
المعاهد الصناعية الثانوية,دبلوم الثانوي الصناعي,التقنية الميكانيكية,النجارة العامة,برامج مفعله,1,8,الفصل التدريبي الأول ,1,8,نجار-065,أعمال النجارة العامة,0,16
المعاهد الصناعية الثانوية,دبلوم الثانوي الصناعي,التقنية الميكانيكية,النجارة العامة,برامج مفعله,1,8,الفصل التدريبي الأول ,1,8,نجار-066,تصميم كرسي كلاسيك,0,16
المعاهد الصناعية الثانوية,دبلوم الثانوي الصناعي,التقنية الميكانيكية,النجارة العامة,برامج مفعله,1,10,الفصل التدريبي الأول ,1,10,نجار-075,تصميم أبواب الكبس والحشوات,0,20
المعاهد الصناعية الثانوية,دبلوم الثانوي الصناعي,التقنية الميكانيكية,النجارة العامة,برامج مفعله,1,8,الفصل التدريبي الأول ,1,8,نجار-076,تصميم طاولة طعام وكرسي,0,16
المعاهد الصناعية الثانوية,دبلوم الثانوي الصناعي,التقنية الميكانيكية,النجارة العامة,برامج مفعله,1,8,الفصل التدريبي الأول ,1,8,نجار-077,تصميم دولاب مطبخ,0,16
المعاهد الصناعية الثانوية,دبلوم الثانوي الصناعي,التقنية الميكانيكية,النجارة العامة,برامج مفعله,1,10,الفصل التدريبي الأول ,1,10,نجار-085,تصميم مكتبة كتب,0,20
المعاهد الصناعية الثانوية,دبلوم الثانوي الصناعي,التقنية الميكانيكية,النجارة العامة,برامج مفعله,1,10,الفصل التدريبي الأول ,1,10,نجار-086,تصميم وإنشاء مكتب,0,20
المعاهد الصناعية الثانوية,دبلوم الثانوي الصناعي,التقنية الميكانيكية,النجارة العامة,برامج مفعله,1,12,الفصل التدريبي الأول ,1,12,نجار-087,تصميم مكتب مع ملحقاته,0,24
المعاهد الصناعية الثانوية,دبلوم الثانوي الصناعي,التقنية الميكانيكية,النجارة العامة,برامج مفعله,1,10,الفصل التدريبي الأول ,1,10,نجار-095,تصميم غرف النوم,0,20
المعاهد الصناعية الثانوية,دبلوم الثانوي الصناعي,التقنية الميكانيكية,النجارة العامة,برامج مفعله,51,103,الفصل التدريبي الثالث ,9,19,اسلم-003,ثقافة إسلامية-3,2,0
المعاهد الصناعية الثانوية,دبلوم الثانوي الصناعي,التقنية الميكانيكية,النجارة العامة,برامج مفعله,51,103,الفصل التدريبي الثالث ,9,19,انجل-003,لغة إنجليزية (3),4,0
المعاهد الصناعية الثانوية,دبلوم الثانوي الصناعي,التقنية الميكانيكية,النجارة العامة,برامج مفعله,51,103,الفصل التدريبي الثالث ,9,19,حاكر-012,أساسيات الكهرباء,0,4
المعاهد الصناعية الثانوية,دبلوم الثانوي الصناعي,التقنية الميكانيكية,النجارة العامة,برامج مفعله,51,103,الفصل التدريبي الثالث ,9,19,حاكر-014,تطبيقات صناعية,0,4
المعاهد الصناعية الثانوية,دبلوم الثانوي الصناعي,التقنية الميكانيكية,النجارة العامة,برامج مفعله,51,103,الفصل التدريبي الثالث ,9,19,رياض-003,رياضيات (3),2,0
المعاهد الصناعية الثانوية,دبلوم الثانوي الصناعي,التقنية الميكانيكية,النجارة العامة,برامج مفعله,51,103,الفصل التدريبي الثالث ,9,19,ماهر-004,بحث ومصادر المعلومات,2,0
المعاهد الصناعية الثانوية,دبلوم الثانوي الصناعي,التقنية الميكانيكية,النجارة العامة,برامج مفعله,51,103,الفصل التدريبي الثالث ,9,19,مهني-003,الرسم الهندسي,0,4
المعاهد الصناعية الثانوية,دبلوم الثانوي الصناعي,التقنية الميكانيكية,النجارة العامة,برامج مفعله,51,103,الفصل التدريبي الثالث ,9,19,ميكا-013,الرسم بالحاسب الالي,0,4
المعاهد الصناعية الثانوية,دبلوم الثانوي الصناعي,التقنية الميكانيكية,النجارة العامة,برامج مفعله,51,103,الفصل التدريبي الثالث ,9,19,نجار-011,استخدام العدد اليدوية,0,4
المعاهد الصناعية الثانوية,دبلوم الثانوي الصناعي,التقنية الميكانيكية,النجارة العامة,برامج مفعله,51,103,الفصل التدريبي الثاني ,10,22,اسلك-001,سلوك مهني,2,0
المعاهد الصناعية الثانوية,دبلوم الثانوي الصناعي,التقنية الميكانيكية,النجارة العامة,برامج مفعله,51,103,الفصل التدريبي الثاني ,10,22,اسلم-002,ثقافة إسلامية-2,2,0
المعاهد الصناعية الثانوية,دبلوم الثانوي الصناعي,التقنية الميكانيكية,النجارة العامة,برامج مفعله,51,103,الفصل التدريبي الثاني ,10,22,انجل-002,لغة إنجليزية (2),4,0
المعاهد الصناعية الثانوية,دبلوم الثانوي الصناعي,التقنية الميكانيكية,النجارة العامة,برامج مفعله,51,103,الفصل التدريبي الثاني ,10,22,بدني-002,التربية البدنية-2,0,2
المعاهد الصناعية الثانوية,دبلوم الثانوي الصناعي,التقنية الميكانيكية,النجارة العامة,برامج مفعله,51,103,الفصل التدريبي الثاني ,10,22,حاسب-002,تطبيقات الحاسب الآلي,0,6
المعاهد الصناعية الثانوية,دبلوم الثانوي الصناعي,التقنية الميكانيكية,النجارة العامة,برامج مفعله,51,103,الفصل التدريبي الثاني ,10,22,رياض-002,رياضيات (2),2,0
المعاهد الصناعية الثانوية,دبلوم الثانوي الصناعي,التقنية الميكانيكية,النجارة العامة,برامج مفعله,51,103,الفصل التدريبي الثاني ,10,22,عربي-002,لغة عربية-2,2,0
المعاهد الصناعية الثانوية,دبلوم الثانوي الصناعي,التقنية الميكانيكية,النجارة العامة,برامج مفعله,51,103,الفصل التدريبي الثاني ,10,22,ماهر-002,مهارات التواصل والتعاون,2,0
المعاهد الصناعية الثانوية,دبلوم الثانوي الصناعي,التقنية الميكانيكية,النجارة العامة,برامج مفعله,51,103,الفصل التدريبي الثاني ,10,22,ماهر-003,التفكير الناقد والإبداعي,2,0
المعاهد الصناعية الثانوية,دبلوم الثانوي الصناعي,التقنية الميكانيكية,النجارة العامة,برامج مفعله,51,103,الفصل التدريبي الثاني ,10,22,مهني-001,ورش تأسيسية,0,6
المعاهد الصناعية الثانوية,دبلوم الثانوي الصناعي,التقنية الميكانيكية,النجارة العامة,برامج مفعله,51,103,الفصل التدريبي الخامس ,8,14,نجار-042,الأجهزة والالات الكهربائية الثابتة,0,4
المعاهد الصناعية الثانوية,دبلوم الثانوي الصناعي,التقنية الميكانيكية,النجارة العامة,برامج مفعله,51,103,الفصل التدريبي الخامس ,8,14,نجار-051,تصميم وتنفيذ مكتبة,0,4
المعاهد الصناعية الثانوية,دبلوم الثانوي الصناعي,التقنية الميكانيكية,النجارة العامة,برامج مفعله,51,103,الفصل التدريبي الخامس ,8,14,نجار-052,تصميم وتنفيذ مكتب مع ملحق,0,4
المعاهد الصناعية الثانوية,دبلوم الثانوي الصناعي,التقنية الميكانيكية,النجارة العامة,برامج مفعله,51,103,الفصل التدريبي الخامس ,8,14,نجار-053,تصميم وتنفيذ طاولة كمبيوتر + قاطع متحرك,0,4
المعاهد الصناعية الثانوية,دبلوم الثانوي الصناعي,التقنية الميكانيكية,النجارة العامة,برامج مفعله,51,103,الفصل التدريبي الخامس ,8,14,نجار-054,تصميم وتنفيذ اثاث غرفة النوم 1,0,4
المعاهد الصناعية الثانوية,دبلوم الثانوي الصناعي,التقنية الميكانيكية,النجارة العامة,برامج مفعله,51,103,الفصل التدريبي الخامس ,8,14,نجار-072,تصميم وتنفيذ كرسي كلاسيك,0,4
المعاهد الصناعية الثانوية,دبلوم الثانوي الصناعي,التقنية الميكانيكية,النجارة العامة,برامج مفعله,51,103,الفصل التدريبي الخامس ,8,14,نجار-091,مشاريع إنتاجية,0,4
المعاهد الصناعية الثانوية,دبلوم الثانوي الصناعي,التقنية الميكانيكية,النجارة العامة,برامج مفعله,51,103,الفصل التدريبي الخامس ,8,14,نشاط-002,أنشطة مهنية 2,2,0
المعاهد الصناعية الثانوية,دبلوم الثانوي الصناعي,التقنية الميكانيكية,النجارة العامة,برامج مفعله,51,103,الفصل التدريبي الرابع ,8,14,مهني-004,مقدمة في ريادة الأعمال,1,2
المعاهد الصناعية الثانوية,دبلوم الثانوي الصناعي,التقنية الميكانيكية,النجارة العامة,برامج مفعله,51,103,الفصل التدريبي الرابع ,8,14,ميكا-021,أساسيات الخراطة,0,4
المعاهد الصناعية الثانوية,دبلوم الثانوي الصناعي,التقنية الميكانيكية,النجارة العامة,برامج مفعله,51,103,الفصل التدريبي الرابع ,8,14,ميكا-051,أساسيات تشكيل وتركيب الألمنيوم,0,4
المعاهد الصناعية الثانوية,دبلوم الثانوي الصناعي,التقنية الميكانيكية,النجارة العامة,برامج مفعله,51,103,الفصل التدريبي الرابع ,8,14,نجار-021,اشغال النجارة البسيطة,0,4
المعاهد الصناعية الثانوية,دبلوم الثانوي الصناعي,التقنية الميكانيكية,النجارة العامة,برامج مفعله,51,103,الفصل التدريبي الرابع ,8,14,نجار-022,أساسيات الوصل والتعاشيق,0,4
المعاهد الصناعية الثانوية,دبلوم الثانوي الصناعي,التقنية الميكانيكية,النجارة العامة,برامج مفعله,51,103,الفصل التدريبي الرابع ,8,14,نجار-031,رسم فني,0,4
المعاهد الصناعية الثانوية,دبلوم الثانوي الصناعي,التقنية الميكانيكية,النجارة العامة,برامج مفعله,51,103,الفصل التدريبي الرابع ,8,14,نجار-041,الأجهزة والالات الكهربائية المتنقلة,0,4
المعاهد الصناعية الثانوية,دبلوم الثانوي الصناعي,التقنية الميكانيكية,النجارة العامة,برامج مفعله,51,103,الفصل التدريبي الرابع ,8,14,نشاط-001,أنشطة مهنية,2,0
المعاهد الصناعية الثانوية,دبلوم الثانوي الصناعي,التقنية الميكانيكية,النجارة العامة,برامج مفعله,51,103,الفصل التدريبي السادس ,7,13,نجار-055,تصميم وتنفيذ اثاث غرفة النوم 2,0,4
المعاهد الصناعية الثانوية,دبلوم الثانوي الصناعي,التقنية الميكانيكية,النجارة العامة,برامج مفعله,51,103,الفصل التدريبي السادس ,7,13,نجار-061,تصميم وتنفيذ دولاب مطبخ,0,4
المعاهد الصناعية الثانوية,دبلوم الثانوي الصناعي,التقنية الميكانيكية,النجارة العامة,برامج مفعله,51,103,الفصل التدريبي السادس ,7,13,نجار-071,تصميم وتنفيذ كرسي وطاولة طعام,0,4
المعاهد الصناعية الثانوية,دبلوم الثانوي الصناعي,التقنية الميكانيكية,النجارة العامة,برامج مفعله,51,103,الفصل التدريبي السادس ,7,13,نجار-081,تصميم وتنفيذ ابواب كبس,0,4
المعاهد الصناعية الثانوية,دبلوم الثانوي الصناعي,التقنية الميكانيكية,النجارة العامة,برامج مفعله,51,103,الفصل التدريبي السادس ,7,13,نجار-082,تصميم وتنفيذ ابواب حشوات,0,4
المعاهد الصناعية الثانوية,دبلوم الثانوي الصناعي,التقنية الميكانيكية,النجارة العامة,برامج مفعله,51,103,الفصل التدريبي السادس ,7,13,نجار-098,تدريب إنتاجي,0,6
المعاهد الصناعية الثانوية,دبلوم الثانوي الصناعي,التقنية الميكانيكية,النجارة العامة,برامج مفعله,51,103,الفصل التدريبي السادس ,7,13,نشاط-003,أنشطة مهنية - 3,4,0
المعاهد الصناعية الثانوية,دبلوم الثانوي الصناعي,التقنية الميكانيكية,تشغيل آلات الإنتاج,برامج مفعله,51,103,الفصل التدريبي الأول ,9,21,اسلم-001,ثقافة إسلامية-1,2,0
المعاهد الصناعية الثانوية,دبلوم الثانوي الصناعي,التقنية الميكانيكية,تشغيل آلات الإنتاج,برامج مفعله,51,103,الفصل التدريبي الأول ,9,21,انجل-001,لغة إنجليزية (1),4,0
المعاهد الصناعية الثانوية,دبلوم الثانوي الصناعي,التقنية الميكانيكية,تشغيل آلات الإنتاج,برامج مفعله,51,103,الفصل التدريبي الأول ,9,21,بدني-001,التربية البدنية-1,0,4
المعاهد الصناعية الثانوية,دبلوم الثانوي الصناعي,التقنية الميكانيكية,تشغيل آلات الإنتاج,برامج مفعله,51,103,الفصل التدريبي الأول ,9,21,حاسب-001,أساسيات الحاسب الآلي,0,6
المعاهد الصناعية الثانوية,دبلوم الثانوي الصناعي,التقنية الميكانيكية,تشغيل آلات الإنتاج,برامج مفعله,51,103,الفصل التدريبي الأول ,9,21,رياض-001,رياضيات (1),2,0
المعاهد الصناعية الثانوية,دبلوم الثانوي الصناعي,التقنية الميكانيكية,تشغيل آلات الإنتاج,برامج مفعله,51,103,الفصل التدريبي الأول ,9,21,عربي-001,لغة عربية-1,2,0
المعاهد الصناعية الثانوية,دبلوم الثانوي الصناعي,التقنية الميكانيكية,تشغيل آلات الإنتاج,برامج مفعله,51,103,الفصل التدريبي الأول ,9,21,فيزي-001,فــيـزيـــــــاء,2,2
المعاهد الصناعية الثانوية,دبلوم الثانوي الصناعي,التقنية الميكانيكية,تشغيل آلات الإنتاج,برامج مفعله,51,103,الفصل التدريبي الأول ,9,21,ماهر-001,مدخل الى مهارات القرن 21,2,0
المعاهد الصناعية الثانوية,دبلوم الثانوي الصناعي,التقنية الميكانيكية,تشغيل آلات الإنتاج,برامج مفعله,1,10,الفصل التدريبي الأول ,1,10,مشغل-093,تشغيل وتنفيذ عمليات الخراطة,0,20
المعاهد الصناعية الثانوية,دبلوم الثانوي الصناعي,التقنية الميكانيكية,تشغيل آلات الإنتاج,برامج مفعله,1,10,الفصل التدريبي الأول ,1,10,مشغل-094,تشغيل وتنفيذ عمليات التفريز,0,20
المعاهد الصناعية الثانوية,دبلوم الثانوي الصناعي,التقنية الميكانيكية,تشغيل آلات الإنتاج,برامج مفعله,1,12,الفصل التدريبي الأول ,1,12,مشغل-095,عمليات الصيانة والتجديد,0,24
المعاهد الصناعية الثانوية,دبلوم الثانوي الصناعي,التقنية الميكانيكية,تشغيل آلات الإنتاج,برامج مفعله,1,10,الفصل التدريبي الأول ,1,10,مشغل-096,عمليات الخراطة والتفريز البسيطة,0,20
المعاهد الصناعية الثانوية,دبلوم الثانوي الصناعي,التقنية الميكانيكية,تشغيل آلات الإنتاج,برامج مفعله,51,103,الفصل التدريبي الأول ,9,21,مهني-002,السلامة والصحة المهنية,1,2
المعاهد الصناعية الثانوية,دبلوم الثانوي الصناعي,التقنية الميكانيكية,تشغيل آلات الإنتاج,برامج مفعله,51,103,الفصل التدريبي الثالث ,9,19,اسلم-003,ثقافة إسلامية-3,2,0
المعاهد الصناعية الثانوية,دبلوم الثانوي الصناعي,التقنية الميكانيكية,تشغيل آلات الإنتاج,برامج مفعله,51,103,الفصل التدريبي الثالث ,9,19,انجل-003,لغة إنجليزية (3),4,0
المعاهد الصناعية الثانوية,دبلوم الثانوي الصناعي,التقنية الميكانيكية,تشغيل آلات الإنتاج,برامج مفعله,51,103,الفصل التدريبي الثالث ,9,19,حاكر-011,أجهزة القياسات,0,4
المعاهد الصناعية الثانوية,دبلوم الثانوي الصناعي,التقنية الميكانيكية,تشغيل آلات الإنتاج,برامج مفعله,51,103,الفصل التدريبي الثالث ,9,19,حاكر-012,أساسيات الكهرباء,0,4
المعاهد الصناعية الثانوية,دبلوم الثانوي الصناعي,التقنية الميكانيكية,تشغيل آلات الإنتاج,برامج مفعله,51,103,الفصل التدريبي الثالث ,9,19,حاكر-014,تطبيقات صناعية,0,4
المعاهد الصناعية الثانوية,دبلوم الثانوي الصناعي,التقنية الميكانيكية,تشغيل آلات الإنتاج,برامج مفعله,51,103,الفصل التدريبي الثالث ,9,19,رياض-003,رياضيات (3),2,0
المعاهد الصناعية الثانوية,دبلوم الثانوي الصناعي,التقنية الميكانيكية,تشغيل آلات الإنتاج,برامج مفعله,51,103,الفصل التدريبي الثالث ,9,19,ماهر-004,بحث ومصادر المعلومات,2,0
المعاهد الصناعية الثانوية,دبلوم الثانوي الصناعي,التقنية الميكانيكية,تشغيل آلات الإنتاج,برامج مفعله,51,103,الفصل التدريبي الثالث ,9,19,مهني-003,الرسم الهندسي,0,4
المعاهد الصناعية الثانوية,دبلوم الثانوي الصناعي,التقنية الميكانيكية,تشغيل آلات الإنتاج,برامج مفعله,51,103,الفصل التدريبي الثالث ,9,19,ميكا-014,علم المواد,0,4
المعاهد الصناعية الثانوية,دبلوم الثانوي الصناعي,التقنية الميكانيكية,تشغيل آلات الإنتاج,برامج مفعله,51,103,الفصل التدريبي الثاني ,10,22,اسلك-001,سلوك مهني,2,0
المعاهد الصناعية الثانوية,دبلوم الثانوي الصناعي,التقنية الميكانيكية,تشغيل آلات الإنتاج,برامج مفعله,51,103,الفصل التدريبي الثاني ,10,22,اسلم-002,ثقافة إسلامية-2,2,0
المعاهد الصناعية الثانوية,دبلوم الثانوي الصناعي,التقنية الميكانيكية,تشغيل آلات الإنتاج,برامج مفعله,51,103,الفصل التدريبي الثاني ,10,22,انجل-002,لغة إنجليزية (2),4,0
المعاهد الصناعية الثانوية,دبلوم الثانوي الصناعي,التقنية الميكانيكية,تشغيل آلات الإنتاج,برامج مفعله,51,103,الفصل التدريبي الثاني ,10,22,بدني-002,التربية البدنية-2,0,2
المعاهد الصناعية الثانوية,دبلوم الثانوي الصناعي,التقنية الميكانيكية,تشغيل آلات الإنتاج,برامج مفعله,51,103,الفصل التدريبي الثاني ,10,22,حاسب-002,تطبيقات الحاسب الآلي,0,6
المعاهد الصناعية الثانوية,دبلوم الثانوي الصناعي,التقنية الميكانيكية,تشغيل آلات الإنتاج,برامج مفعله,51,103,الفصل التدريبي الثاني ,10,22,رياض-002,رياضيات (2),2,0
المعاهد الصناعية الثانوية,دبلوم الثانوي الصناعي,التقنية الميكانيكية,تشغيل آلات الإنتاج,برامج مفعله,51,103,الفصل التدريبي الثاني ,10,22,عربي-002,لغة عربية-2,2,0
المعاهد الصناعية الثانوية,دبلوم الثانوي الصناعي,التقنية الميكانيكية,تشغيل آلات الإنتاج,برامج مفعله,51,103,الفصل التدريبي الثاني ,10,22,ماهر-002,مهارات التواصل والتعاون,2,0
المعاهد الصناعية الثانوية,دبلوم الثانوي الصناعي,التقنية الميكانيكية,تشغيل آلات الإنتاج,برامج مفعله,51,103,الفصل التدريبي الثاني ,10,22,ماهر-003,التفكير الناقد والإبداعي,2,0
المعاهد الصناعية الثانوية,دبلوم الثانوي الصناعي,التقنية الميكانيكية,تشغيل آلات الإنتاج,برامج مفعله,51,103,الفصل التدريبي الثاني ,10,22,مهني-001,ورش تأسيسية,0,6
المعاهد الصناعية الثانوية,دبلوم الثانوي الصناعي,التقنية الميكانيكية,تشغيل آلات الإنتاج,برامج مفعله,51,103,الفصل التدريبي الخامس ,8,14,مشغل-031,الخراطة اللامركزية,0,4
المعاهد الصناعية الثانوية,دبلوم الثانوي الصناعي,التقنية الميكانيكية,تشغيل آلات الإنتاج,برامج مفعله,51,103,الفصل التدريبي الخامس ,8,14,مشغل-041,تفريز المضلعات,0,4
المعاهد الصناعية الثانوية,دبلوم الثانوي الصناعي,التقنية الميكانيكية,تشغيل آلات الإنتاج,برامج مفعله,51,103,الفصل التدريبي الخامس ,8,14,مشغل-091,مشاريع إنتاجية,0,4
المعاهد الصناعية الثانوية,دبلوم الثانوي الصناعي,التقنية الميكانيكية,تشغيل آلات الإنتاج,برامج مفعله,51,103,الفصل التدريبي الخامس ,8,14,ميكا-011,الرسم المتقدم بالحاسب الآلي,0,4
المعاهد الصناعية الثانوية,دبلوم الثانوي الصناعي,التقنية الميكانيكية,تشغيل آلات الإنتاج,برامج مفعله,51,103,الفصل التدريبي الخامس ,8,14,ميكا-022,عمليات الخراطة,0,4
المعاهد الصناعية الثانوية,دبلوم الثانوي الصناعي,التقنية الميكانيكية,تشغيل آلات الإنتاج,برامج مفعله,51,103,الفصل التدريبي الخامس ,8,14,ميكا-024,تفريز الأسطح الجانبية,0,4
المعاهد الصناعية الثانوية,دبلوم الثانوي الصناعي,التقنية الميكانيكية,تشغيل آلات الإنتاج,برامج مفعله,51,103,الفصل التدريبي الخامس ,8,14,ميكا-029,التصنيع وضبط الجودة,0,4
المعاهد الصناعية الثانوية,دبلوم الثانوي الصناعي,التقنية الميكانيكية,تشغيل آلات الإنتاج,برامج مفعله,51,103,الفصل التدريبي الخامس ,8,14,نشاط-002,أنشطة مهنية 2,2,0
المعاهد الصناعية الثانوية,دبلوم الثانوي الصناعي,التقنية الميكانيكية,تشغيل آلات الإنتاج,برامج مفعله,51,103,الفصل التدريبي الرابع ,8,14,مهني-004,مقدمة في ريادة الأعمال,1,2
المعاهد الصناعية الثانوية,دبلوم الثانوي الصناعي,التقنية الميكانيكية,تشغيل آلات الإنتاج,برامج مفعله,51,103,الفصل التدريبي الرابع ,8,14,ميكا-012,أساسيات التحكم الهيدروليكي والنيوماتي,0,4
المعاهد الصناعية الثانوية,دبلوم الثانوي الصناعي,التقنية الميكانيكية,تشغيل آلات الإنتاج,برامج مفعله,51,103,الفصل التدريبي الرابع ,8,14,ميكا-013,الرسم بالحاسب الالي,0,4
المعاهد الصناعية الثانوية,دبلوم الثانوي الصناعي,التقنية الميكانيكية,تشغيل آلات الإنتاج,برامج مفعله,51,103,الفصل التدريبي الرابع ,8,14,ميكا-021,أساسيات الخراطة,0,4
المعاهد الصناعية الثانوية,دبلوم الثانوي الصناعي,التقنية الميكانيكية,تشغيل آلات الإنتاج,برامج مفعله,51,103,الفصل التدريبي الرابع ,8,14,ميكا-023,تفريز الأسطح المستوية,0,4
المعاهد الصناعية الثانوية,دبلوم الثانوي الصناعي,التقنية الميكانيكية,تشغيل آلات الإنتاج,برامج مفعله,51,103,الفصل التدريبي الرابع ,8,14,ميكا-041,أساسيات اللحام بالقوس المعدني المحجب,0,4
المعاهد الصناعية الثانوية,دبلوم الثانوي الصناعي,التقنية الميكانيكية,تشغيل آلات الإنتاج,برامج مفعله,51,103,الفصل التدريبي الرابع ,8,14,ميكا-042,أساسيات اللحام بالقوس المعدني والغاز,0,4
المعاهد الصناعية الثانوية,دبلوم الثانوي الصناعي,التقنية الميكانيكية,تشغيل آلات الإنتاج,برامج مفعله,51,103,الفصل التدريبي الرابع ,8,14,نشاط-001,أنشطة مهنية,2,0
المعاهد الصناعية الثانوية,دبلوم الثانوي الصناعي,التقنية الميكانيكية,تشغيل آلات الإنتاج,برامج مفعله,51,103,الفصل التدريبي السادس ,7,13,مشغل-011,القطع و تشغيل المواد,0,4
المعاهد الصناعية الثانوية,دبلوم الثانوي الصناعي,التقنية الميكانيكية,تشغيل آلات الإنتاج,برامج مفعله,51,103,الفصل التدريبي السادس ,7,13,مشغل-021,صيانة تجديد,0,4
المعاهد الصناعية الثانوية,دبلوم الثانوي الصناعي,التقنية الميكانيكية,تشغيل آلات الإنتاج,برامج مفعله,51,103,الفصل التدريبي السادس ,7,13,مشغل-032,خراطة قطع القلووظ,0,4
المعاهد الصناعية الثانوية,دبلوم الثانوي الصناعي,التقنية الميكانيكية,تشغيل آلات الإنتاج,برامج مفعله,51,103,الفصل التدريبي السادس ,7,13,مشغل-042,تفريز المسننات,0,4
المعاهد الصناعية الثانوية,دبلوم الثانوي الصناعي,التقنية الميكانيكية,تشغيل آلات الإنتاج,برامج مفعله,51,103,الفصل التدريبي السادس ,7,13,مشغل-098,تدريب إنتاجي,0,6
المعاهد الصناعية الثانوية,دبلوم الثانوي الصناعي,التقنية الميكانيكية,تشغيل آلات الإنتاج,برامج مفعله,51,103,الفصل التدريبي السادس ,7,13,ميكا-061,التصميم والتصنيع المدعم بالحاس,0,4
المعاهد الصناعية الثانوية,دبلوم الثانوي الصناعي,التقنية الميكانيكية,تشغيل آلات الإنتاج,برامج مفعله,51,103,الفصل التدريبي السادس ,7,13,نشاط-003,أنشطة مهنية - 3,4,0
المعاهد الصناعية الثانوية,دبلوم الثانوي الصناعي,التقنية الميكانيكية,تشغيل آلات التحكم الرقمي,برامج مفعله,51,103,الفصل التدريبي الأول ,9,21,اسلم-001,ثقافة إسلامية-1,2,0
المعاهد الصناعية الثانوية,دبلوم الثانوي الصناعي,التقنية الميكانيكية,تشغيل آلات التحكم الرقمي,برامج مفعله,51,103,الفصل التدريبي الأول ,9,21,انجل-001,لغة إنجليزية (1),4,0
المعاهد الصناعية الثانوية,دبلوم الثانوي الصناعي,التقنية الميكانيكية,تشغيل آلات التحكم الرقمي,برامج مفعله,51,103,الفصل التدريبي الأول ,9,21,بدني-001,التربية البدنية-1,0,4
المعاهد الصناعية الثانوية,دبلوم الثانوي الصناعي,التقنية الميكانيكية,تشغيل آلات التحكم الرقمي,برامج مفعله,51,103,الفصل التدريبي الأول ,9,21,حاسب-001,أساسيات الحاسب الآلي,0,6
المعاهد الصناعية الثانوية,دبلوم الثانوي الصناعي,التقنية الميكانيكية,تشغيل آلات التحكم الرقمي,برامج مفعله,51,103,الفصل التدريبي الأول ,9,21,رياض-001,رياضيات (1),2,0
المعاهد الصناعية الثانوية,دبلوم الثانوي الصناعي,التقنية الميكانيكية,تشغيل آلات التحكم الرقمي,برامج مفعله,51,103,الفصل التدريبي الأول ,9,21,عربي-001,لغة عربية-1,2,0
المعاهد الصناعية الثانوية,دبلوم الثانوي الصناعي,التقنية الميكانيكية,تشغيل آلات التحكم الرقمي,برامج مفعله,51,103,الفصل التدريبي الأول ,9,21,فيزي-001,فــيـزيـــــــاء,2,2
المعاهد الصناعية الثانوية,دبلوم الثانوي الصناعي,التقنية الميكانيكية,تشغيل آلات التحكم الرقمي,برامج مفعله,51,103,الفصل التدريبي الأول ,9,21,ماهر-001,مدخل الى مهارات القرن 21,2,0
المعاهد الصناعية الثانوية,دبلوم الثانوي الصناعي,التقنية الميكانيكية,تشغيل آلات التحكم الرقمي,برامج مفعله,1,10,الفصل التدريبي الأول ,1,10,متحك-093,تصميم وتصنيع باستخدام الحاسب الآلي,0,20
المعاهد الصناعية الثانوية,دبلوم الثانوي الصناعي,التقنية الميكانيكية,تشغيل آلات التحكم الرقمي,برامج مفعله,1,10,الفصل التدريبي الأول ,1,10,متحك-094,تشغيل آلات فرايز التحكم الرقمي,0,20
المعاهد الصناعية الثانوية,دبلوم الثانوي الصناعي,التقنية الميكانيكية,تشغيل آلات التحكم الرقمي,برامج مفعله,1,10,الفصل التدريبي الأول ,1,10,متحك-095,"تشغيل آلات مخارط التحكم الرقمي
",0,20
المعاهد الصناعية الثانوية,دبلوم الثانوي الصناعي,التقنية الميكانيكية,تشغيل آلات التحكم الرقمي,برامج مفعله,1,10,الفصل التدريبي الأول ,1,10,متحك-096,تنفيذ عمليات القطع بالليزر,0,20
المعاهد الصناعية الثانوية,دبلوم الثانوي الصناعي,التقنية الميكانيكية,تشغيل آلات التحكم الرقمي,برامج مفعله,51,103,الفصل التدريبي الأول ,9,21,مهني-002,السلامة والصحة المهنية,1,2
المعاهد الصناعية الثانوية,دبلوم الثانوي الصناعي,التقنية الميكانيكية,تشغيل آلات التحكم الرقمي,برامج مفعله,51,103,الفصل التدريبي الثالث ,9,19,اسلم-003,ثقافة إسلامية-3,2,0
المعاهد الصناعية الثانوية,دبلوم الثانوي الصناعي,التقنية الميكانيكية,تشغيل آلات التحكم الرقمي,برامج مفعله,51,103,الفصل التدريبي الثالث ,9,19,انجل-003,لغة إنجليزية (3),4,0
المعاهد الصناعية الثانوية,دبلوم الثانوي الصناعي,التقنية الميكانيكية,تشغيل آلات التحكم الرقمي,برامج مفعله,51,103,الفصل التدريبي الثالث ,9,19,حاكر-011,أجهزة القياسات,0,4
المعاهد الصناعية الثانوية,دبلوم الثانوي الصناعي,التقنية الميكانيكية,تشغيل آلات التحكم الرقمي,برامج مفعله,51,103,الفصل التدريبي الثالث ,9,19,حاكر-012,أساسيات الكهرباء,0,4
المعاهد الصناعية الثانوية,دبلوم الثانوي الصناعي,التقنية الميكانيكية,تشغيل آلات التحكم الرقمي,برامج مفعله,51,103,الفصل التدريبي الثالث ,9,19,حاكر-014,تطبيقات صناعية,0,4
المعاهد الصناعية الثانوية,دبلوم الثانوي الصناعي,التقنية الميكانيكية,تشغيل آلات التحكم الرقمي,برامج مفعله,51,103,الفصل التدريبي الثالث ,9,19,رياض-003,رياضيات (3),2,0
المعاهد الصناعية الثانوية,دبلوم الثانوي الصناعي,التقنية الميكانيكية,تشغيل آلات التحكم الرقمي,برامج مفعله,51,103,الفصل التدريبي الثالث ,9,19,ماهر-004,بحث ومصادر المعلومات,2,0
المعاهد الصناعية الثانوية,دبلوم الثانوي الصناعي,التقنية الميكانيكية,تشغيل آلات التحكم الرقمي,برامج مفعله,51,103,الفصل التدريبي الثالث ,9,19,مهني-003,الرسم الهندسي,0,4
المعاهد الصناعية الثانوية,دبلوم الثانوي الصناعي,التقنية الميكانيكية,تشغيل آلات التحكم الرقمي,برامج مفعله,51,103,الفصل التدريبي الثالث ,9,19,ميكا-014,علم المواد,0,4
المعاهد الصناعية الثانوية,دبلوم الثانوي الصناعي,التقنية الميكانيكية,تشغيل آلات التحكم الرقمي,برامج مفعله,51,103,الفصل التدريبي الثاني ,10,22,اسلك-001,سلوك مهني,2,0
المعاهد الصناعية الثانوية,دبلوم الثانوي الصناعي,التقنية الميكانيكية,تشغيل آلات التحكم الرقمي,برامج مفعله,51,103,الفصل التدريبي الثاني ,10,22,اسلم-002,ثقافة إسلامية-2,2,0
المعاهد الصناعية الثانوية,دبلوم الثانوي الصناعي,التقنية الميكانيكية,تشغيل آلات التحكم الرقمي,برامج مفعله,51,103,الفصل التدريبي الثاني ,10,22,انجل-002,لغة إنجليزية (2),4,0
المعاهد الصناعية الثانوية,دبلوم الثانوي الصناعي,التقنية الميكانيكية,تشغيل آلات التحكم الرقمي,برامج مفعله,51,103,الفصل التدريبي الثاني ,10,22,بدني-002,التربية البدنية-2,0,2
المعاهد الصناعية الثانوية,دبلوم الثانوي الصناعي,التقنية الميكانيكية,تشغيل آلات التحكم الرقمي,برامج مفعله,51,103,الفصل التدريبي الثاني ,10,22,حاسب-002,تطبيقات الحاسب الآلي,0,6
المعاهد الصناعية الثانوية,دبلوم الثانوي الصناعي,التقنية الميكانيكية,تشغيل آلات التحكم الرقمي,برامج مفعله,51,103,الفصل التدريبي الثاني ,10,22,رياض-002,رياضيات (2),2,0
المعاهد الصناعية الثانوية,دبلوم الثانوي الصناعي,التقنية الميكانيكية,تشغيل آلات التحكم الرقمي,برامج مفعله,51,103,الفصل التدريبي الثاني ,10,22,عربي-002,لغة عربية-2,2,0
المعاهد الصناعية الثانوية,دبلوم الثانوي الصناعي,التقنية الميكانيكية,تشغيل آلات التحكم الرقمي,برامج مفعله,51,103,الفصل التدريبي الثاني ,10,22,ماهر-002,مهارات التواصل والتعاون,2,0
المعاهد الصناعية الثانوية,دبلوم الثانوي الصناعي,التقنية الميكانيكية,تشغيل آلات التحكم الرقمي,برامج مفعله,51,103,الفصل التدريبي الثاني ,10,22,ماهر-003,التفكير الناقد والإبداعي,2,0
المعاهد الصناعية الثانوية,دبلوم الثانوي الصناعي,التقنية الميكانيكية,تشغيل آلات التحكم الرقمي,برامج مفعله,51,103,الفصل التدريبي الثاني ,10,22,مهني-001,ورش تأسيسية,0,6
المعاهد الصناعية الثانوية,دبلوم الثانوي الصناعي,التقنية الميكانيكية,تشغيل آلات التحكم الرقمي,برامج مفعله,51,103,الفصل التدريبي الخامس ,8,14,متحك-011,"اساسيات برمجة مخارط التحكم الرقمي
بالحاسب الآلي CNC",0,4
المعاهد الصناعية الثانوية,دبلوم الثانوي الصناعي,التقنية الميكانيكية,تشغيل آلات التحكم الرقمي,برامج مفعله,51,103,الفصل التدريبي الخامس ,8,14,متحك-012,"اساسيات برمجة فرايز التحكم الرقمي
بالحاسب الآلي CNC",0,4
المعاهد الصناعية الثانوية,دبلوم الثانوي الصناعي,التقنية الميكانيكية,تشغيل آلات التحكم الرقمي,برامج مفعله,51,103,الفصل التدريبي الخامس ,8,14,متحك-031,المبادئ الأساسية لليزر,0,4
المعاهد الصناعية الثانوية,دبلوم الثانوي الصناعي,التقنية الميكانيكية,تشغيل آلات التحكم الرقمي,برامج مفعله,51,103,الفصل التدريبي الخامس ,8,14,متحك-091,مشاريع إنتاجية,0,4
المعاهد الصناعية الثانوية,دبلوم الثانوي الصناعي,التقنية الميكانيكية,تشغيل آلات التحكم الرقمي,برامج مفعله,51,103,الفصل التدريبي الخامس ,8,14,ميكا-011,الرسم المتقدم بالحاسب الآلي,0,4
المعاهد الصناعية الثانوية,دبلوم الثانوي الصناعي,التقنية الميكانيكية,تشغيل آلات التحكم الرقمي,برامج مفعله,51,103,الفصل التدريبي الخامس ,8,14,ميكا-012,أساسيات التحكم الهيدروليكي والنيوماتي,0,4
المعاهد الصناعية الثانوية,دبلوم الثانوي الصناعي,التقنية الميكانيكية,تشغيل آلات التحكم الرقمي,برامج مفعله,51,103,الفصل التدريبي الخامس ,8,14,ميكا-061,التصميم والتصنيع المدعم بالحاس,0,4
المعاهد الصناعية الثانوية,دبلوم الثانوي الصناعي,التقنية الميكانيكية,تشغيل آلات التحكم الرقمي,برامج مفعله,51,103,الفصل التدريبي الخامس ,8,14,نشاط-002,أنشطة مهنية 2,2,0
المعاهد الصناعية الثانوية,دبلوم الثانوي الصناعي,التقنية الميكانيكية,تشغيل آلات التحكم الرقمي,برامج مفعله,51,103,الفصل التدريبي الرابع ,8,14,مهني-004,مقدمة في ريادة الأعمال,1,2
المعاهد الصناعية الثانوية,دبلوم الثانوي الصناعي,التقنية الميكانيكية,تشغيل آلات التحكم الرقمي,برامج مفعله,51,103,الفصل التدريبي الرابع ,8,14,ميكا-013,الرسم بالحاسب الالي,0,4
المعاهد الصناعية الثانوية,دبلوم الثانوي الصناعي,التقنية الميكانيكية,تشغيل آلات التحكم الرقمي,برامج مفعله,51,103,الفصل التدريبي الرابع ,8,14,ميكا-021,أساسيات الخراطة,0,4
المعاهد الصناعية الثانوية,دبلوم الثانوي الصناعي,التقنية الميكانيكية,تشغيل آلات التحكم الرقمي,برامج مفعله,51,103,الفصل التدريبي الرابع ,8,14,ميكا-022,عمليات الخراطة,0,4
المعاهد الصناعية الثانوية,دبلوم الثانوي الصناعي,التقنية الميكانيكية,تشغيل آلات التحكم الرقمي,برامج مفعله,51,103,الفصل التدريبي الرابع ,8,14,ميكا-023,تفريز الأسطح المستوية,0,4
المعاهد الصناعية الثانوية,دبلوم الثانوي الصناعي,التقنية الميكانيكية,تشغيل آلات التحكم الرقمي,برامج مفعله,51,103,الفصل التدريبي الرابع ,8,14,ميكا-024,تفريز الأسطح الجانبية,0,4
المعاهد الصناعية الثانوية,دبلوم الثانوي الصناعي,التقنية الميكانيكية,تشغيل آلات التحكم الرقمي,برامج مفعله,51,103,الفصل التدريبي الرابع ,8,14,ميكا-029,التصنيع وضبط الجودة,0,4
المعاهد الصناعية الثانوية,دبلوم الثانوي الصناعي,التقنية الميكانيكية,تشغيل آلات التحكم الرقمي,برامج مفعله,51,103,الفصل التدريبي الرابع ,8,14,نشاط-001,أنشطة مهنية,2,0
المعاهد الصناعية الثانوية,دبلوم الثانوي الصناعي,التقنية الميكانيكية,تشغيل آلات التحكم الرقمي,برامج مفعله,51,103,الفصل التدريبي السادس ,7,13,متحك-013,"البرمجة المتقدمة لمخارط التحكم الرقمي
بالحاسب الآلي CNC",0,4
المعاهد الصناعية الثانوية,دبلوم الثانوي الصناعي,التقنية الميكانيكية,تشغيل آلات التحكم الرقمي,برامج مفعله,51,103,الفصل التدريبي السادس ,7,13,متحك-014,"تشغيل مخارط التحكم الرقمي بالحاسب الآلي
CNC",0,4
المعاهد الصناعية الثانوية,دبلوم الثانوي الصناعي,التقنية الميكانيكية,تشغيل آلات التحكم الرقمي,برامج مفعله,51,103,الفصل التدريبي السادس ,7,13,متحك-015,"البرمجة المتقدمة لفرايز التحكم الرقمي
بالحاسب الآلي CN",0,4
المعاهد الصناعية الثانوية,دبلوم الثانوي الصناعي,التقنية الميكانيكية,تشغيل آلات التحكم الرقمي,برامج مفعله,51,103,الفصل التدريبي السادس ,7,13,متحك-016,"تشغيل فرايز التحكم الرقمي بالحاسب الآلي
CNC",0,4
المعاهد الصناعية الثانوية,دبلوم الثانوي الصناعي,التقنية الميكانيكية,تشغيل آلات التحكم الرقمي,برامج مفعله,51,103,الفصل التدريبي السادس ,7,13,متحك-032,تشغيل الات القطع بالليزر,0,4
المعاهد الصناعية الثانوية,دبلوم الثانوي الصناعي,التقنية الميكانيكية,تشغيل آلات التحكم الرقمي,برامج مفعله,51,103,الفصل التدريبي السادس ,7,13,متحك-098,تدريب إنتاجي,0,6
المعاهد الصناعية الثانوية,دبلوم الثانوي الصناعي,التقنية الميكانيكية,تشغيل آلات التحكم الرقمي,برامج مفعله,51,103,الفصل التدريبي السادس ,7,13,نشاط-003,أنشطة مهنية - 3,4,0
المعاهد الصناعية الثانوية,دبلوم الثانوي الصناعي,التقنية الميكانيكية,تشكيل و تركيب الألمنيوم,برامج مفعله,51,103,الفصل التدريبي الأول ,9,21,اسلم-001,ثقافة إسلامية-1,2,0
المعاهد الصناعية الثانوية,دبلوم الثانوي الصناعي,التقنية الميكانيكية,تشكيل و تركيب الألمنيوم,برامج مفعله,1,10,الفصل التدريبي الأول ,1,10,المو-065,التكسيات بألواح الألمنيوم (كلادنج),0,20
المعاهد الصناعية الثانوية,دبلوم الثانوي الصناعي,التقنية الميكانيكية,تشكيل و تركيب الألمنيوم,برامج مفعله,1,10,الفصل التدريبي الأول ,1,10,المو-066,تصمبم وتنفيذ منتجات أبواب ونوافذ الألمنيوم,0,25
المعاهد الصناعية الثانوية,دبلوم الثانوي الصناعي,التقنية الميكانيكية,تشكيل و تركيب الألمنيوم,برامج مفعله,1,10,الفصل التدريبي الأول ,1,10,المو-075,تشكيل وتركيب الألواح الزجاجية,0,20
المعاهد الصناعية الثانوية,دبلوم الثانوي الصناعي,التقنية الميكانيكية,تشكيل و تركيب الألمنيوم,برامج مفعله,1,10,الفصل التدريبي الأول ,1,10,المو-085,تصميم وتركيب مطابخ الألمنيوم,0,20
المعاهد الصناعية الثانوية,دبلوم الثانوي الصناعي,التقنية الميكانيكية,تشكيل و تركيب الألمنيوم,برامج مفعله,1,10,الفصل التدريبي الأول ,1,10,المو-095,صيانة الأثاث المنزلي بمنتجات الألمنيوم,0,20
المعاهد الصناعية الثانوية,دبلوم الثانوي الصناعي,التقنية الميكانيكية,تشكيل و تركيب الألمنيوم,برامج مفعله,51,103,الفصل التدريبي الأول ,9,21,انجل-001,لغة إنجليزية (1),4,0
المعاهد الصناعية الثانوية,دبلوم الثانوي الصناعي,التقنية الميكانيكية,تشكيل و تركيب الألمنيوم,برامج مفعله,51,103,الفصل التدريبي الأول ,9,21,بدني-001,التربية البدنية-1,0,4
المعاهد الصناعية الثانوية,دبلوم الثانوي الصناعي,التقنية الميكانيكية,تشكيل و تركيب الألمنيوم,برامج مفعله,51,103,الفصل التدريبي الأول ,9,21,حاسب-001,أساسيات الحاسب الآلي,0,6
المعاهد الصناعية الثانوية,دبلوم الثانوي الصناعي,التقنية الميكانيكية,تشكيل و تركيب الألمنيوم,برامج مفعله,51,103,الفصل التدريبي الأول ,9,21,رياض-001,رياضيات (1),2,0
المعاهد الصناعية الثانوية,دبلوم الثانوي الصناعي,التقنية الميكانيكية,تشكيل و تركيب الألمنيوم,برامج مفعله,51,103,الفصل التدريبي الأول ,9,21,عربي-001,لغة عربية-1,2,0
المعاهد الصناعية الثانوية,دبلوم الثانوي الصناعي,التقنية الميكانيكية,تشكيل و تركيب الألمنيوم,برامج مفعله,51,103,الفصل التدريبي الأول ,9,21,فيزي-001,فــيـزيـــــــاء,2,2
المعاهد الصناعية الثانوية,دبلوم الثانوي الصناعي,التقنية الميكانيكية,تشكيل و تركيب الألمنيوم,برامج مفعله,51,103,الفصل التدريبي الأول ,9,21,ماهر-001,مدخل الى مهارات القرن 21,2,0
المعاهد الصناعية الثانوية,دبلوم الثانوي الصناعي,التقنية الميكانيكية,تشكيل و تركيب الألمنيوم,برامج مفعله,51,103,الفصل التدريبي الأول ,9,21,مهني-002,السلامة والصحة المهنية,1,2
المعاهد الصناعية الثانوية,دبلوم الثانوي الصناعي,التقنية الميكانيكية,تشكيل و تركيب الألمنيوم,برامج مفعله,51,103,الفصل التدريبي الثالث ,9,19,اسلم-003,ثقافة إسلامية-3,2,0
المعاهد الصناعية الثانوية,دبلوم الثانوي الصناعي,التقنية الميكانيكية,تشكيل و تركيب الألمنيوم,برامج مفعله,51,103,الفصل التدريبي الثالث ,9,19,انجل-003,لغة إنجليزية (3),4,0
المعاهد الصناعية الثانوية,دبلوم الثانوي الصناعي,التقنية الميكانيكية,تشكيل و تركيب الألمنيوم,برامج مفعله,51,103,الفصل التدريبي الثالث ,9,19,حاكر-011,أجهزة القياسات,0,4
المعاهد الصناعية الثانوية,دبلوم الثانوي الصناعي,التقنية الميكانيكية,تشكيل و تركيب الألمنيوم,برامج مفعله,51,103,الفصل التدريبي الثالث ,9,19,حاكر-014,تطبيقات صناعية,0,4
المعاهد الصناعية الثانوية,دبلوم الثانوي الصناعي,التقنية الميكانيكية,تشكيل و تركيب الألمنيوم,برامج مفعله,51,103,الفصل التدريبي الثالث ,9,19,حاكر-015,تطبيقات فنية,0,4
المعاهد الصناعية الثانوية,دبلوم الثانوي الصناعي,التقنية الميكانيكية,تشكيل و تركيب الألمنيوم,برامج مفعله,51,103,الفصل التدريبي الثالث ,9,19,رياض-003,رياضيات (3),2,0
المعاهد الصناعية الثانوية,دبلوم الثانوي الصناعي,التقنية الميكانيكية,تشكيل و تركيب الألمنيوم,برامج مفعله,51,103,الفصل التدريبي الثالث ,9,19,ماهر-004,بحث ومصادر المعلومات,2,0
المعاهد الصناعية الثانوية,دبلوم الثانوي الصناعي,التقنية الميكانيكية,تشكيل و تركيب الألمنيوم,برامج مفعله,51,103,الفصل التدريبي الثالث ,9,19,مهني-003,الرسم الهندسي,0,4
المعاهد الصناعية الثانوية,دبلوم الثانوي الصناعي,التقنية الميكانيكية,تشكيل و تركيب الألمنيوم,برامج مفعله,51,103,الفصل التدريبي الثالث ,9,19,ميكا-014,علم المواد,0,4
المعاهد الصناعية الثانوية,دبلوم الثانوي الصناعي,التقنية الميكانيكية,تشكيل و تركيب الألمنيوم,برامج مفعله,51,103,الفصل التدريبي الثاني ,10,22,اسلك-001,سلوك مهني,2,0
المعاهد الصناعية الثانوية,دبلوم الثانوي الصناعي,التقنية الميكانيكية,تشكيل و تركيب الألمنيوم,برامج مفعله,51,103,الفصل التدريبي الثاني ,10,22,اسلم-002,ثقافة إسلامية-2,2,0
المعاهد الصناعية الثانوية,دبلوم الثانوي الصناعي,التقنية الميكانيكية,تشكيل و تركيب الألمنيوم,برامج مفعله,51,103,الفصل التدريبي الثاني ,10,22,انجل-002,لغة إنجليزية (2),4,0
المعاهد الصناعية الثانوية,دبلوم الثانوي الصناعي,التقنية الميكانيكية,تشكيل و تركيب الألمنيوم,برامج مفعله,51,103,الفصل التدريبي الثاني ,10,22,بدني-002,التربية البدنية-2,0,2
المعاهد الصناعية الثانوية,دبلوم الثانوي الصناعي,التقنية الميكانيكية,تشكيل و تركيب الألمنيوم,برامج مفعله,51,103,الفصل التدريبي الثاني ,10,22,حاسب-002,تطبيقات الحاسب الآلي,0,6
المعاهد الصناعية الثانوية,دبلوم الثانوي الصناعي,التقنية الميكانيكية,تشكيل و تركيب الألمنيوم,برامج مفعله,51,103,الفصل التدريبي الثاني ,10,22,رياض-002,رياضيات (2),2,0
المعاهد الصناعية الثانوية,دبلوم الثانوي الصناعي,التقنية الميكانيكية,تشكيل و تركيب الألمنيوم,برامج مفعله,51,103,الفصل التدريبي الثاني ,10,22,عربي-002,لغة عربية-2,2,0
المعاهد الصناعية الثانوية,دبلوم الثانوي الصناعي,التقنية الميكانيكية,تشكيل و تركيب الألمنيوم,برامج مفعله,51,103,الفصل التدريبي الثاني ,10,22,ماهر-002,مهارات التواصل والتعاون,2,0
المعاهد الصناعية الثانوية,دبلوم الثانوي الصناعي,التقنية الميكانيكية,تشكيل و تركيب الألمنيوم,برامج مفعله,51,103,الفصل التدريبي الثاني ,10,22,ماهر-003,التفكير الناقد والإبداعي,2,0
المعاهد الصناعية الثانوية,دبلوم الثانوي الصناعي,التقنية الميكانيكية,تشكيل و تركيب الألمنيوم,برامج مفعله,51,103,الفصل التدريبي الثاني ,10,22,مهني-001,ورش تأسيسية,0,6
المعاهد الصناعية الثانوية,دبلوم الثانوي الصناعي,التقنية الميكانيكية,تشكيل و تركيب الألمنيوم,برامج مفعله,51,103,الفصل التدريبي الخامس ,8,14,المو-023,تفريز مجاري الالمنيوم,0,4
المعاهد الصناعية الثانوية,دبلوم الثانوي الصناعي,التقنية الميكانيكية,تشكيل و تركيب الألمنيوم,برامج مفعله,51,103,الفصل التدريبي الخامس ,8,14,المو-031,العمليات الانتاجية (1),0,4
المعاهد الصناعية الثانوية,دبلوم الثانوي الصناعي,التقنية الميكانيكية,تشكيل و تركيب الألمنيوم,برامج مفعله,51,103,الفصل التدريبي الخامس ,8,14,المو-033,تشكيل وتركيب المطابخ (1),0,4
المعاهد الصناعية الثانوية,دبلوم الثانوي الصناعي,التقنية الميكانيكية,تشكيل و تركيب الألمنيوم,برامج مفعله,51,103,الفصل التدريبي الخامس ,8,14,المو-035,منتجات Upvc (1),0,4
المعاهد الصناعية الثانوية,دبلوم الثانوي الصناعي,التقنية الميكانيكية,تشكيل و تركيب الألمنيوم,برامج مفعله,51,103,الفصل التدريبي الخامس ,8,14,المو-037,تشغيل وتركيب الزجاج,0,4
المعاهد الصناعية الثانوية,دبلوم الثانوي الصناعي,التقنية الميكانيكية,تشكيل و تركيب الألمنيوم,برامج مفعله,51,103,الفصل التدريبي الخامس ,8,14,المو-039,منتجات الالمنيوم,0,4
المعاهد الصناعية الثانوية,دبلوم الثانوي الصناعي,التقنية الميكانيكية,تشكيل و تركيب الألمنيوم,برامج مفعله,51,103,الفصل التدريبي الخامس ,8,14,المو-091,مشاريع إنتاجية,0,4
المعاهد الصناعية الثانوية,دبلوم الثانوي الصناعي,التقنية الميكانيكية,تشكيل و تركيب الألمنيوم,برامج مفعله,51,103,الفصل التدريبي الخامس ,8,14,نشاط-002,أنشطة مهنية 2,2,0
المعاهد الصناعية الثانوية,دبلوم الثانوي الصناعي,التقنية الميكانيكية,تشكيل و تركيب الألمنيوم,برامج مفعله,51,103,الفصل التدريبي الرابع ,8,14,المو-011,الرسم الفني,0,4
المعاهد الصناعية الثانوية,دبلوم الثانوي الصناعي,التقنية الميكانيكية,تشكيل و تركيب الألمنيوم,برامج مفعله,51,103,الفصل التدريبي الرابع ,8,14,المو-021,الهواء المضغوط,0,4
المعاهد الصناعية الثانوية,دبلوم الثانوي الصناعي,التقنية الميكانيكية,تشكيل و تركيب الألمنيوم,برامج مفعله,51,103,الفصل التدريبي الرابع ,8,14,المو-022,اساسيات الوصل والفصل,0,4
المعاهد الصناعية الثانوية,دبلوم الثانوي الصناعي,التقنية الميكانيكية,تشكيل و تركيب الألمنيوم,برامج مفعله,51,103,الفصل التدريبي الرابع ,8,14,مهني-004,مقدمة في ريادة الأعمال,1,2
المعاهد الصناعية الثانوية,دبلوم الثانوي الصناعي,التقنية الميكانيكية,تشكيل و تركيب الألمنيوم,برامج مفعله,51,103,الفصل التدريبي الرابع ,8,14,ميكا-013,الرسم بالحاسب الالي,0,4
المعاهد الصناعية الثانوية,دبلوم الثانوي الصناعي,التقنية الميكانيكية,تشكيل و تركيب الألمنيوم,برامج مفعله,51,103,الفصل التدريبي الرابع ,8,14,ميكا-044,أساسيات تقنيات اللحام,0,4
المعاهد الصناعية الثانوية,دبلوم الثانوي الصناعي,التقنية الميكانيكية,تشكيل و تركيب الألمنيوم,برامج مفعله,51,103,الفصل التدريبي الرابع ,8,14,ميكا-051,أساسيات تشكيل وتركيب الألمنيوم,0,4
المعاهد الصناعية الثانوية,دبلوم الثانوي الصناعي,التقنية الميكانيكية,تشكيل و تركيب الألمنيوم,برامج مفعله,51,103,الفصل التدريبي الرابع ,8,14,نشاط-001,أنشطة مهنية,2,0
المعاهد الصناعية الثانوية,دبلوم الثانوي الصناعي,التقنية الميكانيكية,تشكيل و تركيب الألمنيوم,برامج مفعله,51,103,الفصل التدريبي السادس ,7,13,المو-032,العمليات الانتاجية (2),0,4
المعاهد الصناعية الثانوية,دبلوم الثانوي الصناعي,التقنية الميكانيكية,تشكيل و تركيب الألمنيوم,برامج مفعله,51,103,الفصل التدريبي السادس ,7,13,المو-034,تشكيل وتركيب المطابخ (2),0,4
المعاهد الصناعية الثانوية,دبلوم الثانوي الصناعي,التقنية الميكانيكية,تشكيل و تركيب الألمنيوم,برامج مفعله,51,103,الفصل التدريبي السادس ,7,13,المو-036,منتجات Upvc (2),0,4
المعاهد الصناعية الثانوية,دبلوم الثانوي الصناعي,التقنية الميكانيكية,تشكيل و تركيب الألمنيوم,برامج مفعله,51,103,الفصل التدريبي السادس ,7,13,المو-038,التكسيات بالالواح المعدنية,0,4
المعاهد الصناعية الثانوية,دبلوم الثانوي الصناعي,التقنية الميكانيكية,تشكيل و تركيب الألمنيوم,برامج مفعله,51,103,الفصل التدريبي السادس ,7,13,المو-041,صيانة الاثاث المنزلي,0,4
المعاهد الصناعية الثانوية,دبلوم الثانوي الصناعي,التقنية الميكانيكية,تشكيل و تركيب الألمنيوم,برامج مفعله,51,103,الفصل التدريبي السادس ,7,13,المو-098,تدريب إنتاجي,0,6
المعاهد الصناعية الثانوية,دبلوم الثانوي الصناعي,التقنية الميكانيكية,تشكيل و تركيب الألمنيوم,برامج مفعله,51,103,الفصل التدريبي السادس ,7,13,نشاط-003,أنشطة مهنية - 3,4,0
المعاهد الصناعية الثانوية,دبلوم الثانوي الصناعي,تقنية الاعمال,تقنيات الاعمال المكتبية,برامج مفعله,1,10,الفصل التدريبي الأول ,1,10,ندير-085,مهارات الإدارة المكتبية,20,0
المعاهد الصناعية الثانوية,دبلوم الثانوي الصناعي,تقنية الاعمال,تقنيات الاعمال المكتبية,برامج مفعله,1,10,الفصل التدريبي الأول ,1,10,ندير-086,تقنيات السكرتارية,20,0
المعاهد الصناعية الثانوية,دبلوم الثانوي الصناعي,تقنية الاعمال,تقنيات محاسبية,برامج مفعله,1,10,الفصل التدريبي الأول ,1,10,نحسب-085,أساسيات المحاسبة,20,0
المعاهد الصناعية الثانوية,دبلوم الثانوي الصناعي,تقنية الاعمال,تقنيات محاسبية,برامج مفعله,1,10,الفصل التدريبي الأول ,1,10,نحسب-086,المهارات المحاسبية في المنشآت,20,0
المعاهد الصناعية الثانوية,دبلوم الثانوي الصناعي,التقنية الميكانيكية,تقنية التبريد وتكييف الهواء,برامج مفعله,51,103,الفصل التدريبي الأول ,9,21,اسلم-001,ثقافة إسلامية-1,2,0
المعاهد الصناعية الثانوية,دبلوم الثانوي الصناعي,التقنية الميكانيكية,تقنية التبريد وتكييف الهواء,برامج مفعله,51,103,الفصل التدريبي الأول ,9,21,انجل-001,لغة إنجليزية (1),4,0
المعاهد الصناعية الثانوية,دبلوم الثانوي الصناعي,التقنية الميكانيكية,تقنية التبريد وتكييف الهواء,برامج مفعله,51,103,الفصل التدريبي الأول ,9,21,بدني-001,التربية البدنية-1,0,4
المعاهد الصناعية الثانوية,دبلوم الثانوي الصناعي,التقنية الميكانيكية,تقنية التبريد وتكييف الهواء,برامج مفعله,51,103,الفصل التدريبي الأول ,9,21,حاسب-001,أساسيات الحاسب الآلي,0,6
المعاهد الصناعية الثانوية,دبلوم الثانوي الصناعي,التقنية الميكانيكية,تقنية التبريد وتكييف الهواء,برامج مفعله,51,103,الفصل التدريبي الأول ,9,21,رياض-001,رياضيات (1),2,0
المعاهد الصناعية الثانوية,دبلوم الثانوي الصناعي,التقنية الميكانيكية,تقنية التبريد وتكييف الهواء,برامج مفعله,51,103,الفصل التدريبي الأول ,9,21,عربي-001,لغة عربية-1,2,0
المعاهد الصناعية الثانوية,دبلوم الثانوي الصناعي,التقنية الميكانيكية,تقنية التبريد وتكييف الهواء,برامج مفعله,51,103,الفصل التدريبي الأول ,9,21,فيزي-001,فــيـزيـــــــاء,2,2
المعاهد الصناعية الثانوية,دبلوم الثانوي الصناعي,التقنية الميكانيكية,تقنية التبريد وتكييف الهواء,برامج مفعله,51,103,الفصل التدريبي الأول ,9,21,ماهر-001,مدخل الى مهارات القرن 21,2,0
المعاهد الصناعية الثانوية,دبلوم الثانوي الصناعي,التقنية الميكانيكية,تقنية التبريد وتكييف الهواء,برامج مفعله,1,8,الفصل التدريبي الأول ,1,8,مبرد-055,تشكيل ولحام الأنابيب النحاسية,0,16
المعاهد الصناعية الثانوية,دبلوم الثانوي الصناعي,التقنية الميكانيكية,تقنية التبريد وتكييف الهواء,برامج مفعله,1,10,الفصل التدريبي الأول ,1,10,مبرد-065,صيانة البرادات المنزلية وبرادة المياه,0,20
المعاهد الصناعية الثانوية,دبلوم الثانوي الصناعي,التقنية الميكانيكية,تقنية التبريد وتكييف الهواء,برامج مفعله,1,8,الفصل التدريبي الأول ,1,8,مبرد-066,صيانة المجمدات الإستاتيكية,0,16
المعاهد الصناعية الثانوية,دبلوم الثانوي الصناعي,التقنية الميكانيكية,تقنية التبريد وتكييف الهواء,برامج مفعله,1,8,الفصل التدريبي الأول ,1,8,مبرد-075,الصيانة السريعة للتكييف الشباكي والصحراوي,0,16
المعاهد الصناعية الثانوية,دبلوم الثانوي الصناعي,التقنية الميكانيكية,تقنية التبريد وتكييف الهواء,برامج مفعله,1,8,الفصل التدريبي الأول ,1,8,مبرد-077,الصيانة السريعة لوحدات التكييف الصغيرة,0,16
المعاهد الصناعية الثانوية,دبلوم الثانوي الصناعي,التقنية الميكانيكية,تقنية التبريد وتكييف الهواء,برامج مفعله,1,10,الفصل التدريبي الأول ,1,10,مبرد-085,صيانة التكييف الشباكي,0,20
المعاهد الصناعية الثانوية,دبلوم الثانوي الصناعي,التقنية الميكانيكية,تقنية التبريد وتكييف الهواء,برامج مفعله,1,10,الفصل التدريبي الأول ,1,10,مبرد-086,صيانة التكييف المجزأ,0,20
المعاهد الصناعية الثانوية,دبلوم الثانوي الصناعي,التقنية الميكانيكية,تقنية التبريد وتكييف الهواء,برامج مفعله,1,10,الفصل التدريبي الأول ,1,10,مبرد-087,صيانة التكييف المجمع,0,20
المعاهد الصناعية الثانوية,دبلوم الثانوي الصناعي,التقنية الميكانيكية,تقنية التبريد وتكييف الهواء,برامج مفعله,51,103,الفصل التدريبي الأول ,9,21,مهني-002,السلامة والصحة المهنية,1,2
المعاهد الصناعية الثانوية,دبلوم الثانوي الصناعي,التقنية الميكانيكية,تقنية التبريد وتكييف الهواء,برامج مفعله,51,103,الفصل التدريبي الثالث ,9,19,اسلم-003,ثقافة إسلامية-3,2,0
المعاهد الصناعية الثانوية,دبلوم الثانوي الصناعي,التقنية الميكانيكية,تقنية التبريد وتكييف الهواء,برامج مفعله,51,103,الفصل التدريبي الثالث ,9,19,انجل-003,لغة إنجليزية (3),4,0
المعاهد الصناعية الثانوية,دبلوم الثانوي الصناعي,التقنية الميكانيكية,تقنية التبريد وتكييف الهواء,برامج مفعله,51,103,الفصل التدريبي الثالث ,9,19,حاكر-011,أجهزة القياسات,0,4
المعاهد الصناعية الثانوية,دبلوم الثانوي الصناعي,التقنية الميكانيكية,تقنية التبريد وتكييف الهواء,برامج مفعله,51,103,الفصل التدريبي الثالث ,9,19,حاكر-012,أساسيات الكهرباء,0,4
المعاهد الصناعية الثانوية,دبلوم الثانوي الصناعي,التقنية الميكانيكية,تقنية التبريد وتكييف الهواء,برامج مفعله,51,103,الفصل التدريبي الثالث ,9,19,حاكر-013,أساسيات الإلكترونيات,0,4
المعاهد الصناعية الثانوية,دبلوم الثانوي الصناعي,التقنية الميكانيكية,تقنية التبريد وتكييف الهواء,برامج مفعله,51,103,الفصل التدريبي الثالث ,9,19,حاكر-014,تطبيقات صناعية,0,4
المعاهد الصناعية الثانوية,دبلوم الثانوي الصناعي,التقنية الميكانيكية,تقنية التبريد وتكييف الهواء,برامج مفعله,51,103,الفصل التدريبي الثالث ,9,19,رياض-003,رياضيات (3),2,0
المعاهد الصناعية الثانوية,دبلوم الثانوي الصناعي,التقنية الميكانيكية,تقنية التبريد وتكييف الهواء,برامج مفعله,51,103,الفصل التدريبي الثالث ,9,19,ماهر-004,بحث ومصادر المعلومات,2,0
المعاهد الصناعية الثانوية,دبلوم الثانوي الصناعي,التقنية الميكانيكية,تقنية التبريد وتكييف الهواء,برامج مفعله,51,103,الفصل التدريبي الثالث ,9,19,مهني-003,الرسم الهندسي,0,4
المعاهد الصناعية الثانوية,دبلوم الثانوي الصناعي,التقنية الميكانيكية,تقنية التبريد وتكييف الهواء,برامج مفعله,51,103,الفصل التدريبي الثاني ,10,22,اسلك-001,سلوك مهني,2,0
المعاهد الصناعية الثانوية,دبلوم الثانوي الصناعي,التقنية الميكانيكية,تقنية التبريد وتكييف الهواء,برامج مفعله,51,103,الفصل التدريبي الثاني ,10,22,اسلم-002,ثقافة إسلامية-2,2,0
المعاهد الصناعية الثانوية,دبلوم الثانوي الصناعي,التقنية الميكانيكية,تقنية التبريد وتكييف الهواء,برامج مفعله,51,103,الفصل التدريبي الثاني ,10,22,انجل-002,لغة إنجليزية (2),4,0
المعاهد الصناعية الثانوية,دبلوم الثانوي الصناعي,التقنية الميكانيكية,تقنية التبريد وتكييف الهواء,برامج مفعله,51,103,الفصل التدريبي الثاني ,10,22,بدني-002,التربية البدنية-2,0,2
المعاهد الصناعية الثانوية,دبلوم الثانوي الصناعي,التقنية الميكانيكية,تقنية التبريد وتكييف الهواء,برامج مفعله,51,103,الفصل التدريبي الثاني ,10,22,حاسب-002,تطبيقات الحاسب الآلي,0,6
المعاهد الصناعية الثانوية,دبلوم الثانوي الصناعي,التقنية الميكانيكية,تقنية التبريد وتكييف الهواء,برامج مفعله,51,103,الفصل التدريبي الثاني ,10,22,رياض-002,رياضيات (2),2,0
المعاهد الصناعية الثانوية,دبلوم الثانوي الصناعي,التقنية الميكانيكية,تقنية التبريد وتكييف الهواء,برامج مفعله,51,103,الفصل التدريبي الثاني ,10,22,عربي-002,لغة عربية-2,2,0
المعاهد الصناعية الثانوية,دبلوم الثانوي الصناعي,التقنية الميكانيكية,تقنية التبريد وتكييف الهواء,برامج مفعله,51,103,الفصل التدريبي الثاني ,10,22,ماهر-002,مهارات التواصل والتعاون,2,0
المعاهد الصناعية الثانوية,دبلوم الثانوي الصناعي,التقنية الميكانيكية,تقنية التبريد وتكييف الهواء,برامج مفعله,51,103,الفصل التدريبي الثاني ,10,22,ماهر-003,التفكير الناقد والإبداعي,2,0
المعاهد الصناعية الثانوية,دبلوم الثانوي الصناعي,التقنية الميكانيكية,تقنية التبريد وتكييف الهواء,برامج مفعله,1,8,الفصل التدريبي الثاني ,1,8,مبرد-076,الصيانة السريعة للتكييف المجزأ والصحراوي,0,16
المعاهد الصناعية الثانوية,دبلوم الثانوي الصناعي,التقنية الميكانيكية,تقنية التبريد وتكييف الهواء,برامج مفعله,51,103,الفصل التدريبي الثاني ,10,22,مهني-001,ورش تأسيسية,0,6
المعاهد الصناعية الثانوية,دبلوم الثانوي الصناعي,التقنية الميكانيكية,تقنية التبريد وتكييف الهواء,برامج مفعله,51,103,الفصل التدريبي الخامس ,8,14,مبرد-021,برادات المياه,0,4
المعاهد الصناعية الثانوية,دبلوم الثانوي الصناعي,التقنية الميكانيكية,تقنية التبريد وتكييف الهواء,برامج مفعله,51,103,الفصل التدريبي الخامس ,8,14,مبرد-022,برادات ومجمدات استاتيكية,0,4
المعاهد الصناعية الثانوية,دبلوم الثانوي الصناعي,التقنية الميكانيكية,تقنية التبريد وتكييف الهواء,برامج مفعله,51,103,الفصل التدريبي الخامس ,8,14,مبرد-031,أساسيات وحدات التكييف الشباكي,0,4
المعاهد الصناعية الثانوية,دبلوم الثانوي الصناعي,التقنية الميكانيكية,تقنية التبريد وتكييف الهواء,برامج مفعله,51,103,الفصل التدريبي الخامس ,8,14,مبرد-032,أساسيات وحدات التكييف المجزأة,0,4
المعاهد الصناعية الثانوية,دبلوم الثانوي الصناعي,التقنية الميكانيكية,تقنية التبريد وتكييف الهواء,برامج مفعله,51,103,الفصل التدريبي الخامس ,8,14,مبرد-033,أساسيات وحدات التكييف المجمعة,0,4
المعاهد الصناعية الثانوية,دبلوم الثانوي الصناعي,التقنية الميكانيكية,تقنية التبريد وتكييف الهواء,برامج مفعله,51,103,الفصل التدريبي الخامس ,8,14,مبرد-034,التكييف التبخيري,0,4
المعاهد الصناعية الثانوية,دبلوم الثانوي الصناعي,التقنية الميكانيكية,تقنية التبريد وتكييف الهواء,برامج مفعله,51,103,الفصل التدريبي الخامس ,8,14,مبرد-091,مشاريع إنتاجية,0,4
المعاهد الصناعية الثانوية,دبلوم الثانوي الصناعي,التقنية الميكانيكية,تقنية التبريد وتكييف الهواء,برامج مفعله,51,103,الفصل التدريبي الخامس ,8,14,نشاط-002,أنشطة مهنية 2,2,0
المعاهد الصناعية الثانوية,دبلوم الثانوي الصناعي,التقنية الميكانيكية,تقنية التبريد وتكييف الهواء,برامج مفعله,51,103,الفصل التدريبي الرابع ,8,14,حاكر-015,تطبيقات فنية,0,4
المعاهد الصناعية الثانوية,دبلوم الثانوي الصناعي,التقنية الميكانيكية,تقنية التبريد وتكييف الهواء,برامج مفعله,51,103,الفصل التدريبي الرابع ,8,14,مبرد-011,أساسيات التبريد,0,4
المعاهد الصناعية الثانوية,دبلوم الثانوي الصناعي,التقنية الميكانيكية,تقنية التبريد وتكييف الهواء,برامج مفعله,51,103,الفصل التدريبي الرابع ,8,14,مبرد-012,رسم فني تخصصي,0,4
المعاهد الصناعية الثانوية,دبلوم الثانوي الصناعي,التقنية الميكانيكية,تقنية التبريد وتكييف الهواء,برامج مفعله,51,103,الفصل التدريبي الرابع ,8,14,مهني-004,مقدمة في ريادة الأعمال,1,2
المعاهد الصناعية الثانوية,دبلوم الثانوي الصناعي,التقنية الميكانيكية,تقنية التبريد وتكييف الهواء,برامج مفعله,51,103,الفصل التدريبي الرابع ,8,14,ميكا-013,الرسم بالحاسب الالي,0,4
المعاهد الصناعية الثانوية,دبلوم الثانوي الصناعي,التقنية الميكانيكية,تقنية التبريد وتكييف الهواء,برامج مفعله,51,103,الفصل التدريبي الرابع ,8,14,ميكا-043,اللحام والقطع بالأكسي استيلين,0,4
المعاهد الصناعية الثانوية,دبلوم الثانوي الصناعي,التقنية الميكانيكية,تقنية التبريد وتكييف الهواء,برامج مفعله,51,103,الفصل التدريبي الرابع ,8,14,ميكا-044,أساسيات تقنيات اللحام,0,4
المعاهد الصناعية الثانوية,دبلوم الثانوي الصناعي,التقنية الميكانيكية,تقنية التبريد وتكييف الهواء,برامج مفعله,51,103,الفصل التدريبي الرابع ,8,14,نشاط-001,أنشطة مهنية,2,0
المعاهد الصناعية الثانوية,دبلوم الثانوي الصناعي,التقنية الميكانيكية,تقنية التبريد وتكييف الهواء,برامج مفعله,51,103,الفصل التدريبي السادس ,7,13,مبرد-023,برادات ومجمدات ديناميكية,0,4
المعاهد الصناعية الثانوية,دبلوم الثانوي الصناعي,التقنية الميكانيكية,تقنية التبريد وتكييف الهواء,برامج مفعله,51,103,الفصل التدريبي السادس ,7,13,مبرد-035,وحدات التكييف الشباكية المتقدم,0,4
المعاهد الصناعية الثانوية,دبلوم الثانوي الصناعي,التقنية الميكانيكية,تقنية التبريد وتكييف الهواء,برامج مفعله,51,103,الفصل التدريبي السادس ,7,13,مبرد-036,وحدات التكييف المجزأة المتقدمة,0,4
المعاهد الصناعية الثانوية,دبلوم الثانوي الصناعي,التقنية الميكانيكية,تقنية التبريد وتكييف الهواء,برامج مفعله,51,103,الفصل التدريبي السادس ,7,13,مبرد-037,وحدات التكييف المجمعة المتقدمة,0,4
المعاهد الصناعية الثانوية,دبلوم الثانوي الصناعي,التقنية الميكانيكية,تقنية التبريد وتكييف الهواء,برامج مفعله,51,103,الفصل التدريبي السادس ,7,13,مبرد-038,تكييف هواء السيارات,0,4
المعاهد الصناعية الثانوية,دبلوم الثانوي الصناعي,التقنية الميكانيكية,تقنية التبريد وتكييف الهواء,برامج مفعله,51,103,الفصل التدريبي السادس ,7,13,مبرد-098,تدريب إنتاجي,0,6
المعاهد الصناعية الثانوية,دبلوم الثانوي الصناعي,التقنية الميكانيكية,تقنية التبريد وتكييف الهواء,برامج مفعله,51,103,الفصل التدريبي السادس ,7,13,نشاط-003,أنشطة مهنية - 3,4,0
المعاهد الصناعية الثانوية,دبلوم الثانوي الصناعي,تقنية التزيين والتجميل,تقنية التجميل والعناية بالبشرة,برامج مفعله,1,10,الفصل التدريبي الأول ,1,10,نزين-085,العناية بالبشرة والتدليك,0,20
المعاهد الصناعية الثانوية,دبلوم الثانوي الصناعي,تقنية التزيين والتجميل,تقنية التجميل والعناية بالبشرة,برامج مفعله,1,10,الفصل التدريبي الأول ,1,10,نزين-086,مهارات التجميل,0,20
المعاهد الصناعية الثانوية,دبلوم الثانوي الصناعي,تقنية الاعمال,تقنية التسويق والابتكار,برامج مفعله,1,10,الفصل التدريبي الأول ,1,10,نسوق-085,التسويق والترويج,20,0
المعاهد الصناعية الثانوية,دبلوم الثانوي الصناعي,تقنية الاعمال,تقنية التسويق والابتكار,برامج مفعله,1,10,الفصل التدريبي الأول ,1,10,نسوق-086,تقنيات التسويق المبتكرة,20,0
المعاهد الصناعية الثانوية,دبلوم الثانوي الصناعي,تقنية التزيين والتجميل,تقنية العناية بالشعر,برامج مفعله,1,10,الفصل التدريبي الأول ,1,10,نسرح-085,مهارا ت العناية بالشعر وتسريحه,0,20
المعاهد الصناعية الثانوية,دبلوم الثانوي الصناعي,تقنية التزيين والتجميل,تقنية العناية بالشعر,برامج مفعله,1,10,الفصل التدريبي الثاني ,2,12,تسرح-003,قص الشعر,2,8
المعاهد الصناعية الثانوية,دبلوم الثانوي الصناعي,تقنية التزيين والتجميل,تقنية العناية بالشعر,برامج مفعله,1,10,الفصل التدريبي الثاني ,2,12,تسرح-004,تلوين الشعر,2,8
المعاهد الصناعية الثانوية,دبلوم الثانوي الصناعي,التقنية الميكانيكية,تقنية المحركات ومركبات,برامج مفعله,51,103,الفصل التدريبي الأول ,9,21,اسلم-001,ثقافة إسلامية-1,2,0
المعاهد الصناعية الثانوية,دبلوم الثانوي الصناعي,التقنية الميكانيكية,تقنية المحركات ومركبات,برامج مفعله,51,103,الفصل التدريبي الأول ,9,21,انجل-001,لغة إنجليزية (1),4,0
المعاهد الصناعية الثانوية,دبلوم الثانوي الصناعي,التقنية الميكانيكية,تقنية المحركات ومركبات,برامج مفعله,51,103,الفصل التدريبي الأول ,9,21,بدني-001,التربية البدنية-1,0,4
المعاهد الصناعية الثانوية,دبلوم الثانوي الصناعي,التقنية الميكانيكية,تقنية المحركات ومركبات,برامج مفعله,51,103,الفصل التدريبي الأول ,9,21,حاسب-001,أساسيات الحاسب الآلي,0,6
المعاهد الصناعية الثانوية,دبلوم الثانوي الصناعي,التقنية الميكانيكية,تقنية المحركات ومركبات,برامج مفعله,51,103,الفصل التدريبي الأول ,9,21,رياض-001,رياضيات (1),2,0
المعاهد الصناعية الثانوية,دبلوم الثانوي الصناعي,التقنية الميكانيكية,تقنية المحركات ومركبات,برامج مفعله,1,10,الفصل التدريبي الأول ,1,10,سيار-093,كهرباء والكترونيات سيارات البنزين,0,20
المعاهد الصناعية الثانوية,دبلوم الثانوي الصناعي,التقنية الميكانيكية,تقنية المحركات ومركبات,برامج مفعله,1,10,الفصل التدريبي الأول ,1,10,سيار-094,صيانة محركات سيارات البنزين,0,20
المعاهد الصناعية الثانوية,دبلوم الثانوي الصناعي,التقنية الميكانيكية,تقنية المحركات ومركبات,برامج مفعله,1,10,الفصل التدريبي الأول ,1,10,سيار-095,صيانة مجموعة نقل القدرة لسيارات البنزين,0,20
المعاهد الصناعية الثانوية,دبلوم الثانوي الصناعي,التقنية الميكانيكية,تقنية المحركات ومركبات,برامج مفعله,1,10,الفصل التدريبي الأول ,1,10,سيار-096,صيانة ميكانيكا هيكل سيارات البنزين,0,20
المعاهد الصناعية الثانوية,دبلوم الثانوي الصناعي,التقنية الميكانيكية,تقنية المحركات ومركبات,برامج مفعله,1,10,الفصل التدريبي الأول ,1,10,سيار-097,تشخيص أعطال سيارات البنزين,0,20
المعاهد الصناعية الثانوية,دبلوم الثانوي الصناعي,التقنية الميكانيكية,تقنية المحركات ومركبات,برامج مفعله,51,103,الفصل التدريبي الأول ,9,21,عربي-001,لغة عربية-1,2,0
المعاهد الصناعية الثانوية,دبلوم الثانوي الصناعي,التقنية الميكانيكية,تقنية المحركات ومركبات,برامج مفعله,51,103,الفصل التدريبي الأول ,9,21,فيزي-001,فــيـزيـــــــاء,2,2
المعاهد الصناعية الثانوية,دبلوم الثانوي الصناعي,التقنية الميكانيكية,تقنية المحركات ومركبات,برامج مفعله,51,103,الفصل التدريبي الأول ,9,21,ماهر-001,مدخل الى مهارات القرن 21,2,0
المعاهد الصناعية الثانوية,دبلوم الثانوي الصناعي,التقنية الميكانيكية,تقنية المحركات ومركبات,برامج مفعله,51,103,الفصل التدريبي الأول ,9,21,مهني-002,السلامة والصحة المهنية,1,2
المعاهد الصناعية الثانوية,دبلوم الثانوي الصناعي,التقنية الميكانيكية,تقنية المحركات ومركبات,برامج مفعله,51,103,الفصل التدريبي الثالث ,9,19,اسلم-003,ثقافة إسلامية-3,2,0
المعاهد الصناعية الثانوية,دبلوم الثانوي الصناعي,التقنية الميكانيكية,تقنية المحركات ومركبات,برامج مفعله,51,103,الفصل التدريبي الثالث ,9,19,انجل-003,لغة إنجليزية (3),4,0
المعاهد الصناعية الثانوية,دبلوم الثانوي الصناعي,التقنية الميكانيكية,تقنية المحركات ومركبات,برامج مفعله,51,103,الفصل التدريبي الثالث ,9,19,حاكر-011,أجهزة القياسات,0,4
المعاهد الصناعية الثانوية,دبلوم الثانوي الصناعي,التقنية الميكانيكية,تقنية المحركات ومركبات,برامج مفعله,51,103,الفصل التدريبي الثالث ,9,19,حاكر-012,أساسيات الكهرباء,0,4
المعاهد الصناعية الثانوية,دبلوم الثانوي الصناعي,التقنية الميكانيكية,تقنية المحركات ومركبات,برامج مفعله,51,103,الفصل التدريبي الثالث ,9,19,حاكر-013,أساسيات الإلكترونيات,0,4
المعاهد الصناعية الثانوية,دبلوم الثانوي الصناعي,التقنية الميكانيكية,تقنية المحركات ومركبات,برامج مفعله,51,103,الفصل التدريبي الثالث ,9,19,رياض-003,رياضيات (3),2,0
المعاهد الصناعية الثانوية,دبلوم الثانوي الصناعي,التقنية الميكانيكية,تقنية المحركات ومركبات,برامج مفعله,51,103,الفصل التدريبي الثالث ,9,19,ماهر-004,بحث ومصادر المعلومات,2,0
المعاهد الصناعية الثانوية,دبلوم الثانوي الصناعي,التقنية الميكانيكية,تقنية المحركات ومركبات,برامج مفعله,51,103,الفصل التدريبي الثالث ,9,19,مهني-003,الرسم الهندسي,0,4
المعاهد الصناعية الثانوية,دبلوم الثانوي الصناعي,التقنية الميكانيكية,تقنية المحركات ومركبات,برامج مفعله,51,103,الفصل التدريبي الثالث ,9,19,ميكا-014,علم المواد,0,4
المعاهد الصناعية الثانوية,دبلوم الثانوي الصناعي,التقنية الميكانيكية,تقنية المحركات ومركبات,برامج مفعله,51,103,الفصل التدريبي الثاني ,10,22,اسلك-001,سلوك مهني,2,0
المعاهد الصناعية الثانوية,دبلوم الثانوي الصناعي,التقنية الميكانيكية,تقنية المحركات ومركبات,برامج مفعله,51,103,الفصل التدريبي الثاني ,10,22,اسلم-002,ثقافة إسلامية-2,2,0
المعاهد الصناعية الثانوية,دبلوم الثانوي الصناعي,التقنية الميكانيكية,تقنية المحركات ومركبات,برامج مفعله,51,103,الفصل التدريبي الثاني ,10,22,انجل-002,لغة إنجليزية (2),4,0
المعاهد الصناعية الثانوية,دبلوم الثانوي الصناعي,التقنية الميكانيكية,تقنية المحركات ومركبات,برامج مفعله,51,103,الفصل التدريبي الثاني ,10,22,بدني-002,التربية البدنية-2,0,2
المعاهد الصناعية الثانوية,دبلوم الثانوي الصناعي,التقنية الميكانيكية,تقنية المحركات ومركبات,برامج مفعله,51,103,الفصل التدريبي الثاني ,10,22,حاسب-002,تطبيقات الحاسب الآلي,0,6
المعاهد الصناعية الثانوية,دبلوم الثانوي الصناعي,التقنية الميكانيكية,تقنية المحركات ومركبات,برامج مفعله,51,103,الفصل التدريبي الثاني ,10,22,رياض-002,رياضيات (2),2,0
المعاهد الصناعية الثانوية,دبلوم الثانوي الصناعي,التقنية الميكانيكية,تقنية المحركات ومركبات,برامج مفعله,51,103,الفصل التدريبي الثاني ,10,22,عربي-002,لغة عربية-2,2,0
المعاهد الصناعية الثانوية,دبلوم الثانوي الصناعي,التقنية الميكانيكية,تقنية المحركات ومركبات,برامج مفعله,51,103,الفصل التدريبي الثاني ,10,22,ماهر-002,مهارات التواصل والتعاون,2,0
المعاهد الصناعية الثانوية,دبلوم الثانوي الصناعي,التقنية الميكانيكية,تقنية المحركات ومركبات,برامج مفعله,51,103,الفصل التدريبي الثاني ,10,22,ماهر-003,التفكير الناقد والإبداعي,2,0
المعاهد الصناعية الثانوية,دبلوم الثانوي الصناعي,التقنية الميكانيكية,تقنية المحركات ومركبات,برامج مفعله,51,103,الفصل التدريبي الثاني ,10,22,مهني-001,ورش تأسيسية,0,6
المعاهد الصناعية الثانوية,دبلوم الثانوي الصناعي,التقنية الميكانيكية,تقنية المحركات ومركبات,برامج مفعله,51,103,الفصل التدريبي الخامس ,8,14,سيار-011,محركات,0,4
المعاهد الصناعية الثانوية,دبلوم الثانوي الصناعي,التقنية الميكانيكية,تقنية المحركات ومركبات,برامج مفعله,51,103,الفصل التدريبي الخامس ,8,14,سيار-012,صندوق السرعات الذاتي,0,4
المعاهد الصناعية الثانوية,دبلوم الثانوي الصناعي,التقنية الميكانيكية,تقنية المحركات ومركبات,برامج مفعله,51,103,الفصل التدريبي الخامس ,8,14,سيار-013,أنظمة الوقود والإنبعاثات,0,4
المعاهد الصناعية الثانوية,دبلوم الثانوي الصناعي,التقنية الميكانيكية,تقنية المحركات ومركبات,برامج مفعله,51,103,الفصل التدريبي الخامس ,8,14,سيار-014,نظام الإشعال الإلكتروني,0,4
المعاهد الصناعية الثانوية,دبلوم الثانوي الصناعي,التقنية الميكانيكية,تقنية المحركات ومركبات,برامج مفعله,51,103,الفصل التدريبي الخامس ,8,14,سيار-015,بادئ الحركة والمولد الكهربائي,0,4
المعاهد الصناعية الثانوية,دبلوم الثانوي الصناعي,التقنية الميكانيكية,تقنية المحركات ومركبات,برامج مفعله,51,103,الفصل التدريبي الخامس ,8,14,سيار-091,مشاريع إنتاجية,0,4
المعاهد الصناعية الثانوية,دبلوم الثانوي الصناعي,التقنية الميكانيكية,تقنية المحركات ومركبات,برامج مفعله,51,103,الفصل التدريبي الخامس ,8,14,ميكا-034,أنظمة التوجيه,0,4
المعاهد الصناعية الثانوية,دبلوم الثانوي الصناعي,التقنية الميكانيكية,تقنية المحركات ومركبات,برامج مفعله,51,103,الفصل التدريبي الخامس ,8,14,نشاط-002,أنشطة مهنية 2,2,0
المعاهد الصناعية الثانوية,دبلوم الثانوي الصناعي,التقنية الميكانيكية,تقنية المحركات ومركبات,برامج مفعله,51,103,الفصل التدريبي الرابع ,8,14,مهني-004,مقدمة في ريادة الأعمال,1,2
المعاهد الصناعية الثانوية,دبلوم الثانوي الصناعي,التقنية الميكانيكية,تقنية المحركات ومركبات,برامج مفعله,51,103,الفصل التدريبي الرابع ,8,14,ميكا-013,الرسم بالحاسب الالي,0,4
المعاهد الصناعية الثانوية,دبلوم الثانوي الصناعي,التقنية الميكانيكية,تقنية المحركات ومركبات,برامج مفعله,51,103,الفصل التدريبي الرابع ,8,14,ميكا-031,أساسيات المحركات,0,4
المعاهد الصناعية الثانوية,دبلوم الثانوي الصناعي,التقنية الميكانيكية,تقنية المحركات ومركبات,برامج مفعله,51,103,الفصل التدريبي الرابع ,8,14,ميكا-032,صندوق السرعات اليدوي,0,4
المعاهد الصناعية الثانوية,دبلوم الثانوي الصناعي,التقنية الميكانيكية,تقنية المحركات ومركبات,برامج مفعله,51,103,الفصل التدريبي الرابع ,8,14,ميكا-033,أنظمة التعليق,0,4
المعاهد الصناعية الثانوية,دبلوم الثانوي الصناعي,التقنية الميكانيكية,تقنية المحركات ومركبات,برامج مفعله,51,103,الفصل التدريبي الرابع ,8,14,ميكا-035,أنظمة الكبح,0,4
المعاهد الصناعية الثانوية,دبلوم الثانوي الصناعي,التقنية الميكانيكية,تقنية المحركات ومركبات,برامج مفعله,51,103,الفصل التدريبي الرابع ,8,14,ميكا-036,إلكترونيات السيارات,0,4
المعاهد الصناعية الثانوية,دبلوم الثانوي الصناعي,التقنية الميكانيكية,تقنية المحركات ومركبات,برامج مفعله,51,103,الفصل التدريبي الرابع ,8,14,نشاط-001,أنشطة مهنية,2,0
المعاهد الصناعية الثانوية,دبلوم الثانوي الصناعي,التقنية الميكانيكية,تقنية المحركات ومركبات,برامج مفعله,51,103,الفصل التدريبي السادس ,7,13,سيار-016,مجموعة النقل النهائية,0,4
المعاهد الصناعية الثانوية,دبلوم الثانوي الصناعي,التقنية الميكانيكية,تقنية المحركات ومركبات,برامج مفعله,51,103,الفصل التدريبي السادس ,7,13,سيار-017,الدوائر الكهربائية للسيارات,0,4
المعاهد الصناعية الثانوية,دبلوم الثانوي الصناعي,التقنية الميكانيكية,تقنية المحركات ومركبات,برامج مفعله,51,103,الفصل التدريبي السادس ,7,13,سيار-018,الفحص والصيانة,0,4
المعاهد الصناعية الثانوية,دبلوم الثانوي الصناعي,التقنية الميكانيكية,تقنية المحركات ومركبات,برامج مفعله,51,103,الفصل التدريبي السادس ,7,13,سيار-019,تشخيص الأعطال,0,4
المعاهد الصناعية الثانوية,دبلوم الثانوي الصناعي,التقنية الميكانيكية,تقنية المحركات ومركبات,برامج مفعله,51,103,الفصل التدريبي السادس ,7,13,سيار-021,التقنيات الحديثة في السيارات,0,4
المعاهد الصناعية الثانوية,دبلوم الثانوي الصناعي,التقنية الميكانيكية,تقنية المحركات ومركبات,برامج مفعله,51,103,الفصل التدريبي السادس ,7,13,سيار-098,تدريب إنتاجي,0,6
المعاهد الصناعية الثانوية,دبلوم الثانوي الصناعي,التقنية الميكانيكية,تقنية المحركات ومركبات,برامج مفعله,51,103,الفصل التدريبي السادس ,7,13,نشاط-003,أنشطة مهنية - 3,4,0
المعاهد الصناعية الثانوية,دبلوم الثانوي الصناعي,التقنية المدنية والمعمارية,تقنية المساحة,برامج مفعله,51,103,الفصل التدريبي الأول ,9,21,اسلم-001,ثقافة إسلامية-1,2,0
المعاهد الصناعية الثانوية,دبلوم الثانوي الصناعي,التقنية المدنية والمعمارية,تقنية المساحة,برامج مفعله,51,103,الفصل التدريبي الأول ,9,21,انجل-001,لغة إنجليزية (1),4,0
المعاهد الصناعية الثانوية,دبلوم الثانوي الصناعي,التقنية المدنية والمعمارية,تقنية المساحة,برامج مفعله,51,103,الفصل التدريبي الأول ,9,21,بدني-001,التربية البدنية-1,0,4
المعاهد الصناعية الثانوية,دبلوم الثانوي الصناعي,التقنية المدنية والمعمارية,تقنية المساحة,برامج مفعله,51,103,الفصل التدريبي الأول ,9,21,حاسب-001,أساسيات الحاسب الآلي,0,6
المعاهد الصناعية الثانوية,دبلوم الثانوي الصناعي,التقنية المدنية والمعمارية,تقنية المساحة,برامج مفعله,51,103,الفصل التدريبي الأول ,9,21,رياض-001,رياضيات (1),2,0
المعاهد الصناعية الثانوية,دبلوم الثانوي الصناعي,التقنية المدنية والمعمارية,تقنية المساحة,برامج مفعله,51,103,الفصل التدريبي الأول ,9,21,عربي-001,لغة عربية-1,2,0
المعاهد الصناعية الثانوية,دبلوم الثانوي الصناعي,التقنية المدنية والمعمارية,تقنية المساحة,برامج مفعله,51,103,الفصل التدريبي الأول ,9,21,فيزي-001,فــيـزيـــــــاء,2,2
المعاهد الصناعية الثانوية,دبلوم الثانوي الصناعي,التقنية المدنية والمعمارية,تقنية المساحة,برامج مفعله,51,103,الفصل التدريبي الأول ,9,21,ماهر-001,مدخل الى مهارات القرن 21,2,0
المعاهد الصناعية الثانوية,دبلوم الثانوي الصناعي,التقنية المدنية والمعمارية,تقنية المساحة,برامج مفعله,1,8,الفصل التدريبي الأول ,7,21,مرسم-001,اساسيات المساحة,0,4
المعاهد الصناعية الثانوية,دبلوم الثانوي الصناعي,التقنية المدنية والمعمارية,تقنية المساحة,برامج مفعله,1,8,الفصل التدريبي الأول ,7,21,مساح-001,المساحة المهنية,0,4
المعاهد الصناعية الثانوية,دبلوم الثانوي الصناعي,التقنية المدنية والمعمارية,تقنية المساحة,برامج مفعله,1,8,الفصل التدريبي الأول ,7,21,مساح-002,الميزانية,0,4
المعاهد الصناعية الثانوية,دبلوم الثانوي الصناعي,التقنية المدنية والمعمارية,تقنية المساحة,برامج مفعله,1,8,الفصل التدريبي الأول ,7,21,مساح-003,المضلعات,0,4
المعاهد الصناعية الثانوية,دبلوم الثانوي الصناعي,التقنية المدنية والمعمارية,تقنية المساحة,برامج مفعله,1,8,الفصل التدريبي الأول ,7,21,مساح-004,نظم الملاحة بالأقمار الصناعية,0,4
المعاهد الصناعية الثانوية,دبلوم الثانوي الصناعي,التقنية المدنية والمعمارية,تقنية المساحة,برامج مفعله,1,8,الفصل التدريبي الأول ,7,21,مساح-013,المساحة التصويرية,0,4
المعاهد الصناعية الثانوية,دبلوم الثانوي الصناعي,التقنية المدنية والمعمارية,تقنية المساحة,برامج مفعله,1,8,الفصل التدريبي الأول ,7,21,مساح-021,الحساب المساحي1,0,4
المعاهد الصناعية الثانوية,دبلوم الثانوي الصناعي,التقنية المدنية والمعمارية,تقنية المساحة,برامج مفعله,1,8,الفصل التدريبي الأول ,1,8,مساح-065,المساحة الأرضية,0,16
المعاهد الصناعية الثانوية,دبلوم الثانوي الصناعي,التقنية المدنية والمعمارية,تقنية المساحة,برامج مفعله,1,8,الفصل التدريبي الأول ,1,8,مساح-066,المساحة التصويرية والدرونز,0,16
المعاهد الصناعية الثانوية,دبلوم الثانوي الصناعي,التقنية المدنية والمعمارية,تقنية المساحة,برامج مفعله,1,10,الفصل التدريبي الأول ,1,10,مساح-067,نظم المعلومات الجغرافية,0,20
المعاهد الصناعية الثانوية,دبلوم الثانوي الصناعي,التقنية المدنية والمعمارية,تقنية المساحة,برامج مفعله,51,103,الفصل التدريبي الأول ,9,21,مهني-002,السلامة والصحة المهنية,1,2
المعاهد الصناعية الثانوية,دبلوم الثانوي الصناعي,التقنية المدنية والمعمارية,تقنية المساحة,برامج مفعله,51,103,الفصل التدريبي الثالث ,9,19,اسلم-003,ثقافة إسلامية-3,2,0
المعاهد الصناعية الثانوية,دبلوم الثانوي الصناعي,التقنية المدنية والمعمارية,تقنية المساحة,برامج مفعله,51,103,الفصل التدريبي الثالث ,9,19,انجل-003,لغة إنجليزية (3),4,0
المعاهد الصناعية الثانوية,دبلوم الثانوي الصناعي,التقنية المدنية والمعمارية,تقنية المساحة,برامج مفعله,51,103,الفصل التدريبي الثالث ,9,19,رياض-003,رياضيات (3),2,0
المعاهد الصناعية الثانوية,دبلوم الثانوي الصناعي,التقنية المدنية والمعمارية,تقنية المساحة,برامج مفعله,51,103,الفصل التدريبي الثالث ,9,19,ماهر-004,بحث ومصادر المعلومات,2,0
المعاهد الصناعية الثانوية,دبلوم الثانوي الصناعي,التقنية المدنية والمعمارية,تقنية المساحة,برامج مفعله,51,103,الفصل التدريبي الثالث ,9,19,مرسم-001,اساسيات المساحة,0,4
المعاهد الصناعية الثانوية,دبلوم الثانوي الصناعي,التقنية المدنية والمعمارية,تقنية المساحة,برامج مفعله,51,103,الفصل التدريبي الثالث ,9,19,مرسم-002,أساسيات الإنشاءات,0,4
المعاهد الصناعية الثانوية,دبلوم الثانوي الصناعي,التقنية المدنية والمعمارية,تقنية المساحة,برامج مفعله,51,103,الفصل التدريبي الثالث ,9,19,مرسم-003,رسم و قراءة المخططات,0,4
المعاهد الصناعية الثانوية,دبلوم الثانوي الصناعي,التقنية المدنية والمعمارية,تقنية المساحة,برامج مفعله,51,103,الفصل التدريبي الثالث ,9,19,مرسم-004,اساسيات عقود التشييد,0,4
المعاهد الصناعية الثانوية,دبلوم الثانوي الصناعي,التقنية المدنية والمعمارية,تقنية المساحة,برامج مفعله,51,103,الفصل التدريبي الثالث ,9,19,مهني-003,الرسم الهندسي,0,4
المعاهد الصناعية الثانوية,دبلوم الثانوي الصناعي,التقنية المدنية والمعمارية,تقنية المساحة,برامج مفعله,51,103,الفصل التدريبي الثاني ,10,22,اسلك-001,سلوك مهني,2,0
المعاهد الصناعية الثانوية,دبلوم الثانوي الصناعي,التقنية المدنية والمعمارية,تقنية المساحة,برامج مفعله,51,103,الفصل التدريبي الثاني ,10,22,اسلم-002,ثقافة إسلامية-2,2,0
المعاهد الصناعية الثانوية,دبلوم الثانوي الصناعي,التقنية المدنية والمعمارية,تقنية المساحة,برامج مفعله,51,103,الفصل التدريبي الثاني ,10,22,انجل-002,لغة إنجليزية (2),4,0
المعاهد الصناعية الثانوية,دبلوم الثانوي الصناعي,التقنية المدنية والمعمارية,تقنية المساحة,برامج مفعله,51,103,الفصل التدريبي الثاني ,10,22,بدني-002,التربية البدنية-2,0,2
المعاهد الصناعية الثانوية,دبلوم الثانوي الصناعي,التقنية المدنية والمعمارية,تقنية المساحة,برامج مفعله,51,103,الفصل التدريبي الثاني ,10,22,حاسب-002,تطبيقات الحاسب الآلي,0,6
المعاهد الصناعية الثانوية,دبلوم الثانوي الصناعي,التقنية المدنية والمعمارية,تقنية المساحة,برامج مفعله,51,103,الفصل التدريبي الثاني ,10,22,رياض-002,رياضيات (2),2,0
المعاهد الصناعية الثانوية,دبلوم الثانوي الصناعي,التقنية المدنية والمعمارية,تقنية المساحة,برامج مفعله,51,103,الفصل التدريبي الثاني ,10,22,عربي-002,لغة عربية-2,2,0
المعاهد الصناعية الثانوية,دبلوم الثانوي الصناعي,التقنية المدنية والمعمارية,تقنية المساحة,برامج مفعله,51,103,الفصل التدريبي الثاني ,10,22,ماهر-002,مهارات التواصل والتعاون,2,0
المعاهد الصناعية الثانوية,دبلوم الثانوي الصناعي,التقنية المدنية والمعمارية,تقنية المساحة,برامج مفعله,51,103,الفصل التدريبي الثاني ,10,22,ماهر-003,التفكير الناقد والإبداعي,2,0
المعاهد الصناعية الثانوية,دبلوم الثانوي الصناعي,التقنية المدنية والمعمارية,تقنية المساحة,برامج مفعله,51,103,الفصل التدريبي الثاني ,10,22,مهني-001,ورش تأسيسية,0,6
المعاهد الصناعية الثانوية,دبلوم الثانوي الصناعي,التقنية المدنية والمعمارية,تقنية المساحة,برامج مفعله,51,103,الفصل التدريبي الخامس ,8,14,مساح-011,الرفع التفصيلي,0,4
المعاهد الصناعية الثانوية,دبلوم الثانوي الصناعي,التقنية المدنية والمعمارية,تقنية المساحة,برامج مفعله,51,103,الفصل التدريبي الخامس ,8,14,مساح-012,الرفع الطبوغرافي,0,4
المعاهد الصناعية الثانوية,دبلوم الثانوي الصناعي,التقنية المدنية والمعمارية,تقنية المساحة,برامج مفعله,51,103,الفصل التدريبي الخامس ,8,14,مساح-014,التوقيع المساحي,0,4
المعاهد الصناعية الثانوية,دبلوم الثانوي الصناعي,التقنية المدنية والمعمارية,تقنية المساحة,برامج مفعله,51,103,الفصل التدريبي الخامس ,8,14,مساح-022,الحساب المساحي2,0,4
المعاهد الصناعية الثانوية,دبلوم الثانوي الصناعي,التقنية المدنية والمعمارية,تقنية المساحة,برامج مفعله,51,103,الفصل التدريبي الخامس ,8,14,مساح-031,الرسم المساحي بالحاسب 1,0,4
المعاهد الصناعية الثانوية,دبلوم الثانوي الصناعي,التقنية المدنية والمعمارية,تقنية المساحة,برامج مفعله,51,103,الفصل التدريبي الخامس ,8,14,مساح-041,معسكر مساحي1,0,4
المعاهد الصناعية الثانوية,دبلوم الثانوي الصناعي,التقنية المدنية والمعمارية,تقنية المساحة,برامج مفعله,51,103,الفصل التدريبي الخامس ,8,14,مساح-091,مشاريع إنتاجية,0,4
المعاهد الصناعية الثانوية,دبلوم الثانوي الصناعي,التقنية المدنية والمعمارية,تقنية المساحة,برامج مفعله,51,103,الفصل التدريبي الخامس ,8,14,نشاط-002,أنشطة مهنية 2,2,0
المعاهد الصناعية الثانوية,دبلوم الثانوي الصناعي,التقنية المدنية والمعمارية,تقنية المساحة,برامج مفعله,51,103,الفصل التدريبي الرابع ,8,14,مساح-001,المساحة المهنية,0,4
المعاهد الصناعية الثانوية,دبلوم الثانوي الصناعي,التقنية المدنية والمعمارية,تقنية المساحة,برامج مفعله,51,103,الفصل التدريبي الرابع ,8,14,مساح-002,الميزانية,0,4
المعاهد الصناعية الثانوية,دبلوم الثانوي الصناعي,التقنية المدنية والمعمارية,تقنية المساحة,برامج مفعله,51,103,الفصل التدريبي الرابع ,8,14,مساح-003,المضلعات,0,4
المعاهد الصناعية الثانوية,دبلوم الثانوي الصناعي,التقنية المدنية والمعمارية,تقنية المساحة,برامج مفعله,51,103,الفصل التدريبي الرابع ,8,14,مساح-004,نظم الملاحة بالأقمار الصناعية,0,4
المعاهد الصناعية الثانوية,دبلوم الثانوي الصناعي,التقنية المدنية والمعمارية,تقنية المساحة,برامج مفعله,51,103,الفصل التدريبي الرابع ,8,14,مساح-013,المساحة التصويرية,0,4
المعاهد الصناعية الثانوية,دبلوم الثانوي الصناعي,التقنية المدنية والمعمارية,تقنية المساحة,برامج مفعله,51,103,الفصل التدريبي الرابع ,8,14,مساح-021,الحساب المساحي1,0,4
المعاهد الصناعية الثانوية,دبلوم الثانوي الصناعي,التقنية المدنية والمعمارية,تقنية المساحة,برامج مفعله,51,103,الفصل التدريبي الرابع ,8,14,مهني-004,مقدمة في ريادة الأعمال,1,2
المعاهد الصناعية الثانوية,دبلوم الثانوي الصناعي,التقنية المدنية والمعمارية,تقنية المساحة,برامج مفعله,51,103,الفصل التدريبي الرابع ,8,14,نشاط-001,أنشطة مهنية,2,0
المعاهد الصناعية الثانوية,دبلوم الثانوي الصناعي,التقنية المدنية والمعمارية,تقنية المساحة,برامج مفعله,51,103,الفصل التدريبي السادس ,7,13,مساح-015,أساسيات نظم المعلومات الجغرافي,0,4
المعاهد الصناعية الثانوية,دبلوم الثانوي الصناعي,التقنية المدنية والمعمارية,تقنية المساحة,برامج مفعله,51,103,الفصل التدريبي السادس ,7,13,مساح-023,الحساب المساحي3,0,4
المعاهد الصناعية الثانوية,دبلوم الثانوي الصناعي,التقنية المدنية والمعمارية,تقنية المساحة,برامج مفعله,51,103,الفصل التدريبي السادس ,7,13,مساح-032,الرسم المساحي بالحاسب 2,0,4
المعاهد الصناعية الثانوية,دبلوم الثانوي الصناعي,التقنية المدنية والمعمارية,تقنية المساحة,برامج مفعله,51,103,الفصل التدريبي السادس ,7,13,مساح-043,التقارير والجداول الزمنية,0,4
المعاهد الصناعية الثانوية,دبلوم الثانوي الصناعي,التقنية المدنية والمعمارية,تقنية المساحة,برامج مفعله,51,103,الفصل التدريبي السادس ,7,13,مساح-044,معسكر مساحي2,0,4
المعاهد الصناعية الثانوية,دبلوم الثانوي الصناعي,التقنية المدنية والمعمارية,تقنية المساحة,برامج مفعله,51,103,الفصل التدريبي السادس ,7,13,مساح-098,تدريب إنتاجي,0,6
المعاهد الصناعية الثانوية,دبلوم الثانوي الصناعي,التقنية المدنية والمعمارية,تقنية المساحة,برامج مفعله,51,103,الفصل التدريبي السادس ,7,13,نشاط-003,أنشطة مهنية - 3,4,0
المعاهد الصناعية الثانوية,دبلوم الثانوي الصناعي,تقنية تصميم وتصنيع الأزياء,تقنية الموضة وتصميم الأزياء,برامج مفعله,1,10,الفصل التدريبي الأول ,1,10,نكسو-085,تصميم وخياطة الملابس,0,20
المعاهد الصناعية الثانوية,دبلوم الثانوي الصناعي,تقنية تصميم وتصنيع الأزياء,تقنية الموضة وتصميم الأزياء,برامج مفعله,1,10,الفصل التدريبي الأول ,1,10,نكسو-086,مهارا ت تصميم الأزياء,0,20
المعاهد الصناعية الثانوية,دبلوم الثانوي الصناعي,تقنية تصميم وتصنيع الأزياء,تقنية إنتاج وتصنيع الأزياء,برامج مفعله,1,10,الفصل التدريبي الأول ,1,10,نخيط-085,مهارات في انتاج الملابس,0,20
المعاهد الصناعية الثانوية,دبلوم الثانوي الصناعي,تقنية تصميم وتصنيع الأزياء,تقنية إنتاج وتصنيع الأزياء,برامج مفعله,1,10,الفصل التدريبي الأول ,1,10,نخيط-086,مهارا ت يدوية في صناعة الأزياء,0,20
المعاهد الصناعية الثانوية,دبلوم الثانوي الصناعي,التقنية الميكانيكية,دهان وتلميع المركبات,برامج مفعله,51,103,الفصل التدريبي الأول ,9,21,اسلم-001,ثقافة إسلامية-1,2,0
المعاهد الصناعية الثانوية,دبلوم الثانوي الصناعي,التقنية الميكانيكية,دهان وتلميع المركبات,برامج مفعله,51,103,الفصل التدريبي الأول ,9,21,انجل-001,لغة إنجليزية (1),4,0
المعاهد الصناعية الثانوية,دبلوم الثانوي الصناعي,التقنية الميكانيكية,دهان وتلميع المركبات,برامج مفعله,51,103,الفصل التدريبي الأول ,9,21,بدني-001,التربية البدنية-1,0,4
المعاهد الصناعية الثانوية,دبلوم الثانوي الصناعي,التقنية الميكانيكية,دهان وتلميع المركبات,برامج مفعله,51,103,الفصل التدريبي الأول ,9,21,حاسب-001,أساسيات الحاسب الآلي,0,6
المعاهد الصناعية الثانوية,دبلوم الثانوي الصناعي,التقنية الميكانيكية,دهان وتلميع المركبات,برامج مفعله,30,56,الفصل التدريبي الأول ,7,15,دهان-001,تخطيط وتجهيز ورش دهان المركبات,0,4
المعاهد الصناعية الثانوية,دبلوم الثانوي الصناعي,التقنية الميكانيكية,دهان وتلميع المركبات,برامج مفعله,30,56,الفصل التدريبي الأول ,7,15,دهان-011,علم دهانات المركبات,0,4
المعاهد الصناعية الثانوية,دبلوم الثانوي الصناعي,التقنية الميكانيكية,دهان وتلميع المركبات,برامج مفعله,30,56,الفصل التدريبي الأول ,7,15,دهان-051,الأدوات والمعدات في مهنة دهان,0,4
المعاهد الصناعية الثانوية,دبلوم الثانوي الصناعي,التقنية الميكانيكية,دهان وتلميع المركبات,برامج مفعله,51,103,الفصل التدريبي الأول ,9,21,رياض-001,رياضيات (1),2,0
المعاهد الصناعية الثانوية,دبلوم الثانوي الصناعي,التقنية الميكانيكية,دهان وتلميع المركبات,برامج مفعله,30,56,الفصل التدريبي الأول ,7,15,سمكر-003,أساسيات الكهرباء والميكانيكا ب,0,4
المعاهد الصناعية الثانوية,دبلوم الثانوي الصناعي,التقنية الميكانيكية,دهان وتلميع المركبات,برامج مفعله,51,103,الفصل التدريبي الأول ,9,21,عربي-001,لغة عربية-1,2,0
المعاهد الصناعية الثانوية,دبلوم الثانوي الصناعي,التقنية الميكانيكية,دهان وتلميع المركبات,برامج مفعله,51,103,الفصل التدريبي الأول ,9,21,فيزي-001,فــيـزيـــــــاء,2,2
المعاهد الصناعية الثانوية,دبلوم الثانوي الصناعي,التقنية الميكانيكية,دهان وتلميع المركبات,برامج مفعله,51,103,الفصل التدريبي الأول ,9,21,ماهر-001,مدخل الى مهارات القرن 21,2,0
المعاهد الصناعية الثانوية,دبلوم الثانوي الصناعي,التقنية الميكانيكية,دهان وتلميع المركبات,برامج مفعله,30,56,الفصل التدريبي الأول ,7,15,مهني-001,ورش تأسيسية,0,6
المعاهد الصناعية الثانوية,دبلوم الثانوي الصناعي,التقنية الميكانيكية,دهان وتلميع المركبات,برامج مفعله,51,103,الفصل التدريبي الأول ,9,21,مهني-002,السلامة والصحة المهنية,1,2
المعاهد الصناعية الثانوية,دبلوم الثانوي الصناعي,التقنية الميكانيكية,دهان وتلميع المركبات,برامج مفعله,30,56,الفصل التدريبي الأول ,7,15,مهني-002,السلامة والصحة المهنية,1,2
المعاهد الصناعية الثانوية,دبلوم الثانوي الصناعي,التقنية الميكانيكية,دهان وتلميع المركبات,برامج مفعله,30,56,الفصل التدريبي الأول ,7,15,مهني-003,الرسم الهندسي,0,4
المعاهد الصناعية الثانوية,دبلوم الثانوي الصناعي,التقنية الميكانيكية,دهان وتلميع المركبات,برامج مفعله,51,103,الفصل التدريبي الثالث ,9,19,اسلم-003,ثقافة إسلامية-3,2,0
المعاهد الصناعية الثانوية,دبلوم الثانوي الصناعي,التقنية الميكانيكية,دهان وتلميع المركبات,برامج مفعله,51,103,الفصل التدريبي الثالث ,9,19,انجل-003,لغة إنجليزية (3),4,0
المعاهد الصناعية الثانوية,دبلوم الثانوي الصناعي,التقنية الميكانيكية,دهان وتلميع المركبات,برامج مفعله,51,103,الفصل التدريبي الثالث ,9,19,دهان-001,تخطيط وتجهيز ورش دهان المركبات,0,4
المعاهد الصناعية الثانوية,دبلوم الثانوي الصناعي,التقنية الميكانيكية,دهان وتلميع المركبات,برامج مفعله,51,103,الفصل التدريبي الثالث ,9,19,دهان-011,علم دهانات المركبات,0,4
المعاهد الصناعية الثانوية,دبلوم الثانوي الصناعي,التقنية الميكانيكية,دهان وتلميع المركبات,برامج مفعله,30,56,الفصل التدريبي الثالث ,8,14,دهان-012,التحضير لعملية التلميع,0,4
المعاهد الصناعية الثانوية,دبلوم الثانوي الصناعي,التقنية الميكانيكية,دهان وتلميع المركبات,برامج مفعله,30,56,الفصل التدريبي الثالث ,8,14,دهان-034,أعمال العناية بالهيكل الخارجي للمركبة,0,4
المعاهد الصناعية الثانوية,دبلوم الثانوي الصناعي,التقنية الميكانيكية,دهان وتلميع المركبات,برامج مفعله,30,56,الفصل التدريبي الثالث ,8,14,دهان-035,أعمال الدهانات الخاصة,0,4
المعاهد الصناعية الثانوية,دبلوم الثانوي الصناعي,التقنية الميكانيكية,دهان وتلميع المركبات,برامج مفعله,30,56,الفصل التدريبي الثالث ,8,14,دهان-042,عمليات رش الدهان الكامل,0,4
المعاهد الصناعية الثانوية,دبلوم الثانوي الصناعي,التقنية الميكانيكية,دهان وتلميع المركبات,برامج مفعله,30,56,الفصل التدريبي الثالث ,8,14,دهان-043,عمليات رش الدهان الجزئي,0,4
المعاهد الصناعية الثانوية,دبلوم الثانوي الصناعي,التقنية الميكانيكية,دهان وتلميع المركبات,برامج مفعله,30,56,الفصل التدريبي الثالث ,8,14,دهان-044,عمليات التلميع الكلي والجزئي,0,4
المعاهد الصناعية الثانوية,دبلوم الثانوي الصناعي,التقنية الميكانيكية,دهان وتلميع المركبات,برامج مفعله,51,103,الفصل التدريبي الثالث ,9,19,دهان-051,الأدوات والمعدات في مهنة دهان,0,4
المعاهد الصناعية الثانوية,دبلوم الثانوي الصناعي,التقنية الميكانيكية,دهان وتلميع المركبات,برامج مفعله,30,56,الفصل التدريبي الثالث ,8,14,دهان-091,مشاريع إنتاجية,0,4
المعاهد الصناعية الثانوية,دبلوم الثانوي الصناعي,التقنية الميكانيكية,دهان وتلميع المركبات,برامج مفعله,51,103,الفصل التدريبي الثالث ,9,19,رياض-003,رياضيات (3),2,0
المعاهد الصناعية الثانوية,دبلوم الثانوي الصناعي,التقنية الميكانيكية,دهان وتلميع المركبات,برامج مفعله,51,103,الفصل التدريبي الثالث ,9,19,سمكر-003,أساسيات الكهرباء والميكانيكا ب,0,4
المعاهد الصناعية الثانوية,دبلوم الثانوي الصناعي,التقنية الميكانيكية,دهان وتلميع المركبات,برامج مفعله,51,103,الفصل التدريبي الثالث ,9,19,ماهر-004,بحث ومصادر المعلومات,2,0
المعاهد الصناعية الثانوية,دبلوم الثانوي الصناعي,التقنية الميكانيكية,دهان وتلميع المركبات,برامج مفعله,51,103,الفصل التدريبي الثالث ,9,19,مهني-003,الرسم الهندسي,0,4
المعاهد الصناعية الثانوية,دبلوم الثانوي الصناعي,التقنية الميكانيكية,دهان وتلميع المركبات,برامج مفعله,30,56,الفصل التدريبي الثالث ,8,14,نشاط-002,أنشطة مهنية 2,2,0
المعاهد الصناعية الثانوية,دبلوم الثانوي الصناعي,التقنية الميكانيكية,دهان وتلميع المركبات,برامج مفعله,51,103,الفصل التدريبي الثاني ,10,22,اسلك-001,سلوك مهني,2,0
المعاهد الصناعية الثانوية,دبلوم الثانوي الصناعي,التقنية الميكانيكية,دهان وتلميع المركبات,برامج مفعله,51,103,الفصل التدريبي الثاني ,10,22,اسلم-002,ثقافة إسلامية-2,2,0
المعاهد الصناعية الثانوية,دبلوم الثانوي الصناعي,التقنية الميكانيكية,دهان وتلميع المركبات,برامج مفعله,51,103,الفصل التدريبي الثاني ,10,22,انجل-002,لغة إنجليزية (2),4,0
المعاهد الصناعية الثانوية,دبلوم الثانوي الصناعي,التقنية الميكانيكية,دهان وتلميع المركبات,برامج مفعله,51,103,الفصل التدريبي الثاني ,10,22,بدني-002,التربية البدنية-2,0,2
المعاهد الصناعية الثانوية,دبلوم الثانوي الصناعي,التقنية الميكانيكية,دهان وتلميع المركبات,برامج مفعله,51,103,الفصل التدريبي الثاني ,10,22,حاسب-002,تطبيقات الحاسب الآلي,0,6
المعاهد الصناعية الثانوية,دبلوم الثانوي الصناعي,التقنية الميكانيكية,دهان وتلميع المركبات,برامج مفعله,30,56,الفصل التدريبي الثاني ,8,14,دهان-021,إجراءات استلام المركبة والتقيي,0,4
المعاهد الصناعية الثانوية,دبلوم الثانوي الصناعي,التقنية الميكانيكية,دهان وتلميع المركبات,برامج مفعله,30,56,الفصل التدريبي الثاني ,8,14,دهان-031,عمليات تجهيز الأسطح المعدنية,0,4
المعاهد الصناعية الثانوية,دبلوم الثانوي الصناعي,التقنية الميكانيكية,دهان وتلميع المركبات,برامج مفعله,30,56,الفصل التدريبي الثاني ,8,14,دهان-032,تطبيق الأساس وتغطية الأسطح,0,4
المعاهد الصناعية الثانوية,دبلوم الثانوي الصناعي,التقنية الميكانيكية,دهان وتلميع المركبات,برامج مفعله,30,56,الفصل التدريبي الثاني ,8,14,دهان-033,أعمال الدهان وخلط الألوان,0,4
المعاهد الصناعية الثانوية,دبلوم الثانوي الصناعي,التقنية الميكانيكية,دهان وتلميع المركبات,برامج مفعله,30,56,الفصل التدريبي الثاني ,8,14,دهان-041,فك وتركيب القطع في المركبة,0,4
المعاهد الصناعية الثانوية,دبلوم الثانوي الصناعي,التقنية الميكانيكية,دهان وتلميع المركبات,برامج مفعله,51,103,الفصل التدريبي الثاني ,10,22,رياض-002,رياضيات (2),2,0
المعاهد الصناعية الثانوية,دبلوم الثانوي الصناعي,التقنية الميكانيكية,دهان وتلميع المركبات,برامج مفعله,51,103,الفصل التدريبي الثاني ,10,22,عربي-002,لغة عربية-2,2,0
المعاهد الصناعية الثانوية,دبلوم الثانوي الصناعي,التقنية الميكانيكية,دهان وتلميع المركبات,برامج مفعله,51,103,الفصل التدريبي الثاني ,10,22,ماهر-002,مهارات التواصل والتعاون,2,0
المعاهد الصناعية الثانوية,دبلوم الثانوي الصناعي,التقنية الميكانيكية,دهان وتلميع المركبات,برامج مفعله,51,103,الفصل التدريبي الثاني ,10,22,ماهر-003,التفكير الناقد والإبداعي,2,0
المعاهد الصناعية الثانوية,دبلوم الثانوي الصناعي,التقنية الميكانيكية,دهان وتلميع المركبات,برامج مفعله,51,103,الفصل التدريبي الثاني ,10,22,مهني-001,ورش تأسيسية,0,6
المعاهد الصناعية الثانوية,دبلوم الثانوي الصناعي,التقنية الميكانيكية,دهان وتلميع المركبات,برامج مفعله,30,56,الفصل التدريبي الثاني ,8,14,مهني-004,مقدمة في ريادة الأعمال,1,2
المعاهد الصناعية الثانوية,دبلوم الثانوي الصناعي,التقنية الميكانيكية,دهان وتلميع المركبات,برامج مفعله,30,56,الفصل التدريبي الثاني ,8,14,ميكا-014,علم المواد,0,4
المعاهد الصناعية الثانوية,دبلوم الثانوي الصناعي,التقنية الميكانيكية,دهان وتلميع المركبات,برامج مفعله,30,56,الفصل التدريبي الثاني ,8,14,نشاط-001,أنشطة مهنية,2,0
المعاهد الصناعية الثانوية,دبلوم الثانوي الصناعي,التقنية الميكانيكية,دهان وتلميع المركبات,برامج مفعله,51,103,الفصل التدريبي الخامس ,8,14,دهان-012,التحضير لعملية التلميع,0,4
المعاهد الصناعية الثانوية,دبلوم الثانوي الصناعي,التقنية الميكانيكية,دهان وتلميع المركبات,برامج مفعله,51,103,الفصل التدريبي الخامس ,8,14,دهان-034,أعمال العناية بالهيكل الخارجي للمركبة,0,4
المعاهد الصناعية الثانوية,دبلوم الثانوي الصناعي,التقنية الميكانيكية,دهان وتلميع المركبات,برامج مفعله,51,103,الفصل التدريبي الخامس ,8,14,دهان-035,أعمال الدهانات الخاصة,0,4
المعاهد الصناعية الثانوية,دبلوم الثانوي الصناعي,التقنية الميكانيكية,دهان وتلميع المركبات,برامج مفعله,51,103,الفصل التدريبي الخامس ,8,14,دهان-042,عمليات رش الدهان الكامل,0,4
المعاهد الصناعية الثانوية,دبلوم الثانوي الصناعي,التقنية الميكانيكية,دهان وتلميع المركبات,برامج مفعله,51,103,الفصل التدريبي الخامس ,8,14,دهان-043,عمليات رش الدهان الجزئي,0,4
المعاهد الصناعية الثانوية,دبلوم الثانوي الصناعي,التقنية الميكانيكية,دهان وتلميع المركبات,برامج مفعله,51,103,الفصل التدريبي الخامس ,8,14,دهان-044,عمليات التلميع الكلي والجزئي,0,4
المعاهد الصناعية الثانوية,دبلوم الثانوي الصناعي,التقنية الميكانيكية,دهان وتلميع المركبات,برامج مفعله,51,103,الفصل التدريبي الخامس ,8,14,دهان-091,مشاريع إنتاجية,0,4
المعاهد الصناعية الثانوية,دبلوم الثانوي الصناعي,التقنية الميكانيكية,دهان وتلميع المركبات,برامج مفعله,51,103,الفصل التدريبي الخامس ,8,14,نشاط-002,أنشطة مهنية 2,2,0
المعاهد الصناعية الثانوية,دبلوم الثانوي الصناعي,التقنية الميكانيكية,دهان وتلميع المركبات,برامج مفعله,30,56,الفصل التدريبي الرابع ,7,13,دهان-012,التحضير لعملية التلميع,0,4
المعاهد الصناعية الثانوية,دبلوم الثانوي الصناعي,التقنية الميكانيكية,دهان وتلميع المركبات,برامج مفعله,51,103,الفصل التدريبي الرابع ,8,14,دهان-021,إجراءات استلام المركبة والتقيي,0,4
المعاهد الصناعية الثانوية,دبلوم الثانوي الصناعي,التقنية الميكانيكية,دهان وتلميع المركبات,برامج مفعله,51,103,الفصل التدريبي الرابع ,8,14,دهان-031,عمليات تجهيز الأسطح المعدنية,0,4
المعاهد الصناعية الثانوية,دبلوم الثانوي الصناعي,التقنية الميكانيكية,دهان وتلميع المركبات,برامج مفعله,51,103,الفصل التدريبي الرابع ,8,14,دهان-032,تطبيق الأساس وتغطية الأسطح,0,4
المعاهد الصناعية الثانوية,دبلوم الثانوي الصناعي,التقنية الميكانيكية,دهان وتلميع المركبات,برامج مفعله,51,103,الفصل التدريبي الرابع ,8,14,دهان-033,أعمال الدهان وخلط الألوان,0,4
المعاهد الصناعية الثانوية,دبلوم الثانوي الصناعي,التقنية الميكانيكية,دهان وتلميع المركبات,برامج مفعله,30,56,الفصل التدريبي الرابع ,7,13,دهان-034,أعمال العناية بالهيكل الخارجي للمركبة,0,4
المعاهد الصناعية الثانوية,دبلوم الثانوي الصناعي,التقنية الميكانيكية,دهان وتلميع المركبات,برامج مفعله,51,103,الفصل التدريبي الرابع ,8,14,دهان-041,فك وتركيب القطع في المركبة,0,4
المعاهد الصناعية الثانوية,دبلوم الثانوي الصناعي,التقنية الميكانيكية,دهان وتلميع المركبات,برامج مفعله,30,56,الفصل التدريبي الرابع ,7,13,دهان-042,عمليات رش الدهان الكامل,0,4
المعاهد الصناعية الثانوية,دبلوم الثانوي الصناعي,التقنية الميكانيكية,دهان وتلميع المركبات,برامج مفعله,30,56,الفصل التدريبي الرابع ,7,13,دهان-043,عمليات رش الدهان الجزئي,0,4
المعاهد الصناعية الثانوية,دبلوم الثانوي الصناعي,التقنية الميكانيكية,دهان وتلميع المركبات,برامج مفعله,30,56,الفصل التدريبي الرابع ,7,13,دهان-044,عمليات التلميع الكلي والجزئي,0,4
المعاهد الصناعية الثانوية,دبلوم الثانوي الصناعي,التقنية الميكانيكية,دهان وتلميع المركبات,برامج مفعله,30,56,الفصل التدريبي الرابع ,7,13,دهان-092,مشاريع إنتاجية -2,0,6
المعاهد الصناعية الثانوية,دبلوم الثانوي الصناعي,التقنية الميكانيكية,دهان وتلميع المركبات,برامج مفعله,51,103,الفصل التدريبي الرابع ,8,14,مهني-004,مقدمة في ريادة الأعمال,1,2
المعاهد الصناعية الثانوية,دبلوم الثانوي الصناعي,التقنية الميكانيكية,دهان وتلميع المركبات,برامج مفعله,51,103,الفصل التدريبي الرابع ,8,14,ميكا-014,علم المواد,0,4
المعاهد الصناعية الثانوية,دبلوم الثانوي الصناعي,التقنية الميكانيكية,دهان وتلميع المركبات,برامج مفعله,51,103,الفصل التدريبي الرابع ,8,14,نشاط-001,أنشطة مهنية,2,0
المعاهد الصناعية الثانوية,دبلوم الثانوي الصناعي,التقنية الميكانيكية,دهان وتلميع المركبات,برامج مفعله,30,56,الفصل التدريبي الرابع ,7,13,نشاط-003,أنشطة مهنية - 3,4,0
المعاهد الصناعية الثانوية,دبلوم الثانوي الصناعي,التقنية الميكانيكية,دهان وتلميع المركبات,برامج مفعله,51,103,الفصل التدريبي السادس ,7,13,دهان-023,إصلاح أجزاء البلاستيك في المرك,0,4
المعاهد الصناعية الثانوية,دبلوم الثانوي الصناعي,التقنية الميكانيكية,دهان وتلميع المركبات,برامج مفعله,51,103,الفصل التدريبي السادس ,7,13,دهان-024,إجراءات الجودة لتسليم المركبة,0,4
المعاهد الصناعية الثانوية,دبلوم الثانوي الصناعي,التقنية الميكانيكية,دهان وتلميع المركبات,برامج مفعله,51,103,الفصل التدريبي السادس ,7,13,دهان-036,أعمال العناية بداخل المركبة,0,4
المعاهد الصناعية الثانوية,دبلوم الثانوي الصناعي,التقنية الميكانيكية,دهان وتلميع المركبات,برامج مفعله,51,103,الفصل التدريبي السادس ,7,13,دهان-045,تشخيص عيوب الدهان,0,4
المعاهد الصناعية الثانوية,دبلوم الثانوي الصناعي,التقنية الميكانيكية,دهان وتلميع المركبات,برامج مفعله,51,103,الفصل التدريبي السادس ,7,13,دهان-052,تلميع المحرك والعناية بأسفل المركبة,0,4
المعاهد الصناعية الثانوية,دبلوم الثانوي الصناعي,التقنية الميكانيكية,دهان وتلميع المركبات,برامج مفعله,51,103,الفصل التدريبي السادس ,7,13,دهان-098,تدريب إنتاجي,0,6
المعاهد الصناعية الثانوية,دبلوم الثانوي الصناعي,التقنية الميكانيكية,دهان وتلميع المركبات,برامج مفعله,51,103,الفصل التدريبي السادس ,7,13,نشاط-003,أنشطة مهنية - 3,4,0
المعاهد الصناعية الثانوية,دبلوم الثانوي الصناعي,تقنية الغذاء,سلامة الاغذية,برامج مفعله,1,8,الفصل التدريبي الأول ,1,20,نخيل-085,عمليات زراعة وري النخيل وإنتاج التمور,0,16
المعاهد الصناعية الثانوية,دبلوم الثانوي الصناعي,التقنية الميكانيكية,سمكرة المركبات,برامج مفعله,51,103,الفصل التدريبي الأول ,9,21,اسلم-001,ثقافة إسلامية-1,2,0
المعاهد الصناعية الثانوية,دبلوم الثانوي الصناعي,التقنية الميكانيكية,سمكرة المركبات,برامج مفعله,51,103,الفصل التدريبي الأول ,9,21,انجل-001,لغة إنجليزية (1),4,0
المعاهد الصناعية الثانوية,دبلوم الثانوي الصناعي,التقنية الميكانيكية,سمكرة المركبات,برامج مفعله,51,103,الفصل التدريبي الأول ,9,21,بدني-001,التربية البدنية-1,0,4
المعاهد الصناعية الثانوية,دبلوم الثانوي الصناعي,التقنية الميكانيكية,سمكرة المركبات,برامج مفعله,51,103,الفصل التدريبي الأول ,9,21,حاسب-001,أساسيات الحاسب الآلي,0,6
المعاهد الصناعية الثانوية,دبلوم الثانوي الصناعي,التقنية الميكانيكية,سمكرة المركبات,برامج مفعله,30,56,الفصل التدريبي الأول ,7,15,حاكر-011,أجهزة القياسات,0,4
المعاهد الصناعية الثانوية,دبلوم الثانوي الصناعي,التقنية الميكانيكية,سمكرة المركبات,برامج مفعله,51,103,الفصل التدريبي الأول ,9,21,رياض-001,رياضيات (1),2,0
المعاهد الصناعية الثانوية,دبلوم الثانوي الصناعي,التقنية الميكانيكية,سمكرة المركبات,برامج مفعله,30,56,الفصل التدريبي الأول ,7,15,سمكر-001,أساسيات لحام السمكرة,0,4
المعاهد الصناعية الثانوية,دبلوم الثانوي الصناعي,التقنية الميكانيكية,سمكرة المركبات,برامج مفعله,30,56,الفصل التدريبي الأول ,7,15,سمكر-002,أساسيات الوصل والتشكيل,0,4
المعاهد الصناعية الثانوية,دبلوم الثانوي الصناعي,التقنية الميكانيكية,سمكرة المركبات,برامج مفعله,1,10,الفصل التدريبي الأول ,1,10,سمكر-093,استبدال قطع هيكل المركبة,0,20
المعاهد الصناعية الثانوية,دبلوم الثانوي الصناعي,التقنية الميكانيكية,سمكرة المركبات,برامج مفعله,1,10,الفصل التدريبي الأول ,1,10,سمكر-094,لحام وإصلاح جسم وهيكل المركبة,0,20
المعاهد الصناعية الثانوية,دبلوم الثانوي الصناعي,التقنية الميكانيكية,سمكرة المركبات,برامج مفعله,1,10,الفصل التدريبي الأول ,1,10,سمكر-095,السمكرة والإصلاح اليدوي لجسم وهيكل المركبة,0,20
المعاهد الصناعية الثانوية,دبلوم الثانوي الصناعي,التقنية الميكانيكية,سمكرة المركبات,برامج مفعله,1,10,الفصل التدريبي الأول ,1,10,سمكر-096,الصيانة وا لإصلاح بالمنصات لجسم وهيكل المركبة,0,20
المعاهد الصناعية الثانوية,دبلوم الثانوي الصناعي,التقنية الميكانيكية,سمكرة المركبات,برامج مفعله,1,10,الفصل التدريبي الأول ,1,10,سمكر-097,تركيب وضبط ملحقات جسم وهيكل المركبة,0,20
المعاهد الصناعية الثانوية,دبلوم الثانوي الصناعي,التقنية الميكانيكية,سمكرة المركبات,برامج مفعله,51,103,الفصل التدريبي الأول ,9,21,عربي-001,لغة عربية-1,2,0
المعاهد الصناعية الثانوية,دبلوم الثانوي الصناعي,التقنية الميكانيكية,سمكرة المركبات,برامج مفعله,51,103,الفصل التدريبي الأول ,9,21,فيزي-001,فــيـزيـــــــاء,2,2
المعاهد الصناعية الثانوية,دبلوم الثانوي الصناعي,التقنية الميكانيكية,سمكرة المركبات,برامج مفعله,51,103,الفصل التدريبي الأول ,9,21,ماهر-001,مدخل الى مهارات القرن 21,2,0
المعاهد الصناعية الثانوية,دبلوم الثانوي الصناعي,التقنية الميكانيكية,سمكرة المركبات,برامج مفعله,30,56,الفصل التدريبي الأول ,7,15,مهني-001,ورش تأسيسية,0,6
المعاهد الصناعية الثانوية,دبلوم الثانوي الصناعي,التقنية الميكانيكية,سمكرة المركبات,برامج مفعله,30,56,الفصل التدريبي الأول ,7,15,مهني-002,السلامة والصحة المهنية,1,2
المعاهد الصناعية الثانوية,دبلوم الثانوي الصناعي,التقنية الميكانيكية,سمكرة المركبات,برامج مفعله,51,103,الفصل التدريبي الأول ,9,21,مهني-002,السلامة والصحة المهنية,1,2
المعاهد الصناعية الثانوية,دبلوم الثانوي الصناعي,التقنية الميكانيكية,سمكرة المركبات,برامج مفعله,30,56,الفصل التدريبي الأول ,7,15,مهني-003,الرسم الهندسي,0,4
المعاهد الصناعية الثانوية,دبلوم الثانوي الصناعي,التقنية الميكانيكية,سمكرة المركبات,برامج مفعله,30,56,الفصل التدريبي الأول ,7,15,ميكا-014,علم المواد,0,4
المعاهد الصناعية الثانوية,دبلوم الثانوي الصناعي,التقنية الميكانيكية,سمكرة المركبات,برامج مفعله,51,103,الفصل التدريبي الثالث ,9,19,اسلم-003,ثقافة إسلامية-3,2,0
المعاهد الصناعية الثانوية,دبلوم الثانوي الصناعي,التقنية الميكانيكية,سمكرة المركبات,برامج مفعله,51,103,الفصل التدريبي الثالث ,9,19,انجل-003,لغة إنجليزية (3),4,0
المعاهد الصناعية الثانوية,دبلوم الثانوي الصناعي,التقنية الميكانيكية,سمكرة المركبات,برامج مفعله,51,103,الفصل التدريبي الثالث ,9,19,حاكر-011,أجهزة القياسات,0,4
المعاهد الصناعية الثانوية,دبلوم الثانوي الصناعي,التقنية الميكانيكية,سمكرة المركبات,برامج مفعله,51,103,الفصل التدريبي الثالث ,9,19,رياض-003,رياضيات (3),2,0
المعاهد الصناعية الثانوية,دبلوم الثانوي الصناعي,التقنية الميكانيكية,سمكرة المركبات,برامج مفعله,51,103,الفصل التدريبي الثالث ,9,19,سمكر-001,أساسيات لحام السمكرة,0,4
المعاهد الصناعية الثانوية,دبلوم الثانوي الصناعي,التقنية الميكانيكية,سمكرة المركبات,برامج مفعله,51,103,الفصل التدريبي الثالث ,9,19,سمكر-002,أساسيات الوصل والتشكيل,0,4
المعاهد الصناعية الثانوية,دبلوم الثانوي الصناعي,التقنية الميكانيكية,سمكرة المركبات,برامج مفعله,30,56,الفصل التدريبي الثالث ,8,14,سمكر-013,إزالة اللحام القديم,0,4
المعاهد الصناعية الثانوية,دبلوم الثانوي الصناعي,التقنية الميكانيكية,سمكرة المركبات,برامج مفعله,30,56,الفصل التدريبي الثالث ,8,14,سمكر-014,إستبدال القطع القديمة,0,4
المعاهد الصناعية الثانوية,دبلوم الثانوي الصناعي,التقنية الميكانيكية,سمكرة المركبات,برامج مفعله,30,56,الفصل التدريبي الثالث ,8,14,سمكر-033,استخدامات المنصة الأرضية,0,4
المعاهد الصناعية الثانوية,دبلوم الثانوي الصناعي,التقنية الميكانيكية,سمكرة المركبات,برامج مفعله,30,56,الفصل التدريبي الثالث ,8,14,سمكر-034,تقنية الإصلاح بالمنصات الحديثة,0,4
المعاهد الصناعية الثانوية,دبلوم الثانوي الصناعي,التقنية الميكانيكية,سمكرة المركبات,برامج مفعله,30,56,الفصل التدريبي الثالث ,8,14,سمكر-041,عمليات اتزان الهيكل,0,4
المعاهد الصناعية الثانوية,دبلوم الثانوي الصناعي,التقنية الميكانيكية,سمكرة المركبات,برامج مفعله,30,56,الفصل التدريبي الثالث ,8,14,سمكر-042,استبدال زجاج المركبات,0,4
المعاهد الصناعية الثانوية,دبلوم الثانوي الصناعي,التقنية الميكانيكية,سمكرة المركبات,برامج مفعله,30,56,الفصل التدريبي الثالث ,8,14,سمكر-091,مشاريع إنتاجية,0,4
المعاهد الصناعية الثانوية,دبلوم الثانوي الصناعي,التقنية الميكانيكية,سمكرة المركبات,برامج مفعله,51,103,الفصل التدريبي الثالث ,9,19,ماهر-004,بحث ومصادر المعلومات,2,0
المعاهد الصناعية الثانوية,دبلوم الثانوي الصناعي,التقنية الميكانيكية,سمكرة المركبات,برامج مفعله,51,103,الفصل التدريبي الثالث ,9,19,مهني-003,الرسم الهندسي,0,4
المعاهد الصناعية الثانوية,دبلوم الثانوي الصناعي,التقنية الميكانيكية,سمكرة المركبات,برامج مفعله,51,103,الفصل التدريبي الثالث ,9,19,ميكا-014,علم المواد,0,4
المعاهد الصناعية الثانوية,دبلوم الثانوي الصناعي,التقنية الميكانيكية,سمكرة المركبات,برامج مفعله,30,56,الفصل التدريبي الثالث ,8,14,نشاط-002,أنشطة مهنية 2,2,0
المعاهد الصناعية الثانوية,دبلوم الثانوي الصناعي,التقنية الميكانيكية,سمكرة المركبات,برامج مفعله,51,103,الفصل التدريبي الثاني ,10,22,اسلك-001,سلوك مهني,2,0
المعاهد الصناعية الثانوية,دبلوم الثانوي الصناعي,التقنية الميكانيكية,سمكرة المركبات,برامج مفعله,51,103,الفصل التدريبي الثاني ,10,22,اسلم-002,ثقافة إسلامية-2,2,0
المعاهد الصناعية الثانوية,دبلوم الثانوي الصناعي,التقنية الميكانيكية,سمكرة المركبات,برامج مفعله,51,103,الفصل التدريبي الثاني ,10,22,انجل-002,لغة إنجليزية (2),4,0
المعاهد الصناعية الثانوية,دبلوم الثانوي الصناعي,التقنية الميكانيكية,سمكرة المركبات,برامج مفعله,51,103,الفصل التدريبي الثاني ,10,22,بدني-002,التربية البدنية-2,0,2
المعاهد الصناعية الثانوية,دبلوم الثانوي الصناعي,التقنية الميكانيكية,سمكرة المركبات,برامج مفعله,51,103,الفصل التدريبي الثاني ,10,22,حاسب-002,تطبيقات الحاسب الآلي,0,6
المعاهد الصناعية الثانوية,دبلوم الثانوي الصناعي,التقنية الميكانيكية,سمكرة المركبات,برامج مفعله,51,103,الفصل التدريبي الثاني ,10,22,رياض-002,رياضيات (2),2,0
المعاهد الصناعية الثانوية,دبلوم الثانوي الصناعي,التقنية الميكانيكية,سمكرة المركبات,برامج مفعله,30,56,الفصل التدريبي الثاني ,8,14,سمكر-003,أساسيات الكهرباء والميكانيكا ب,0,4
المعاهد الصناعية الثانوية,دبلوم الثانوي الصناعي,التقنية الميكانيكية,سمكرة المركبات,برامج مفعله,30,56,الفصل التدريبي الثاني ,8,14,سمكر-011,تقنيات لحام الهيكل,0,4
المعاهد الصناعية الثانوية,دبلوم الثانوي الصناعي,التقنية الميكانيكية,سمكرة المركبات,برامج مفعله,30,56,الفصل التدريبي الثاني ,8,14,سمكر-012,السمكرة بلحام الوردة,0,4
المعاهد الصناعية الثانوية,دبلوم الثانوي الصناعي,التقنية الميكانيكية,سمكرة المركبات,برامج مفعله,30,56,الفصل التدريبي الثاني ,8,14,سمكر-021,إجراءات استلام المركبة والتقيي,0,4
المعاهد الصناعية الثانوية,دبلوم الثانوي الصناعي,التقنية الميكانيكية,سمكرة المركبات,برامج مفعله,30,56,الفصل التدريبي الثاني ,8,14,سمكر-031,السمكرة اليدوية للمركبات,0,4
المعاهد الصناعية الثانوية,دبلوم الثانوي الصناعي,التقنية الميكانيكية,سمكرة المركبات,برامج مفعله,30,56,الفصل التدريبي الثاني ,8,14,سمكر-032,الإصلاحات الخارجية للمركبات,0,4
المعاهد الصناعية الثانوية,دبلوم الثانوي الصناعي,التقنية الميكانيكية,سمكرة المركبات,برامج مفعله,51,103,الفصل التدريبي الثاني ,10,22,عربي-002,لغة عربية-2,2,0
المعاهد الصناعية الثانوية,دبلوم الثانوي الصناعي,التقنية الميكانيكية,سمكرة المركبات,برامج مفعله,51,103,الفصل التدريبي الثاني ,10,22,ماهر-002,مهارات التواصل والتعاون,2,0
المعاهد الصناعية الثانوية,دبلوم الثانوي الصناعي,التقنية الميكانيكية,سمكرة المركبات,برامج مفعله,51,103,الفصل التدريبي الثاني ,10,22,ماهر-003,التفكير الناقد والإبداعي,2,0
المعاهد الصناعية الثانوية,دبلوم الثانوي الصناعي,التقنية الميكانيكية,سمكرة المركبات,برامج مفعله,51,103,الفصل التدريبي الثاني ,10,22,مهني-001,ورش تأسيسية,0,6
المعاهد الصناعية الثانوية,دبلوم الثانوي الصناعي,التقنية الميكانيكية,سمكرة المركبات,برامج مفعله,30,56,الفصل التدريبي الثاني ,8,14,مهني-004,مقدمة في ريادة الأعمال,1,2
المعاهد الصناعية الثانوية,دبلوم الثانوي الصناعي,التقنية الميكانيكية,سمكرة المركبات,برامج مفعله,30,56,الفصل التدريبي الثاني ,8,14,نشاط-001,أنشطة مهنية,2,0
المعاهد الصناعية الثانوية,دبلوم الثانوي الصناعي,التقنية الميكانيكية,سمكرة المركبات,برامج مفعله,51,103,الفصل التدريبي الخامس ,8,14,سمكر-013,إزالة اللحام القديم,0,4
المعاهد الصناعية الثانوية,دبلوم الثانوي الصناعي,التقنية الميكانيكية,سمكرة المركبات,برامج مفعله,51,103,الفصل التدريبي الخامس ,8,14,سمكر-014,إستبدال القطع القديمة,0,4
المعاهد الصناعية الثانوية,دبلوم الثانوي الصناعي,التقنية الميكانيكية,سمكرة المركبات,برامج مفعله,51,103,الفصل التدريبي الخامس ,8,14,سمكر-033,استخدامات المنصة الأرضية,0,4
المعاهد الصناعية الثانوية,دبلوم الثانوي الصناعي,التقنية الميكانيكية,سمكرة المركبات,برامج مفعله,51,103,الفصل التدريبي الخامس ,8,14,سمكر-034,تقنية الإصلاح بالمنصات الحديثة,0,4
المعاهد الصناعية الثانوية,دبلوم الثانوي الصناعي,التقنية الميكانيكية,سمكرة المركبات,برامج مفعله,51,103,الفصل التدريبي الخامس ,8,14,سمكر-041,عمليات اتزان الهيكل,0,4
المعاهد الصناعية الثانوية,دبلوم الثانوي الصناعي,التقنية الميكانيكية,سمكرة المركبات,برامج مفعله,51,103,الفصل التدريبي الخامس ,8,14,سمكر-042,استبدال زجاج المركبات,0,4
المعاهد الصناعية الثانوية,دبلوم الثانوي الصناعي,التقنية الميكانيكية,سمكرة المركبات,برامج مفعله,51,103,الفصل التدريبي الخامس ,8,14,سمكر-091,مشاريع إنتاجية,0,4
المعاهد الصناعية الثانوية,دبلوم الثانوي الصناعي,التقنية الميكانيكية,سمكرة المركبات,برامج مفعله,51,103,الفصل التدريبي الخامس ,8,14,نشاط-002,أنشطة مهنية 2,2,0
المعاهد الصناعية الثانوية,دبلوم الثانوي الصناعي,التقنية الميكانيكية,سمكرة المركبات,برامج مفعله,51,103,الفصل التدريبي الرابع ,8,14,سمكر-003,أساسيات الكهرباء والميكانيكا ب,0,4
المعاهد الصناعية الثانوية,دبلوم الثانوي الصناعي,التقنية الميكانيكية,سمكرة المركبات,برامج مفعله,51,103,الفصل التدريبي الرابع ,8,14,سمكر-011,تقنيات لحام الهيكل,0,4
المعاهد الصناعية الثانوية,دبلوم الثانوي الصناعي,التقنية الميكانيكية,سمكرة المركبات,برامج مفعله,51,103,الفصل التدريبي الرابع ,8,14,سمكر-012,السمكرة بلحام الوردة,0,4
المعاهد الصناعية الثانوية,دبلوم الثانوي الصناعي,التقنية الميكانيكية,سمكرة المركبات,برامج مفعله,51,103,الفصل التدريبي الرابع ,8,14,سمكر-021,إجراءات استلام المركبة والتقيي,0,4
المعاهد الصناعية الثانوية,دبلوم الثانوي الصناعي,التقنية الميكانيكية,سمكرة المركبات,برامج مفعله,30,56,الفصل التدريبي الرابع ,7,13,سمكر-022,إجراءات الجودة لتسليم المركبة,0,4
المعاهد الصناعية الثانوية,دبلوم الثانوي الصناعي,التقنية الميكانيكية,سمكرة المركبات,برامج مفعله,51,103,الفصل التدريبي الرابع ,8,14,سمكر-031,السمكرة اليدوية للمركبات,0,4
المعاهد الصناعية الثانوية,دبلوم الثانوي الصناعي,التقنية الميكانيكية,سمكرة المركبات,برامج مفعله,51,103,الفصل التدريبي الرابع ,8,14,سمكر-032,الإصلاحات الخارجية للمركبات,0,4
المعاهد الصناعية الثانوية,دبلوم الثانوي الصناعي,التقنية الميكانيكية,سمكرة المركبات,برامج مفعله,30,56,الفصل التدريبي الرابع ,7,13,سمكر-035,اصلاح الفايبر جلاس والبلاستيك,0,4
المعاهد الصناعية الثانوية,دبلوم الثانوي الصناعي,التقنية الميكانيكية,سمكرة المركبات,برامج مفعله,30,56,الفصل التدريبي الرابع ,7,13,سمكر-043,تركيب الديكورات,0,4
المعاهد الصناعية الثانوية,دبلوم الثانوي الصناعي,التقنية الميكانيكية,سمكرة المركبات,برامج مفعله,30,56,الفصل التدريبي الرابع ,7,13,سمكر-051,ضبط ملحقات مقدمة المركبات,0,4
المعاهد الصناعية الثانوية,دبلوم الثانوي الصناعي,التقنية الميكانيكية,سمكرة المركبات,برامج مفعله,30,56,الفصل التدريبي الرابع ,7,13,سمكر-052,ضبط ملحقات خلفية المركبات,0,4
المعاهد الصناعية الثانوية,دبلوم الثانوي الصناعي,التقنية الميكانيكية,سمكرة المركبات,برامج مفعله,30,56,الفصل التدريبي الرابع ,7,13,سمكر-092,مشاريع إنتاجية -2,0,6
المعاهد الصناعية الثانوية,دبلوم الثانوي الصناعي,التقنية الميكانيكية,سمكرة المركبات,برامج مفعله,51,103,الفصل التدريبي الرابع ,8,14,مهني-004,مقدمة في ريادة الأعمال,1,2
المعاهد الصناعية الثانوية,دبلوم الثانوي الصناعي,التقنية الميكانيكية,سمكرة المركبات,برامج مفعله,51,103,الفصل التدريبي الرابع ,8,14,نشاط-001,أنشطة مهنية,2,0
المعاهد الصناعية الثانوية,دبلوم الثانوي الصناعي,التقنية الميكانيكية,سمكرة المركبات,برامج مفعله,30,56,الفصل التدريبي الرابع ,7,13,نشاط-003,أنشطة مهنية - 3,4,0
المعاهد الصناعية الثانوية,دبلوم الثانوي الصناعي,التقنية الميكانيكية,سمكرة المركبات,برامج مفعله,51,103,الفصل التدريبي السادس ,7,13,سمكر-022,إجراءات الجودة لتسليم المركبة,0,4
المعاهد الصناعية الثانوية,دبلوم الثانوي الصناعي,التقنية الميكانيكية,سمكرة المركبات,برامج مفعله,51,103,الفصل التدريبي السادس ,7,13,سمكر-035,اصلاح الفايبر جلاس والبلاستيك,0,4
المعاهد الصناعية الثانوية,دبلوم الثانوي الصناعي,التقنية الميكانيكية,سمكرة المركبات,برامج مفعله,51,103,الفصل التدريبي السادس ,7,13,سمكر-043,تركيب الديكورات,0,4
المعاهد الصناعية الثانوية,دبلوم الثانوي الصناعي,التقنية الميكانيكية,سمكرة المركبات,برامج مفعله,51,103,الفصل التدريبي السادس ,7,13,سمكر-051,ضبط ملحقات مقدمة المركبات,0,4
المعاهد الصناعية الثانوية,دبلوم الثانوي الصناعي,التقنية الميكانيكية,سمكرة المركبات,برامج مفعله,51,103,الفصل التدريبي السادس ,7,13,سمكر-052,ضبط ملحقات خلفية المركبات,0,4
المعاهد الصناعية الثانوية,دبلوم الثانوي الصناعي,التقنية الميكانيكية,سمكرة المركبات,برامج مفعله,51,103,الفصل التدريبي السادس ,7,13,سمكر-098,تدريب إنتاجي,0,6
المعاهد الصناعية الثانوية,دبلوم الثانوي الصناعي,التقنية الميكانيكية,سمكرة المركبات,برامج مفعله,51,103,الفصل التدريبي السادس ,7,13,نشاط-003,أنشطة مهنية - 3,4,0
المعاهد الصناعية الثانوية,دبلوم الثانوي الصناعي,التقنية الالكترونية,صيانة الأجهزة الذكية,برامج مفعله,51,103,الفصل التدريبي الأول ,9,21,اسلم-001,ثقافة إسلامية-1,2,0
المعاهد الصناعية الثانوية,دبلوم الثانوي الصناعي,التقنية الالكترونية,صيانة الأجهزة الذكية,برامج مفعله,51,103,الفصل التدريبي الأول ,9,21,انجل-001,لغة إنجليزية (1),4,0
المعاهد الصناعية الثانوية,دبلوم الثانوي الصناعي,التقنية الالكترونية,صيانة الأجهزة الذكية,برامج مفعله,51,103,الفصل التدريبي الأول ,9,21,بدني-001,التربية البدنية-1,0,4
المعاهد الصناعية الثانوية,دبلوم الثانوي الصناعي,التقنية الالكترونية,صيانة الأجهزة الذكية,برامج مفعله,1,8,الفصل التدريبي الأول ,1,8,جوال-055,صيانة وإصلاح الهواتف الذكية ال,0,16
المعاهد الصناعية الثانوية,دبلوم الثانوي الصناعي,التقنية الالكترونية,صيانة الأجهزة الذكية,برامج مفعله,1,8,الفصل التدريبي الأول ,1,8,جوال-056,صيانة أجهزة الجوال,0,16
المعاهد الصناعية الثانوية,دبلوم الثانوي الصناعي,التقنية الالكترونية,صيانة الأجهزة الذكية,برامج مفعله,51,103,الفصل التدريبي الأول ,9,21,حاسب-001,أساسيات الحاسب الآلي,0,6
المعاهد الصناعية الثانوية,دبلوم الثانوي الصناعي,التقنية الالكترونية,صيانة الأجهزة الذكية,برامج مفعله,51,103,الفصل التدريبي الأول ,9,21,رياض-001,رياضيات (1),2,0
المعاهد الصناعية الثانوية,دبلوم الثانوي الصناعي,التقنية الالكترونية,صيانة الأجهزة الذكية,برامج مفعله,51,103,الفصل التدريبي الأول ,9,21,عربي-001,لغة عربية-1,2,0
المعاهد الصناعية الثانوية,دبلوم الثانوي الصناعي,التقنية الالكترونية,صيانة الأجهزة الذكية,برامج مفعله,51,103,الفصل التدريبي الأول ,9,21,فيزي-001,فــيـزيـــــــاء,2,2
المعاهد الصناعية الثانوية,دبلوم الثانوي الصناعي,التقنية الالكترونية,صيانة الأجهزة الذكية,برامج مفعله,51,103,الفصل التدريبي الأول ,9,21,ماهر-001,مدخل الى مهارات القرن 21,2,0
المعاهد الصناعية الثانوية,دبلوم الثانوي الصناعي,التقنية الالكترونية,صيانة الأجهزة الذكية,برامج مفعله,51,103,الفصل التدريبي الأول ,9,21,مهني-002,السلامة والصحة المهنية,1,2
المعاهد الصناعية الثانوية,دبلوم الثانوي الصناعي,التقنية الالكترونية,صيانة الأجهزة الذكية,برامج مفعله,51,103,الفصل التدريبي الثالث ,9,19,اسلم-003,ثقافة إسلامية-3,2,0
المعاهد الصناعية الثانوية,دبلوم الثانوي الصناعي,التقنية الالكترونية,صيانة الأجهزة الذكية,برامج مفعله,51,103,الفصل التدريبي الثالث ,9,19,الكت-010,أجهزة وقياس,0,4
المعاهد الصناعية الثانوية,دبلوم الثانوي الصناعي,التقنية الالكترونية,صيانة الأجهزة الذكية,برامج مفعله,51,103,الفصل التدريبي الثالث ,9,19,انجل-003,لغة إنجليزية (3),4,0
المعاهد الصناعية الثانوية,دبلوم الثانوي الصناعي,التقنية الالكترونية,صيانة الأجهزة الذكية,برامج مفعله,51,103,الفصل التدريبي الثالث ,9,19,حاجك-012, عناصر الكترونية,0,4
المعاهد الصناعية الثانوية,دبلوم الثانوي الصناعي,التقنية الالكترونية,صيانة الأجهزة الذكية,برامج مفعله,51,103,الفصل التدريبي الثالث ,9,19,حاكر-012,أساسيات الكهرباء,0,4
المعاهد الصناعية الثانوية,دبلوم الثانوي الصناعي,التقنية الالكترونية,صيانة الأجهزة الذكية,برامج مفعله,51,103,الفصل التدريبي الثالث ,9,19,حاكر-013,أساسيات الإلكترونيات,0,4
المعاهد الصناعية الثانوية,دبلوم الثانوي الصناعي,التقنية الالكترونية,صيانة الأجهزة الذكية,برامج مفعله,51,103,الفصل التدريبي الثالث ,9,19,رياض-003,رياضيات (3),2,0
المعاهد الصناعية الثانوية,دبلوم الثانوي الصناعي,التقنية الالكترونية,صيانة الأجهزة الذكية,برامج مفعله,51,103,الفصل التدريبي الثالث ,9,19,ماهر-004,بحث ومصادر المعلومات,2,0
المعاهد الصناعية الثانوية,دبلوم الثانوي الصناعي,التقنية الالكترونية,صيانة الأجهزة الذكية,برامج مفعله,51,103,الفصل التدريبي الثالث ,9,19,مهني-003,الرسم الهندسي,0,4
المعاهد الصناعية الثانوية,دبلوم الثانوي الصناعي,التقنية الالكترونية,صيانة الأجهزة الذكية,برامج مفعله,51,103,الفصل التدريبي الثاني ,11,22,اسلك-001,سلوك مهني,2,0
المعاهد الصناعية الثانوية,دبلوم الثانوي الصناعي,التقنية الالكترونية,صيانة الأجهزة الذكية,برامج مفعله,51,103,الفصل التدريبي الثاني ,11,22,اسلم-002,ثقافة إسلامية-2,2,0
المعاهد الصناعية الثانوية,دبلوم الثانوي الصناعي,التقنية الالكترونية,صيانة الأجهزة الذكية,برامج مفعله,51,103,الفصل التدريبي الثاني ,11,22,انجل-002,لغة إنجليزية (2),4,0
المعاهد الصناعية الثانوية,دبلوم الثانوي الصناعي,التقنية الالكترونية,صيانة الأجهزة الذكية,برامج مفعله,51,103,الفصل التدريبي الثاني ,11,22,بدني-002,التربية البدنية-2,0,2
المعاهد الصناعية الثانوية,دبلوم الثانوي الصناعي,التقنية الالكترونية,صيانة الأجهزة الذكية,برامج مفعله,51,103,الفصل التدريبي الثاني ,11,22,حاسب-002,تطبيقات الحاسب الآلي,0,6
المعاهد الصناعية الثانوية,دبلوم الثانوي الصناعي,التقنية الالكترونية,صيانة الأجهزة الذكية,برامج مفعله,51,103,الفصل التدريبي الثاني ,11,22,رياض-002,رياضيات (2),2,0
المعاهد الصناعية الثانوية,دبلوم الثانوي الصناعي,التقنية الالكترونية,صيانة الأجهزة الذكية,برامج مفعله,51,103,الفصل التدريبي الثاني ,11,22,عربي-002,لغة عربية-2,2,0
المعاهد الصناعية الثانوية,دبلوم الثانوي الصناعي,التقنية الالكترونية,صيانة الأجهزة الذكية,برامج مفعله,51,103,الفصل التدريبي الثاني ,11,22,ماهر-002,مهارات التواصل والتعاون,2,0
المعاهد الصناعية الثانوية,دبلوم الثانوي الصناعي,التقنية الالكترونية,صيانة الأجهزة الذكية,برامج مفعله,51,103,الفصل التدريبي الثاني ,11,22,ماهر-003,التفكير الناقد والإبداعي,2,0
المعاهد الصناعية الثانوية,دبلوم الثانوي الصناعي,التقنية الالكترونية,صيانة الأجهزة الذكية,برامج مفعله,51,103,الفصل التدريبي الثاني ,11,22,مهني-001,ورش تأسيسية,0,6
المعاهد الصناعية الثانوية,دبلوم الثانوي الصناعي,التقنية الالكترونية,صيانة الأجهزة الذكية,برامج مفعله,51,103,الفصل التدريبي الخامس ,7,14,الكت-023,ورشة الكترونية للعناصر السطحية SMD,0,4
المعاهد الصناعية الثانوية,دبلوم الثانوي الصناعي,التقنية الالكترونية,صيانة الأجهزة الذكية,برامج مفعله,51,103,الفصل التدريبي الخامس ,7,14,جوال-014,أنظمة الإتصالات اللاسلكية,0,4
المعاهد الصناعية الثانوية,دبلوم الثانوي الصناعي,التقنية الالكترونية,صيانة الأجهزة الذكية,برامج مفعله,51,103,الفصل التدريبي الخامس ,7,14,جوال-021,تصميم الدوائر المطبوعة SMD بالحاسب,0,4
المعاهد الصناعية الثانوية,دبلوم الثانوي الصناعي,التقنية الالكترونية,صيانة الأجهزة الذكية,برامج مفعله,51,103,الفصل التدريبي الخامس ,7,14,جوال-024,ورشة صيانة الجوال,0,4
المعاهد الصناعية الثانوية,دبلوم الثانوي الصناعي,التقنية الالكترونية,صيانة الأجهزة الذكية,برامج مفعله,51,103,الفصل التدريبي الخامس ,7,14,جوال-025,ورشة صيانة الهواتف الذكية ANDROID,0,4
المعاهد الصناعية الثانوية,دبلوم الثانوي الصناعي,التقنية الالكترونية,صيانة الأجهزة الذكية,برامج مفعله,51,103,الفصل التدريبي الخامس ,7,14,جوال-031,مقدمة صيانة الجوال,0,4
المعاهد الصناعية الثانوية,دبلوم الثانوي الصناعي,التقنية الالكترونية,صيانة الأجهزة الذكية,برامج مفعله,51,103,الفصل التدريبي الخامس ,7,14,جوال-091,مشاريع إنتاجية,0,4
المعاهد الصناعية الثانوية,دبلوم الثانوي الصناعي,التقنية الالكترونية,صيانة الأجهزة الذكية,برامج مفعله,51,103,الفصل التدريبي الخامس ,7,14,نشاط-002,أنشطة مهنية 2,2,0
المعاهد الصناعية الثانوية,دبلوم الثانوي الصناعي,التقنية الالكترونية,صيانة الأجهزة الذكية,برامج مفعله,51,103,الفصل التدريبي الرابع ,8,14,الكت-021,ورشة الكترونية,0,4
المعاهد الصناعية الثانوية,دبلوم الثانوي الصناعي,التقنية الالكترونية,صيانة الأجهزة الذكية,برامج مفعله,51,103,الفصل التدريبي الرابع ,8,14,الكت-032,محاكاة وتصميم الدوائر الالكترونية بالحاسب,0,4
المعاهد الصناعية الثانوية,دبلوم الثانوي الصناعي,التقنية الالكترونية,صيانة الأجهزة الذكية,برامج مفعله,51,103,الفصل التدريبي الرابع ,8,14,الكت-041,دوائر رقمية,0,4
المعاهد الصناعية الثانوية,دبلوم الثانوي الصناعي,التقنية الالكترونية,صيانة الأجهزة الذكية,برامج مفعله,51,103,الفصل التدريبي الرابع ,8,14,جوال-018,اساسيات تطبيقات الجوال,0,4
المعاهد الصناعية الثانوية,دبلوم الثانوي الصناعي,التقنية الالكترونية,صيانة الأجهزة الذكية,برامج مفعله,51,103,الفصل التدريبي الرابع ,8,14,حاجك-013,الكترونيات منطقية,0,4
المعاهد الصناعية الثانوية,دبلوم الثانوي الصناعي,التقنية الالكترونية,صيانة الأجهزة الذكية,برامج مفعله,51,103,الفصل التدريبي الرابع ,8,14,كهرب-011,الرسم الفني بالحاسب الآلي,0,4
المعاهد الصناعية الثانوية,دبلوم الثانوي الصناعي,التقنية الالكترونية,صيانة الأجهزة الذكية,برامج مفعله,51,103,الفصل التدريبي الرابع ,8,14,مهني-004,مقدمة في ريادة الأعمال,1,2
المعاهد الصناعية الثانوية,دبلوم الثانوي الصناعي,التقنية الالكترونية,صيانة الأجهزة الذكية,برامج مفعله,51,103,الفصل التدريبي الرابع ,8,14,نشاط-001,أنشطة مهنية,2,0
المعاهد الصناعية الثانوية,دبلوم الثانوي الصناعي,التقنية الالكترونية,صيانة الأجهزة الذكية,برامج مفعله,51,103,الفصل التدريبي السادس ,7,13,جوال-026,ورشة صيانة الهواتف الذكية IOS,0,4
المعاهد الصناعية الثانوية,دبلوم الثانوي الصناعي,التقنية الالكترونية,صيانة الأجهزة الذكية,برامج مفعله,51,103,الفصل التدريبي السادس ,7,13,جوال-027,ورشة صيانة الأجهزة اللوحية,0,4
المعاهد الصناعية الثانوية,دبلوم الثانوي الصناعي,التقنية الالكترونية,صيانة الأجهزة الذكية,برامج مفعله,51,103,الفصل التدريبي السادس ,7,13,جوال-032,برامج تشغيل أجهزة الهواتف الذكية,0,4
المعاهد الصناعية الثانوية,دبلوم الثانوي الصناعي,التقنية الالكترونية,صيانة الأجهزة الذكية,برامج مفعله,51,103,الفصل التدريبي السادس ,7,13,جوال-033,تطبيقات الجوال الخدمية,0,4
المعاهد الصناعية الثانوية,دبلوم الثانوي الصناعي,التقنية الالكترونية,صيانة الأجهزة الذكية,برامج مفعله,51,103,الفصل التدريبي السادس ,7,13,جوال-034,صيانة ملحقات الجوال,0,4
المعاهد الصناعية الثانوية,دبلوم الثانوي الصناعي,التقنية الالكترونية,صيانة الأجهزة الذكية,برامج مفعله,51,103,الفصل التدريبي السادس ,7,13,جوال-098,تدريب إنتاجي,0,6
المعاهد الصناعية الثانوية,دبلوم الثانوي الصناعي,التقنية الالكترونية,صيانة الأجهزة الذكية,برامج مفعله,51,103,الفصل التدريبي السادس ,7,13,نشاط-003,أنشطة مهنية - 3,4,0
المعاهد الصناعية الثانوية,دبلوم الثانوي الصناعي,تقنية الانتاج الإعلامي,طباعة الأوفست,برامج مفعله,1,10,الفصل التدريبي الأول ,1,10,تطبع-085,مهارات طباعة الأوفست,0,20
المعاهد الصناعية الثانوية,دبلوم الثانوي الصناعي,التقنية الميكانيكية,مركبات النقل وميكانيكا سيارات,برامج مفعله,51,103,الفصل التدريبي الأول ,9,21,اسلم-001,ثقافة إسلامية-1,2,0
المعاهد الصناعية الثانوية,دبلوم الثانوي الصناعي,التقنية الميكانيكية,مركبات النقل وميكانيكا سيارات,برامج مفعله,51,103,الفصل التدريبي الأول ,9,21,انجل-001,لغة إنجليزية (1),4,0
المعاهد الصناعية الثانوية,دبلوم الثانوي الصناعي,التقنية الميكانيكية,مركبات النقل وميكانيكا سيارات,برامج مفعله,51,103,الفصل التدريبي الأول ,9,21,بدني-001,التربية البدنية-1,0,4
المعاهد الصناعية الثانوية,دبلوم الثانوي الصناعي,التقنية الميكانيكية,مركبات النقل وميكانيكا سيارات,برامج مفعله,51,103,الفصل التدريبي الأول ,9,21,حاسب-001,أساسيات الحاسب الآلي,0,6
المعاهد الصناعية الثانوية,دبلوم الثانوي الصناعي,التقنية الميكانيكية,مركبات النقل وميكانيكا سيارات,برامج مفعله,51,103,الفصل التدريبي الأول ,9,21,رياض-001,رياضيات (1),2,0
المعاهد الصناعية الثانوية,دبلوم الثانوي الصناعي,التقنية الميكانيكية,مركبات النقل وميكانيكا سيارات,برامج مفعله,51,103,الفصل التدريبي الأول ,9,21,عربي-001,لغة عربية-1,2,0
المعاهد الصناعية الثانوية,دبلوم الثانوي الصناعي,التقنية الميكانيكية,مركبات النقل وميكانيكا سيارات,برامج مفعله,51,103,الفصل التدريبي الأول ,9,21,فيزي-001,فــيـزيـــــــاء,2,2
المعاهد الصناعية الثانوية,دبلوم الثانوي الصناعي,التقنية الميكانيكية,مركبات النقل وميكانيكا سيارات,برامج مفعله,51,103,الفصل التدريبي الأول ,9,21,ماهر-001,مدخل الى مهارات القرن 21,2,0
المعاهد الصناعية الثانوية,دبلوم الثانوي الصناعي,التقنية الميكانيكية,مركبات النقل وميكانيكا سيارات,برامج مفعله,1,10,الفصل التدريبي الأول ,1,10,مركن-093,الدوائر الكهربائية لمركبات النقل وسيارات الديزل,0,20
المعاهد الصناعية الثانوية,دبلوم الثانوي الصناعي,التقنية الميكانيكية,مركبات النقل وميكانيكا سيارات,برامج مفعله,1,10,الفصل التدريبي الأول ,1,10,مركن-094,أنظمة الهيدروليك والنيوماتيك لمركبات النقل,0,20
المعاهد الصناعية الثانوية,دبلوم الثانوي الصناعي,التقنية الميكانيكية,مركبات النقل وميكانيكا سيارات,برامج مفعله,1,10,الفصل التدريبي الأول ,1,10,مركن-095,صيانة محركات مركبات النقل وسيارات الديزل,0,20
المعاهد الصناعية الثانوية,دبلوم الثانوي الصناعي,التقنية الميكانيكية,مركبات النقل وميكانيكا سيارات,برامج مفعله,1,12,الفصل التدريبي الأول ,1,12,مركن-096,صيانة ميكانيكا الهيكل لمركبات النقل,0,24
المعاهد الصناعية الثانوية,دبلوم الثانوي الصناعي,التقنية الميكانيكية,مركبات النقل وميكانيكا سيارات,برامج مفعله,51,103,الفصل التدريبي الأول ,9,21,مهني-002,السلامة والصحة المهنية,1,2
المعاهد الصناعية الثانوية,دبلوم الثانوي الصناعي,التقنية الميكانيكية,مركبات النقل وميكانيكا سيارات,برامج مفعله,51,103,الفصل التدريبي الثالث ,9,19,اسلم-003,ثقافة إسلامية-3,2,0
المعاهد الصناعية الثانوية,دبلوم الثانوي الصناعي,التقنية الميكانيكية,مركبات النقل وميكانيكا سيارات,برامج مفعله,51,103,الفصل التدريبي الثالث ,9,19,انجل-003,لغة إنجليزية (3),4,0
المعاهد الصناعية الثانوية,دبلوم الثانوي الصناعي,التقنية الميكانيكية,مركبات النقل وميكانيكا سيارات,برامج مفعله,51,103,الفصل التدريبي الثالث ,9,19,حاكر-011,أجهزة القياسات,0,4
المعاهد الصناعية الثانوية,دبلوم الثانوي الصناعي,التقنية الميكانيكية,مركبات النقل وميكانيكا سيارات,برامج مفعله,51,103,الفصل التدريبي الثالث ,9,19,حاكر-012,أساسيات الكهرباء,0,4
المعاهد الصناعية الثانوية,دبلوم الثانوي الصناعي,التقنية الميكانيكية,مركبات النقل وميكانيكا سيارات,برامج مفعله,51,103,الفصل التدريبي الثالث ,9,19,حاكر-013,أساسيات الإلكترونيات,0,4
المعاهد الصناعية الثانوية,دبلوم الثانوي الصناعي,التقنية الميكانيكية,مركبات النقل وميكانيكا سيارات,برامج مفعله,51,103,الفصل التدريبي الثالث ,9,19,حاكر-014,تطبيقات صناعية,0,4
المعاهد الصناعية الثانوية,دبلوم الثانوي الصناعي,التقنية الميكانيكية,مركبات النقل وميكانيكا سيارات,برامج مفعله,51,103,الفصل التدريبي الثالث ,9,19,رياض-003,رياضيات (3),2,0
المعاهد الصناعية الثانوية,دبلوم الثانوي الصناعي,التقنية الميكانيكية,مركبات النقل وميكانيكا سيارات,برامج مفعله,51,103,الفصل التدريبي الثالث ,9,19,ماهر-004,بحث ومصادر المعلومات,2,0
المعاهد الصناعية الثانوية,دبلوم الثانوي الصناعي,التقنية الميكانيكية,مركبات النقل وميكانيكا سيارات,برامج مفعله,51,103,الفصل التدريبي الثالث ,9,19,مهني-003,الرسم الهندسي,0,4
المعاهد الصناعية الثانوية,دبلوم الثانوي الصناعي,التقنية الميكانيكية,مركبات النقل وميكانيكا سيارات,برامج مفعله,51,103,الفصل التدريبي الثاني ,10,22,اسلك-001,سلوك مهني,2,0
المعاهد الصناعية الثانوية,دبلوم الثانوي الصناعي,التقنية الميكانيكية,مركبات النقل وميكانيكا سيارات,برامج مفعله,51,103,الفصل التدريبي الثاني ,10,22,اسلم-002,ثقافة إسلامية-2,2,0
المعاهد الصناعية الثانوية,دبلوم الثانوي الصناعي,التقنية الميكانيكية,مركبات النقل وميكانيكا سيارات,برامج مفعله,51,103,الفصل التدريبي الثاني ,10,22,انجل-002,لغة إنجليزية (2),4,0
المعاهد الصناعية الثانوية,دبلوم الثانوي الصناعي,التقنية الميكانيكية,مركبات النقل وميكانيكا سيارات,برامج مفعله,51,103,الفصل التدريبي الثاني ,10,22,بدني-002,التربية البدنية-2,0,2
المعاهد الصناعية الثانوية,دبلوم الثانوي الصناعي,التقنية الميكانيكية,مركبات النقل وميكانيكا سيارات,برامج مفعله,51,103,الفصل التدريبي الثاني ,10,22,حاسب-002,تطبيقات الحاسب الآلي,0,6
المعاهد الصناعية الثانوية,دبلوم الثانوي الصناعي,التقنية الميكانيكية,مركبات النقل وميكانيكا سيارات,برامج مفعله,51,103,الفصل التدريبي الثاني ,10,22,رياض-002,رياضيات (2),2,0
المعاهد الصناعية الثانوية,دبلوم الثانوي الصناعي,التقنية الميكانيكية,مركبات النقل وميكانيكا سيارات,برامج مفعله,51,103,الفصل التدريبي الثاني ,10,22,عربي-002,لغة عربية-2,2,0
المعاهد الصناعية الثانوية,دبلوم الثانوي الصناعي,التقنية الميكانيكية,مركبات النقل وميكانيكا سيارات,برامج مفعله,51,103,الفصل التدريبي الثاني ,10,22,ماهر-002,مهارات التواصل والتعاون,2,0
المعاهد الصناعية الثانوية,دبلوم الثانوي الصناعي,التقنية الميكانيكية,مركبات النقل وميكانيكا سيارات,برامج مفعله,51,103,الفصل التدريبي الثاني ,10,22,ماهر-003,التفكير الناقد والإبداعي,2,0
المعاهد الصناعية الثانوية,دبلوم الثانوي الصناعي,التقنية الميكانيكية,مركبات النقل وميكانيكا سيارات,برامج مفعله,51,103,الفصل التدريبي الثاني ,10,22,مهني-001,ورش تأسيسية,0,6
المعاهد الصناعية الثانوية,دبلوم الثانوي الصناعي,التقنية الميكانيكية,مركبات النقل وميكانيكا سيارات,برامج مفعله,51,103,الفصل التدريبي الخامس ,8,14,مركن-011,محركات الديزل,0,4
المعاهد الصناعية الثانوية,دبلوم الثانوي الصناعي,التقنية الميكانيكية,مركبات النقل وميكانيكا سيارات,برامج مفعله,51,103,الفصل التدريبي الخامس ,8,14,مركن-012,نقل القدرة (الالي) في مركبات ا,0,4
المعاهد الصناعية الثانوية,دبلوم الثانوي الصناعي,التقنية الميكانيكية,مركبات النقل وميكانيكا سيارات,برامج مفعله,51,103,الفصل التدريبي الخامس ,8,14,مركن-091,مشاريع إنتاجية,0,4
المعاهد الصناعية الثانوية,دبلوم الثانوي الصناعي,التقنية الميكانيكية,مركبات النقل وميكانيكا سيارات,برامج مفعله,51,103,الفصل التدريبي الخامس ,8,14,ميكا-033,أنظمة التعليق,0,4
المعاهد الصناعية الثانوية,دبلوم الثانوي الصناعي,التقنية الميكانيكية,مركبات النقل وميكانيكا سيارات,برامج مفعله,51,103,الفصل التدريبي الخامس ,8,14,ميكا-034,أنظمة التوجيه,0,4
المعاهد الصناعية الثانوية,دبلوم الثانوي الصناعي,التقنية الميكانيكية,مركبات النقل وميكانيكا سيارات,برامج مفعله,51,103,الفصل التدريبي الخامس ,8,14,ميكا-035,أنظمة الكبح,0,4
المعاهد الصناعية الثانوية,دبلوم الثانوي الصناعي,التقنية الميكانيكية,مركبات النقل وميكانيكا سيارات,برامج مفعله,51,103,الفصل التدريبي الخامس ,8,14,ميكا-039,الالات الكهربائية,0,4
المعاهد الصناعية الثانوية,دبلوم الثانوي الصناعي,التقنية الميكانيكية,مركبات النقل وميكانيكا سيارات,برامج مفعله,51,103,الفصل التدريبي الخامس ,8,14,نشاط-002,أنشطة مهنية 2,2,0
المعاهد الصناعية الثانوية,دبلوم الثانوي الصناعي,التقنية الميكانيكية,مركبات النقل وميكانيكا سيارات,برامج مفعله,51,103,الفصل التدريبي الرابع ,8,14,مهني-004,مقدمة في ريادة الأعمال,1,2
المعاهد الصناعية الثانوية,دبلوم الثانوي الصناعي,التقنية الميكانيكية,مركبات النقل وميكانيكا سيارات,برامج مفعله,51,103,الفصل التدريبي الرابع ,8,14,ميكا-012,أساسيات التحكم الهيدروليكي والنيوماتي,0,4
المعاهد الصناعية الثانوية,دبلوم الثانوي الصناعي,التقنية الميكانيكية,مركبات النقل وميكانيكا سيارات,برامج مفعله,51,103,الفصل التدريبي الرابع ,8,14,ميكا-013,الرسم بالحاسب الالي,0,4
المعاهد الصناعية الثانوية,دبلوم الثانوي الصناعي,التقنية الميكانيكية,مركبات النقل وميكانيكا سيارات,برامج مفعله,51,103,الفصل التدريبي الرابع ,8,14,ميكا-031,أساسيات المحركات,0,4
المعاهد الصناعية الثانوية,دبلوم الثانوي الصناعي,التقنية الميكانيكية,مركبات النقل وميكانيكا سيارات,برامج مفعله,51,103,الفصل التدريبي الرابع ,8,14,ميكا-032,صندوق السرعات اليدوي,0,4
المعاهد الصناعية الثانوية,دبلوم الثانوي الصناعي,التقنية الميكانيكية,مركبات النقل وميكانيكا سيارات,برامج مفعله,51,103,الفصل التدريبي الرابع ,8,14,ميكا-036,إلكترونيات السيارات,0,4
المعاهد الصناعية الثانوية,دبلوم الثانوي الصناعي,التقنية الميكانيكية,مركبات النقل وميكانيكا سيارات,برامج مفعله,51,103,الفصل التدريبي الرابع ,8,14,ميكا-038,الدوائر الكهربائية,0,4
المعاهد الصناعية الثانوية,دبلوم الثانوي الصناعي,التقنية الميكانيكية,مركبات النقل وميكانيكا سيارات,برامج مفعله,51,103,الفصل التدريبي الرابع ,8,14,نشاط-001,أنشطة مهنية,2,0
المعاهد الصناعية الثانوية,دبلوم الثانوي الصناعي,التقنية الميكانيكية,مركبات النقل وميكانيكا سيارات,برامج مفعله,51,103,الفصل التدريبي السادس ,7,13,مركن-021,مجموعة الإدارة النهائية,0,4
المعاهد الصناعية الثانوية,دبلوم الثانوي الصناعي,التقنية الميكانيكية,مركبات النقل وميكانيكا سيارات,برامج مفعله,51,103,الفصل التدريبي السادس ,7,13,مركن-022,أنظمة الهيدروليك والنيوماتيك,0,4
المعاهد الصناعية الثانوية,دبلوم الثانوي الصناعي,التقنية الميكانيكية,مركبات النقل وميكانيكا سيارات,برامج مفعله,51,103,الفصل التدريبي السادس ,7,13,مركن-023,الصيانة والفحص في مركبات النقل,0,4
المعاهد الصناعية الثانوية,دبلوم الثانوي الصناعي,التقنية الميكانيكية,مركبات النقل وميكانيكا سيارات,برامج مفعله,51,103,الفصل التدريبي السادس ,7,13,مركن-024,تشخيص الاعطال,0,4
المعاهد الصناعية الثانوية,دبلوم الثانوي الصناعي,التقنية الميكانيكية,مركبات النقل وميكانيكا سيارات,برامج مفعله,51,103,الفصل التدريبي السادس ,7,13,مركن-098,تدريب إنتاجي,0,6
المعاهد الصناعية الثانوية,دبلوم الثانوي الصناعي,التقنية الميكانيكية,مركبات النقل وميكانيكا سيارات,برامج مفعله,51,103,الفصل التدريبي السادس ,7,13,ميكا-037,أنظمة حقن وقود الديزل,0,4
المعاهد الصناعية الثانوية,دبلوم الثانوي الصناعي,التقنية الميكانيكية,مركبات النقل وميكانيكا سيارات,برامج مفعله,51,103,الفصل التدريبي السادس ,7,13,نشاط-003,أنشطة مهنية - 3,4,0
